restaurant,reviewer,review,rating,metadata,time,year,length,word_count,suspicious_len,suspicious_dup,possible_ai,restaurant_name,rating_value,category,keywords
Al Saba Restaurant,Rajpusapati.testing,food is good food delivery is too late by the the restaurant person no fault by zomato agent,3,"2 Reviews , 1 Follower",2018-06-02 13:15:00,2018,92,18,False,False,False,Al Saba Restaurant,3,General,"['late', 'person', 'delivery']"
Paradise,Nitesh,awesome biryani and kebabs apollo fish is the best one here clean and hygienic food courteous staff and prompt service response keep up the good work,5,0 Reviews,2019-05-22 22:55:00,2019,149,26,False,False,False,Paradise,5,Indian,"['response', 'kebabs', 'clean']"
Delhi-39,Shreyas Morey,as usual food is awesome,4,"5 Reviews , 58 Followers",2018-04-16 21:24:00,2018,24,5,False,False,False,Delhi-39,4,General,"['usual', 'awesome', 'food']"
PourHouse7,Sanober Khanam,so this place is located near ikea above the maruti showroom gachibowli been to pour house 7 two days ago was really good its an excellent place for party lovers foodies i had the best time the ambience where it has both indoor and roof top seating and loved the rooftop seating started off with its delicious mocktails like mojitopina coladasunrise my personal favorite was definitely pina colada and how can i not mention their mouth water biryani and kung pao chicken the kung pao chicken its so flavor full at first youll taste the garlic then a hit of sweetness because of its honey i definitely recommend it to people ive watched one of the best sunsets of my life from their rooftop im a sucker for good food good view loved every bit of that place its a must visit when youre in hyderabad ambience55 food drinks 55 service and staff55,5,"10 Reviews , 13 Followers",2019-04-11 12:58:00,2019,842,153,False,False,False,PourHouse7,5,Indian,"['kung', 'pao', 'rooftop']"
Shah Ghouse Spl Shawarma,Mohammad Waseem,must try placed order from zomato for special rumali shawarma which is for rs120 which is totally worth trust me it is so delicious one must try at any cost request for less spicy usually they make very spicy,5,"37 Reviews , 1092 Followers",2018-09-11 03:34:00,2018,208,39,False,False,False,Shah Ghouse Spl Shawarma,5,General,"['spicy', 'rumali', 'try']"
The Foodie Monster Kitchen,Harshu Manne,loved the shawarmas and chocochip pancakes yummiest everpaneer rice bowl is scrumptious and stomach fillingwill definitely comeback for pancakes and shawarmas,5,"1 Review , 1 Follower",2018-08-22 16:29:00,2018,158,21,False,False,False,The Foodie Monster Kitchen,5,Dessert,"['pancakes', 'stomach', 'bowl']"
Over The Moon Brew Company,Saravan Venketaraman,great ambience the food tasted good as well removing one star because of lack of vegetarian options if they add more options before my next visit ill gladly revisit my rating,4,"3 Reviews , 90 Followers",2019-05-12 15:03:00,2019,174,31,False,False,False,Over The Moon Brew Company,4,General,"['options', 'ill', 'add']"
The Glass Onion,Amrit Acharya,i must say ambience is quite exotic and fancy food was well prepared have ordered different cuisines out of which dan dan noodles outshined and in drinks the star was afternoon fizz for us ambience 45 food 375 service 45 location 45,4,"9 Reviews , 8 Followers",2019-04-28 23:27:00,2019,232,42,False,False,False,The Glass Onion,4,Chinese,"['45', 'cuisines', 'afternoon']"
Aromas@11SIX,Soumendra Kumar Dash,the prices are hiked and then discount is offered basically the discount provided by the restaurant is kind of a fraud and they try to fool people,1,2 Reviews,2019-02-10 10:44:00,2019,146,27,False,False,False,Aromas@11SIX,1,General,"['discount', 'offered', 'provided']"
Aromas@11SIX,Finny Chellakumar,have visited this place few times last year this is a decent dinein joint the food you get here is a normal indochinese food which any chinese restaurant would serve if you want vfm go there and dinein have always felt that the quantity of takeaways are less than dinein the picture is a quantity you get for 320 bucks dish,3,"47 Reviews , 67 Followers",2019-03-24 22:03:00,2019,323,61,False,False,False,Aromas@11SIX,3,Chinese,"['quantity', 'year', 'bucks']"
Chinese Pavilion,George B.,we love chinese food and we headed for chinese pavilion to have dinner on a wednesday evening we reached there by 730 and we were the first customers by 830 onwards people started to fill the restaurant its not difficult to find the place since is on the main road ambiance is nice the typical chinese music that goes on is kind of relaxing decors have chinese items so its not bad service was spot on we were attended very it didnt take much time for the food to come out from the kitchen for food we had satay chicken sticks and spicy black bean lamb for starters teppan soba noodles sizzler for main course and cheesecake for desserts the satay chicken was so tender that immediately fell from the skewers and melted in the mouth really good the lamb was good but not wow the noodles tasted awesome it came sizzling buttery and full of flavour usually in india is hard to find a decent cheesecake but for our surprise this one was really good so really a good culinary experience the prices are a bit on the higher side but deserves a try definitely recommend food 55 ambiance 45 service 55 value 35,4,"173 Reviews , 345 Followers",2019-04-18 01:35:00,2019,1102,205,False,False,False,Chinese Pavilion,4,Chinese,"['chinese', 'cheesecake', 'lamb']"
AB's - Absolute Barbecues,Shruthi Reddy,excellent food and excellent service by mr krishna and ijujal i am full happy either the food and service thank you gays and thank abs i am coming again and again thank,5,"1 Review , 15 Followers",2019-05-25 14:23:00,2019,168,32,False,False,False,AB's - Absolute Barbecues,5,Steakhouse,"['thank', 'excellent', 'mr']"
The Indi Grill,Nina Dhar,had a great time at indi grillfood was very delicious and specially chili paneer awesome must try service was very good and subondo was great,5,"1 Review , 1 Follower",2019-05-25 14:20:00,2019,141,25,False,False,False,The Indi Grill,5,Steakhouse,"['great', 'specially', 'paneer']"
Barbeque Nation,Chanda,always good for non veg starters are too good than veg still overall its good always biryani will be same kasmiri flavoured hope next time i may get new flavoured biryani rest all staff and service were good,4,"106 Reviews , 763 Followers",2018-06-23 21:32:00,2018,207,38,False,False,False,Barbeque Nation,4,Indian,"['flavoured', 'good', 'veg']"
Marsala Food Company,Simanto Bagchi,customers wont really care about your ambience or service if your food quality is below par i ordered chicken dum biryani from here relying on their ratings but the very first experience itself was really bad the chicken tasted horrible and was stale i had to throw away the biryani you guys should check the food before delivering it to the customers as delivery of this kind of food does not only affect the ratings but also can cause serious health issues i value food which is worth the money spent and i feel betrayed here i contacted zomato regarding the issue and they just assured me that this wont happen again and conveyed that they have shared feedback with the restaurant they should have issued a proper refund here i did not expect this kind of service and i really dont look forward to trying anything from this place in future,1,"158 Reviews , 229 Followers",2019-03-16 15:15:00,2019,842,152,False,False,False,Marsala Food Company,1,Indian,"['ratings', 'wont', 'customers']"
Cream Stone,Samrat Samanta,twisted mango mango famous within summer season this summer you had mango or not guys you should taste this mango flavor i am sure mango lover will like this,4,"1 Review , 46 Followers",2019-05-01 23:08:00,2019,157,29,False,False,False,Cream Stone,4,General,"['mango', 'flavor', 'famous']"
The Indi Grill,Peddi Phanindra,starters were good main course was plain overall it is good subenu and sakil helped us throughout by constantly asking the feedback and how the taste can be improved,4,"2 Reviews , 28 Followers",2019-05-05 15:05:00,2019,165,29,False,False,False,The Indi Grill,4,Steakhouse,"['plain', 'helped', 'feedback']"
10 Downing Street,Dinesh Naidu,an uber cool place with an ambience which reminds you of any pub in london well isnt the name making it obvious been here couple of times place outside on terrace gets filled up faster than insidethey now have water sprays outside to keep you cool in summers this is a brewery but again not all beers in the menu are available most of the time although the home beer is good must try food is okay can be better overall 45 ambience 55 food 35 service 355,4,"20 Reviews , 10 Followers",2019-05-03 08:46:00,2019,453,88,False,False,False,10 Downing Street,4,Bar,"['outside', 'cool', 'terrace']"
Pakwaan Grand,Towheed Moneeb,food was good and the service was too slow we wait for 25 minutes but no one come on out table for the order oftet when we talk with manager he was also with full of attitude over all rating 2,2,"11 Reviews , 14 Followers",2019-04-23 21:25:00,2019,192,41,False,False,False,Pakwaan Grand,2,General,"['attitude', 'talk', 'minutes']"
Sardarji's Chaats & More,The Foodie Bookworm,i love the gol gappe here at hyderabad the gol gappe are different they add dal in it where as i am used to masala aloo filling and they provide it best in gachibowli,4,"108 Reviews , 242 Followers",2019-04-01 00:55:00,2019,166,34,False,False,False,Sardarji's Chaats & More,4,General,"['filling', 'aloo', 'provide']"
13 Dhaba,Sudeep Joshi,amazing taste ordered chole paneer dish and almost all the naans quantity is also good compared to the price lassi and milk thandai were not so good but the most important thing why i wouldnt rate it high is its self service policy the place is too small and even water isnt served not even tissue papers,3,"2 Reviews , 3 Followers",2018-08-26 20:45:00,2018,304,57,False,False,False,13 Dhaba,3,General,"['milk', 'chole', 'lassi']"
Domino's Pizza,Krishna Rao,its always good to have pizza,5,"2 Reviews , 4 Followers",2018-07-23 21:41:00,2018,29,6,False,False,False,Domino's Pizza,5,Italian,"['pizza', 'good', 'given']"
Hyderabad Chefs,Nalam Karthik,this place surprised me with its taste and quantity whenever i ordered from itgreat goingwould love to place more orders from hyderabad chefs,5,"4 Reviews , 1 Follower",2018-08-21 06:13:00,2018,141,23,False,False,False,Hyderabad Chefs,5,General,"['surprised', 'orders', 'hyderabad']"
Labonel,Anvesh Chowdary,this place stays in the best 5 bakeries in the city for chocolate cake for surehad ordered and picked up a 3 layer chocolate cake irrespective of pricing its tasting made everyone stun shock its truly a classic chocolate cake the only con is pricing but worth the money for the taste dont miss the chocolate cake,4,"1031 Reviews , 1654 Followers",2016-10-27 00:42:00,2016,312,57,False,False,False,Labonel,4,Dessert,"['cake', 'chocolate', 'pricing']"
Collage - Hyatt Hyderabad Gachibowli,Kunal Sanghvi,positive 1 great place for a team outing you get your space 2 nice facilities 3 buffet had a wide variety from north indian to asain to street food negatives 1 not much choice for vegetarians 2 too costly for its quality,3,"8 Reviews , 2 Followers",2017-07-16 23:46:00,2017,220,42,False,False,False,Collage - Hyatt Hyderabad Gachibowli,3,Indian,"['vegetarians', 'costly', 'street']"
Shanghai Chef 2,Rahul,i am frequent here like their noodles varieties almost tried every non veg noodles and rice items i like it if not love it i dont mind ambience here coz i love chinese but ambience is okay service is good price is affordable prawns dishes are very pleasing either with rice or noodles,4,"6 Reviews , 4 Followers",2018-08-21 07:41:00,2018,284,53,False,False,False,Shanghai Chef 2,4,Chinese,"['noodles', 'love', 'rice']"
13 Dhaba,Prachita Jayaswal,decent food with good quality dal makhani aaloo gobhi are good amongst the bread stuffed kulcha and lachcha paratha are nice its a pocket friendly place and the quantity served is good enough,4,"104 Reviews , 531 Followers",2018-09-07 15:31:00,2018,191,33,False,False,False,13 Dhaba,4,General,"['kulcha', 'stuffed', 'makhani']"
Karachi Cafe,Hrishikesh Mohile,back with review as i promised the kheema pav is amazing and a must try nice retro ambiance very well done the interiors has been very carefully done love the paint on walls and the props used didnt get much time to spend but would definitely love to spend more time at this place the crew is friendly too will write about food after my next visit,5,"22 Reviews , 62 Followers",2018-10-13 12:06:00,2018,347,67,False,False,False,Karachi Cafe,5,Cafe,"['spend', 'love', 'pav']"
KFC,Yoga,i have ordered from here using the zomato app the ordering was simple they responded very fast and i had the food delivered within 30 minutes of the order this was a happy experience the burgers were very good and the chicken legs still warm and succulent the rice with small chicken nuggets was also excellent though the quantity seems to be a little less,4,"62 Reviews , 1193 Followers",2019-04-07 16:18:00,2019,356,65,False,False,False,KFC,4,General,"['app', '30', 'warm']"
Khaan Saab,Neelam,food was superb and service by santosh was also awesome we could feel the royal taste of most of the dishes especially the biriyani and malia prawn,5,"1 Review , 1 Follower",2019-02-14 21:38:00,2019,147,27,False,False,False,Khaan Saab,5,General,"['royal', 'prawn', 'superb']"
Tandoori Food Works,Sai Harika,at first accepted the order but after waiting for 45mins they have declined the order least bothered to respond to the calls switched off the mobile i dont understand why do these restaurants provide their mobile number if they dont have intention to respond to customers in case of cancelling the order why should the restaurant accept the order first and y should they regret to decline the order that too after 45 mins,1,"1 Review , 11 Followers",2018-08-10 23:23:00,2018,421,74,False,False,False,Tandoori Food Works,1,Indian,"['order', 'dont', 'case']"
Flechazo,Shaayar Shaik,place was good for starters and mocktails shabir was handy in service pasta was to the top notch prawns were good deserts are love must try their mini gulab jamun,5,"1 Review , 84 Followers",2019-05-08 21:34:00,2019,162,30,False,False,False,Flechazo,5,Italian,"['jamun', 'gulab', 'deserts']"
eat.fit,Riki Das,hey guys i ordered chicken biryani from eat fit and i must say this wasnt a good experience at allthe only plus point can be given for good packaging but packaging doesnt count as we pay for good food the biryani didnt even taste like a biryani it was more like fried rice with chicken dumped had a very bad experience,1,5 Reviews,2019-04-21 12:31:00,2019,318,61,False,False,False,eat.fit,1,Indian,"['biryani', 'packaging', 'experience']"
KFC,Riz & Shanky,dont know what is going wrong with kfc as a brand they are doing it wrong in every aspect no proper management of customers on the counters the food they are serving is not upto the mark as it used to be i was a fan of kfc but slowly i am loosing interest in going i had a very bad experience the coke they served was very sweet without any soda in it i though i was having a sweet water the chicken was not served hot the quality of the rice they are providing is going down day by day management please look into this or else you will be loosing a lot of patrons its high time to think,1,"74 Reviews , 97 Followers",2019-03-27 09:21:00,2019,587,122,False,False,False,KFC,1,General,"['going', 'kfc', 'wrong']"
NorFest - The Dhaba,Ashima Saxena,i ordered lucknowi veg galouti kebab and paratha through zomato but the quality of the kebab needs some serious improvement and were very oily too,1,"17 Reviews , 3 Followers",2019-03-14 20:50:00,2019,146,25,False,False,False,NorFest - The Dhaba,1,General,"['kebab', 'improvement', 'oily']"
La La Land - Bar & Kitchen,Payel Biswas,this place is a play of light and shadow beautifully organized and carefully decorated with cushions and low height sitting areas we had lunch buffet and it was really nice welcome 1 goodlooking and thirstreleiving welcome drink with veg or nonveg soup starters 3 veg dishes veg tikki babycorn and hariyali paneer tikka 3 nonveg dishes fish plates chicken wings and chicken kebabs main course it had wide spread of 56 types of salads 2 types of papad veg biriyani bisimille bhaat bhindi fry mix veg paneer butter masala veg manchurian veg noodles curd rice chicken fried rice chicken biriyani mutton handi chicken shakahari and fish gravy desserts it had gulab jamun rasmalai firni 45 types of sweets 3 types of pastries ice cream and whole lot of fruits the experience was really nice and each and every dish came with awesome deliciousness,4,"42 Reviews , 68 Followers",2018-12-01 11:27:00,2018,841,143,False,False,False,La La Land - Bar & Kitchen,4,Chinese,"['types', 'veg', 'chicken']"
Kritunga Restaurant,Abhilash Reddy,ive been to other kritungas many times since 6 years and never was disappointed ragi sankati one of the benchmark dishes served by kritunga was bad and im hesitating to use the word worst pulavs werent good either keema pulao was below average and veg pulao wasnt properly cooked after receiving the order and started eating waiter says they ran out of soft drinks which we ordered if kritunga really consider reading these reviews i would like to quote a statement kritunga youre just selling your brand but not good food anymore,1,1 Review,2019-03-03 00:15:00,2019,530,92,False,False,False,Kritunga Restaurant,1,General,"['pulao', 'werent', 'keema']"
KS Bakers,Jaythebestofme J,our desi answer to the american mcdonalds and kfc value for money proposition and its got the desi zing to it be it there chicken burger or tandoori chicken leg everything is worth a try,4,"17 Reviews , 11 Followers",2017-07-06 07:26:00,2017,186,35,False,False,False,KS Bakers,4,Indian,"['kfc', 'american', 'chicken']"
eat.fit,Charushila Biswas,everybody is talking about eat fit these days i was curious to know whats causing so much buzz so i ordered chefs special veg thaliit contained 3 wheat flour rotis paneer ki sabzi daal makhni salad pickle and a healthy dessert i really liked the way the daal makhni tasted it was tough to believe that it did not contain butter paneer ki sabzi also tasted good the paneer was soft and the curry was flavorful 3 rotis were good enough to satiate my hunger but i would have loved it more if the salad was freshly cut the cucumber and tomato slices looked limp and had lost all its crunch also i think they can do without the 2 small sticks of carrot overall if you are trying to lose weight or get back in shape eat fit is a great choice you get calorie count proteincarbfat count you can keep a track on your calories and macros and design your workout daysrest days accordingly its great to see that people are so health conscious now eat fit has definitely stirred up a health revolution hope they keep inspiring us,4,"42 Reviews , 1384 Followers",2019-03-11 22:08:00,2019,1016,191,False,False,False,eat.fit,4,Indian,"['daal', 'ki', 'eat']"
Aromas@11SIX,Deepank Joshi,i did not like this place at all this restaurant do not match zomato gold standards first thing the price and ambience do not match at all this place looks like a shady dhaba from highway but prices for food compares to ohris restaurants even if we ignore prices taste and services are worst that i have encountered in any zomato gold restaurant this place do not deserve 4 rating totally disappointed deepank,1,"5 Reviews , 2 Followers",2019-04-17 12:59:00,2019,409,73,False,False,False,Aromas@11SIX,1,General,"['match', 'gold', 'prices']"
The Old Madras Baking Company,Navrati Kapoor,one of the nicer places in hyderabad whether it is for an evening cup of coffee or breakfast quality taste of beverages food is good best part is their bakes breads bagels other products a bit on the expensive side as compared to other similar coffee places should do something about the indoor seating arrangement,4,"4 Reviews , 12 Followers",2018-09-26 12:53:00,2018,314,55,False,False,False,The Old Madras Baking Company,4,Cafe,"['coffee', 'places', 'cup']"
AB's - Absolute Barbecues,Sreenivasa Reddy,nice food and nice service ambiance is also great we wonder how you people manage all good food with good service great job keep it up i liked all kind of non veg and veg crispy corns that is my favouritespecial thanks to ali and mantu thanks for your good service for us,5,"1 Review , 3 Followers",2019-05-19 15:58:00,2019,271,53,False,False,False,AB's - Absolute Barbecues,5,Steakhouse,"['thanks', 'veg', 'service']"
Shah Ghouse Hotel & Restaurant,Netti Netti,when you will order you will get other item surprising restaurantwheather you order chiken you will always get veg cheap cost item better to dont order food my suggestion because i ordered more then twice got less cost cheap unordered item save money,1,1 Review,2019-05-07 23:39:00,2019,250,43,False,False,False,Shah Ghouse Hotel & Restaurant,1,General,"['item', 'cheap', 'cost']"
Aromas@11SIX,Roshni Aftab,nice little place hard to locate though this is near to lanco hills in manikonda the food here is really good and the staff is very attentive the ambience is not so great but good for small family dining experience this place had gold and we had ordered one starter one biryani and one kulcha all tasted good and the bill was around 450 bucks can try it if you want someplace light on budget,4,"48 Reviews , 135 Followers",2018-09-21 21:16:00,2018,391,75,False,False,False,Aromas@11SIX,4,Indian,"['bucks', 'hills', 'attentive']"
Pista House,Prasun Paul,this place was recommended by people for some good haleem and thats the reason we paid this place a visit we ordered two dishes of haleem and two full plates and one regular plate of chicken biryani the haleem was very well prepared and had the aroma and taste it was delicious the servings of biryani was overwhelming and very filling the regular serving was more than one normal person could eat but the taste was average and nothing new the chicken was cooked well the ambience was good but a little too full theres no default seating for groups of more than four people and as we were a group of five we had to rearrange a few chairs the service was prompt but understandably very busy,4,"73 Reviews , 184 Followers",2019-05-22 23:31:00,2019,689,128,False,False,False,Pista House,4,Indian,"['haleem', 'regular', 'people']"
GD's,Purnima Singh,amazing burgers they haveyou eat it once and you feel like having it more and morei and my friends are delighted the barbeque grilled chicken burger is a must try,5,"4 Reviews , 32 Followers",2018-11-17 14:45:00,2018,162,30,False,False,False,GD's,5,Steakhouse,"['barbeque', 'burgers', 'grilled']"
The Old Madras Baking Company,Rohit Reddy,i was here at this place for lunch with my colleague this place is quite popular among people working at deloitte meenakshi gachibowli though it is small place we had a chicken makhani pizza the pizza was very good and it was made with thin crest the ambience was also good the bakery products in display also seemed to be fresh and delicious though couldnt taste them pricing wise it is a bit on the higher side i felt overall it was a good experience here at this place and i would rate this as food 45 ambience 455 service 45,4,"99 Reviews , 2972 Followers",2018-09-30 19:30:00,2018,528,101,False,False,False,The Old Madras Baking Company,4,Italian,"['45', 'pizza', 'place']"
Absolute Sizzlers,Ankit Anand,one of the best places for sizzlers in hyderabad a must visit if you are planning for a sizzling lunch or dinner they serve a variety of sizzlers here worth trying,4,"26 Reviews , 34 Followers",2019-03-09 23:43:00,2019,163,31,False,False,False,Absolute Sizzlers,4,General,"['sizzlers', 'trying', 'places']"
PourHouse7,Sneha Panda,pour house 7 is very easy to locate as it is around half a kilometre away from ikea it is on the fourth floor if the building ambience it gives you best of both worlds it has rooftop seatings and an air conditioned seating the ambience is very sassy it is surely a party place food mocktails i tried flavoured mojito virgin mojito ph7 special mojito pina colada and sweet sunrise all the mocktails were flavourful beautiful and refreshing my personal favourite was sweet sunrise starters and salad i tried kung pao chicken crispy corn stir fried vegetables veg spring salad and spicy black pin kung pao chicken the chicken was well cooked and most importantly it wasnt bland the spices were just right for a person like me who prefers spicy food the dish also included honey so it tasted slightly sweet which took the dish on another level definitely a must try spicy black pin it was kinda similar to kung pao chicken but was grilled and wasnt sweet it tasted nice crispy corn it was sweet and crispy presentation was on point stir fried vegetables the vegetables were cooked properly and the spices were complimenting the vegetables veg spring salad it was very tasty and healthy the coating of the salad was bringing the best taste of the veggies main course i tried chicken alfredo pasta sicilian pizza paneer tikka masala naan butter chicken and 7h biryani chicken alfredo pasta it was creamy and absolutely delicious the chicken was very well cooked loved it sicilian pizza it was loaded with veggies and the amount of cheese was okay im not a too much cheese person so it tasted good also you can ask the staff to put more cheese paneer tikka masala it was spicy and flavourful the paneer was soft and tender very well made butter chicken the chicken was tender and juicy the gravy was very rich loved it naan perfectly made 7h biryani it had lip smacking flavours the presentation was on a whole new level it was enclosed in omelette the chicken was flavourful and the basmati rice and tender and tasty highly recommended all in all 55 pour house 7 is definitely my go to place now,5,"38 Reviews , 94 Followers",2019-04-11 14:51:00,2019,2089,375,False,False,False,PourHouse7,5,Italian,"['chicken', 'vegetables', 'sweet']"
Deli 9 Bistro,Tejeswini Naidu,small but a lively place very good service i love the nachos here which are served with cream of mayo etc the main course dishes combinations are good and evethng here to worth trying,5,"22 Reviews , 42 Followers",2018-11-22 22:44:00,2018,183,34,False,False,False,Deli 9 Bistro,5,General,"['mayo', 'nachos', 'trying']"
Paradise,Bhagyasri Jaday,the taste of the food is good the varieties as well are many they can work on the ambience of the restaurant service was pretty fast overall if you are a fan of biryani you can visit it as many times as you can,5,"1 Review , 2 Followers",2019-05-15 17:51:00,2019,210,44,False,False,False,Paradise,5,Indian,"['fan', 'fast', 'varieties']"
Faasos,HappyHunger,since it was the festive season and i wanted to try navratri specials at faasos tried their singhada ke aloo parantha paneer makhanwala sabudhana ki kheer green tomato curry and curd it was not as expected did not taste quite well the parantha was a bit soggy and the curry was not up to the mark the kheer was not sweet enough not a big fan of their navratri box i was disappointed with the food though the food came in nice packaging very neatly packed but taste was not so neat need to improve a lot,3,"105 Reviews , 1161 Followers",2018-10-29 23:01:00,2018,502,97,False,False,False,Faasos,3,Indian,"['kheer', 'curry', 'ki']"
Faasos,Shyam Tiwari,mohsin was really helpful in handling the situation delivered food on time as promised i really wanted to thank you guys for rectifying my error resolved my issue in a professional way,5,6 Reviews,2019-05-10 12:16:00,2019,184,32,False,False,False,Faasos,5,General,"['professional', 'issue', 'really']"
Hotel Zara Hi-Fi,Sharukh,i didnt get any gravey item sherva how can we eat without gravey dont you have sense to send without sherva along without biryani,1,"3 Reviews , 1 Follower",2019-05-22 23:57:00,2019,129,24,False,False,False,Hotel Zara Hi-Fi,1,Indian,"['item', 'eat', 'didnt']"
La La Land - Bar & Kitchen,Chirag Gupta ?,the ambience is top notch the buffet is really good the deserts will melt you away a great place to go to if you are an explorer of good food the staff is friendly theres a projection screen too zomato gold is applicable here on drinks,5,"111 Reviews , 1013 Followers",2018-12-26 08:49:00,2018,235,46,False,False,False,La La Land - Bar & Kitchen,5,Bar,"['melt', 'theres', 'deserts']"
Dunkin' Donuts,Kbnsindhura,i have eaten at this place a couple of times before and the donuts were decent but today we picked a few donuts to take home and when we tasted them they felt so stale and tasteless as if they have been made at least 3 days ago this was definitely not expected from them,1,"4 Reviews , 3 Followers",2019-04-20 22:47:00,2019,270,55,False,False,False,Dunkin' Donuts,1,General,"['donuts', 'eaten', 'tasteless']"
Yum Yum Tree - The Arabian Food Court,Solmon Chris,food is delicious chicken bbq mandi mutton fry mandi and chicken burger are awesome good ambiance and service owner and staff are courteous,4,"2 Reviews , 4 Followers",2018-09-20 18:53:00,2018,139,23,False,False,False,Yum Yum Tree - The Arabian Food Court,4,General,"['mandi', 'owner', 'fry']"
Eat India Company,Ravindra Babu Gompa,enjoyed the lunch buffet had multiple varieties of starters tasted like awesome there are many variables in main course as well desserts are less in number but should be fine the final ice cream mix was just sumptuous,5,"2 Reviews , 11 Followers",2018-08-10 15:34:00,2018,217,38,False,False,False,Eat India Company,5,Dessert,"['mix', 'number', 'multiple']"
Hotel Zara Hi-Fi,Debdut Modak,really disappointed with the food qualitythe food makes me sickordered chilly chicken and schezewan chicken fried ricethe quality of the chicken is really badif they want to negotiate with the quality of the food then they can increase the price of the food please take care of the quality,1,"13 Reviews , 1 Follower",2018-12-10 21:33:00,2018,289,49,False,False,False,Hotel Zara Hi-Fi,1,General,"['quality', 'chicken', 'food']"
B-Dubs,K.shiva Patel,my all time favorite chicken wings thai curry and ultimate nachosservice is the best part they havesunny bro gave us a gud time been to jubille hills branch beforethis is the first visit to gachibowli branchservers are pretty friendly which everyone hopes,5,"1 Review , 1 Follower",2019-05-01 22:38:00,2019,255,42,False,False,False,B-Dubs,5,Indian,"['hills', 'branch', 'time']"
Karachi Cafe,Karthik Vempa,another place where i wanted to visit from long this is vintage brings back your childhood days only if you are a 90s or earlier born excellent place ambience and tasty food their rolls are yummy and keem pav is a must try dish,5,"62 Reviews , 94 Followers",2018-10-16 12:43:00,2018,227,44,False,False,False,Karachi Cafe,5,Cafe,"['pav', 'rolls', 'earlier']"
B-Dubs,Sahilfore9,nice place great service thanks praveen for the great service also many options to play games with 40 screens to watch the match great fun,5,1 Review,2019-05-04 00:18:00,2019,138,25,False,False,False,B-Dubs,5,General,"['great', 'play', '40']"
AB's - Absolute Barbecues,Veerendra Pichika,excellent service by bahamas and reheat quality of service is also excellent hospitality is marvelous and also the ambience deserts and choose your bird sections are great,5,"1 Review , 8 Followers",2019-05-17 16:01:00,2019,171,27,False,False,False,AB's - Absolute Barbecues,5,Steakhouse,"['excellent', 'deserts', 'choose']"
KS Bakers,Naveen Reddy,i have taken a pineapple marble cake here its really good in taste and design i recommended to everyone worth buying here good prices also,5,1 Review,2017-12-27 15:11:00,2017,138,25,False,False,False,KS Bakers,5,Dessert,"['taken', 'prices', 'recommended']"
Prism Club & Kitchen,Rmandava70,wow it is amazing the place is huge and ambiance is too good i guess one of the best party places in this part of hyderabad altaf is at his best he took us around and showed us a nice outdoor place karthik attended the table he is an amazing guy his service is impeccable he suggested mongolian chicken which is very fresh and tasty usually food at clubs doesnt really match the restaurant quality but this is too good will visit again sometime soon,5,"92 Reviews , 727 Followers",2019-02-13 19:38:00,2019,449,85,False,False,False,Prism Club & Kitchen,5,General,"['amazing', 'suggested', 'match']"
Amul,Ujj,i have ordered almost all the chocolate concept ice creams from the menu and needless to say i was never disappointedi have also tried fresh fruit concepts nutty concepts and the scoop ice creams toomy personal favourite from the list is death by chocolate and nuts overloaded sundae should definitely try thisthe home delivery experience and packaging is awesome,5,"35 Reviews , 9 Followers",2018-07-21 22:50:00,2018,363,59,False,False,False,Amul,5,Dessert,"['creams', 'chocolate', 'ice']"
Zega - Sheraton Hyderabad Hotel,Neelima Zakkula,nice place its in 10th floor love it have very less options for indian cuisine had tasty dimsums and chicken chilli as starters wish there was some live music on weekdays,4,5 Reviews,2018-04-26 20:17:00,2018,170,31,False,False,False,Zega - Sheraton Hyderabad Hotel,4,Indian,"['wish', 'cuisine', 'chilli']"
The Fisherman's Wharf,Riyaz Ahmed,this place is good for your friend and famlilythey have good variety of appetiser their service is very freindly i have visit twise in this hotel and also seafood verity is superb the dj was also great my over all experience was very nice thakk you,4,"17 Reviews , 1 Follower",2019-03-31 23:26:00,2019,248,46,False,False,False,The Fisherman's Wharf,4,Seafood,"['hotel', 'superb', 'friend']"
Shanghai Chef 2,Ankit Jain,nothing could be better than having restaurant owner recieving you at entrance and assuring you of best service the restuarant is located on first floor having sufficiently spacious area with decent interiors appropriately giving a glimpse of typical chinese restaurant not to mention the love of colour red and yellow which found prominence here too i hereby got convinced to rate ambience and decor 45 the crew was humble and the owner seemed delighted to have us after exchanging a few words he suggested us the best and quick food we could grab owner and staff courtesy 55 we first ordered talumein soup355moderately spicy and filled with veggies which is certainly a healthy start we ordered mee gorang noodles 355 comprised of lots of green and red chillies a perfect form of noodles to relish recommended to those who are tired of shewzwan noodles noodles accompanied with 8 hot pot garlic gravy35 which went with noodles so well except the excessive quantity of french beans that hindered the potential of dish,3,"138 Reviews , 821 Followers",2018-08-04 16:01:00,2018,1018,171,False,False,False,Shanghai Chef 2,3,Chinese,"['noodles', 'owner', 'red']"
Beyond Flavours,Jaya Phaneendra,soumen das waited our table thanks buddy for a great service will visit soon soumen das waited our table thanks buddy for a great service will visit soonsoumen das waited our table thanks buddy for a great service will visit soon soumen das waited our table thanks buddy for a great service will visit soon,5,"2 Reviews , 1 Follower",2019-05-17 22:17:00,2019,306,55,False,False,False,Beyond Flavours,5,General,"['waited', 'thanks', 'table']"
Arena Eleven,Vasanthi Singampalli,arena eleven nestled in sln terminus gachibowli is a sportsthemed bar and restaurant with live screenings all around with two large screens and three televisions no matter where your table is you will be able to catch all the sporting action during the day the clarity of the large screens is lower because of the bright light from the glass panes the best part of the outdoor seating section is that it is located just beside the botanical garden with a sumptuous view of the green cover perfect to enjoy the cool breeze watch a match and hang out with friends the bar menu offers an extensive range of classic cocktails with a good variety of imported spirits and liqueur they serve a widespread buffet with an array of mains the starters will be served to the table in the starters we tried the sizzling tikka platter which consists of chicken tandoori lemon pepper chicken tangdi chicken paneer tikka veg seekh kabab and fish tikka tangdi chicken made a perfect starter soft and succulent chicken legs coated with a host of spices and grilled to perfection fish tikka was melting in the mouth with good flavors in veg dont miss out in paneer tikka it was so soft and properly cooked with the right amount of spices infused veg seekh kebab was good when we had it for the first time but when ordered for the next time it was very dry apart from the tikka platter we tried chicken 65 honey chili wings salt and pepper prawns chili fish and masala fries i loved all of them in the main course from the buffet they have two nonveg curries and two veg curries and assorted bread curries tasted delightful with rich gravy and spices on point ordered and tried their thai veg curry which disappointed me as it was too sweet chicken tikka biryani is a hit it was as tasty as it looks it was very different from the regular hyderabadi biryani yet very delicious tried the butter chicken masala pizza though the toppings were great the prebaked base which they used dropped the taste from desserts they have gajar halwa and rice kheer tasted okish not so great drinks need some improvements as some are very sweet if improved on the glitches in the food and drinks its a great place to eat drink socialize and watch your favourite sports live,4,"78 Reviews , 181 Followers",2019-04-24 13:15:00,2019,2236,404,False,False,False,Arena Eleven,4,Italian,"['tikka', 'chicken', 'curries']"
Karachi Bakery,Gourmet_stan(Soumya Sagarika Nayak),totally loved the cookies amazing cookies with affordable price tried osmaniakeshar pista fruits cookies and many varieties of candies loved them all,5,"163 Reviews , 1204 Followers",2019-03-28 10:33:00,2019,149,22,False,False,False,Karachi Bakery,5,Dessert,"['cookies', 'loved', 'pista']"
The Old Madras Baking Company,Ankita Thakur,limited menu but whatever is there is great usually crowded takes some time to get the food to you only for coffee 5 stars ambience goodinside and outdoor seating available,4,"8 Reviews , 8 Followers",2019-03-10 14:10:00,2019,172,30,False,False,False,The Old Madras Baking Company,4,Cafe,"['takes', 'stars', 'usually']"
Gal Punjab Di,Manojkumar D Nambisan,good food combinations and taste decent service however the location of the restaurant could have been better the quantity is relatively less for the price,4,"29 Reviews , 11 Followers",2019-02-16 12:41:00,2019,155,25,False,False,False,Gal Punjab Di,4,General,"['location', 'decent', 'price']"
The Lal Street - Bar Exchange,Rajsi Gaikwad,even though this place is huge we couldnt find a place to sit initially around 1030 we finally got a place to sit the food and the bar here is good and service was prompt once you get a table the dj played some nice bollywood songs overall its a nice place but id recommend to book a table before you go here if you are planning to visit on weekends,4,"50 Reviews , 69 Followers",2019-03-27 00:27:00,2019,349,71,False,False,False,The Lal Street - Bar Exchange,4,Bar,"['sit', 'table', 'place']"
Pot Pourri,Lovely Sharma,we went to pot pourri as usual like a very good restaurant ambiance is really good although i am not very big fan of south indian food but hatts off to your chef food is really good we shall come back again,4,"52 Reviews , 527 Followers",2019-02-17 11:06:00,2019,206,42,False,False,False,Pot Pourri,4,Indian,"['really', 'usual', 'south']"
13 Dhaba,Andy,i ordered butter rotis but got plain rotis and tasted vary dry,4,"1 Review , 1 Follower",2019-01-31 13:35:00,2019,62,12,False,False,False,13 Dhaba,4,General,"['rotis', 'plain', 'dry']"
La La Land - Bar & Kitchen,Dbs Gyale,be polite and friendly staff food is very good and dj dance floor is very nice me and my friends very happy so noce place the best pub in the hyderabad city wow thanks all staff,5,"7 Reviews , 29 Followers",2018-11-09 16:00:00,2018,177,36,False,False,False,La La Land - Bar & Kitchen,5,Bar,"['staff', 'wow', 'pub']"
Hyper Local,Panchlal Kumar,so quit place nice food butter chicken momos mutton shrek kabab pasta verry fast service verry fraindly staf thanks roshan coming agen and agen,5,"1 Review , 2 Followers",2019-03-19 17:38:00,2019,143,24,False,False,False,Hyper Local,5,Italian,"['kabab', 'momos', 'fast']"
American Wild Wings,Ammar KanchWala,visit by invite located in a buzy spot this joint has definitely some good food to offer we tried a host of items from the menu starting off with chicken nuggets which were the show stopper next up we had chicken wings which to be honest didnt excite us too much apart from the barbeque chicken wings fried chicken burger had a tender and juicy patty served along some good french fries chicken popcorn were a major disappointment and the raw material used didnt look fresh chicken drumsticks gave nice visual as well as taste appeal to keep the show running we had caesar salad on the side which definetly requires a revamp and the joint can play with salad dressings spices rather than having it served just with mayo in the end we had biryani which gets served under the brand of fireblast biryani this biryani has still a long way to go and in order to beat the best of biryanis in town need some more experiments with flavors while food here is decent the ambiance requires immideat attention the entrace was cluttered and the back of counter was clogged with unwanted items a bit of touch up in both food and ambiance can turn this into a 5 star rating experience thewandererfoodies thewandererfoodieswordpresscom,4,"41 Reviews , 752 Followers",2019-05-22 06:55:00,2019,1219,216,False,False,False,American Wild Wings,4,Indian,"['chicken', 'joint', 'served']"
Club Rogue,Raja Srivathsav,cheap place really bad service this place has a quiet weird rule if you show your office id card theyll not be charging a cover amount else youll have to pay a cover charge the bar attenders are so ill mannered i was almost about to slap one if you cant talk to a customer politely then maybe you should not work at a bar ive asked for a budweiser but he gave me a kingfisher and then insisted that i ordered kingfisher im okay with the argument part but he said drink it or get out which made me furious food was average and served medium hot i think i was served someone elses cancelled order item music was terrible there was some desi dj who was playing songs out of youtube and there was no quality mixing ambience 3 service 0 management 0 will i visit this place never will i recommend this place hell no,1,"43 Reviews , 93 Followers",2019-04-12 03:08:00,2019,810,158,False,False,False,Club Rogue,1,Seafood,"['bar', 'place', 'served']"
Hitech Bawarchi Food Zone,Dj Sooraj,delivery system is too bad fuc,1,"4 Reviews , 417 Followers",2018-08-16 14:35:00,2018,30,6,False,False,False,Hitech Bawarchi Food Zone,1,General,"['delivery', 'bad', 'given']"
Barbeque Nation,Smruti Ranjan Mishra,qutub yasin it was really an awesome experience with these guys he was really friendly and we had a very good conversation him i will come back hungry for more,5,"1 Review , 10 Followers",2018-07-15 23:34:00,2018,159,30,False,False,False,Barbeque Nation,5,Bar,"['really', 'hungry', 'guys']"
Marsala Food Company,Rakesh ( TripAnzo ),sharing my experience at marsala food company as soon as you enter just have a look at the the roof decor its just amazing and when you get in further to the seating area youll find the regular dinning tables and chairs and then youll also find couches and tables well as this place serves arabian food specifically for mandi ppl some ppl prefer seating on the couches and making themselves comfortable while enjoying their meal the decor is decent and the service was also good let me start with the food review now so i had arabian chicken soup which was so rich and creamy next i got my hands on their starters like chicken pahadi kkebab chicken banjara kebab kung pao mushroom paneer papdi kebab veg seekh kebab dragon chicken lahori chicken kebab all the kebabs were fine what i liked the most among the starters were kung pao mushroom dragon chicken and banjara kebab and i felt that the veg seekh kebab was a bit dry and had no flavours apart from that everything was really delicious getting into the main course now i tried mutton juicy mandi chicken tangdi mandi and grilled fish mandi i personally liked chicken tangdi mandi as the chicken was well marinated and spicy as i love spicy food treating myself with the milkshakes and desserts now in milkshakes i tried chocolate butterscotch and kitkat i liked the kitkat one it was so deliciously topped with a scoop of icecream and then kitkat as a cherry on the top and in desserts i had gajar ka halwa double ka meetha and kaddu ki kheer i liked kaddu ki kheer the most there was no major difference between gajar ka halwa and double ka meetha my overall experience was good the staff were friendly and cooperative all i would like to say is its a good place to hangout with your friends for a proper arabian meal,5,"58 Reviews , 564 Followers",2019-03-16 01:33:00,2019,1774,324,False,False,False,Marsala Food Company,5,Seafood,"['kebab', 'mandi', 'chicken']"
Barbeque Nation,Rajesh,good service very good receiving nature very well satisfied with his service and the food outstanding service by azad hussain with good responsibility towards customers,5,"1 Review , 1 Follower",2018-08-30 23:02:00,2018,168,25,False,False,False,Barbeque Nation,5,Bar,"['service', 'satisfied', 'good']"
Shanghai Chef 2,Pritha Majumder,the portions were quite good also the dumplings were pretty impressive though the wait time was a bit too long but overall we had a good time,4,"59 Reviews , 241 Followers",2018-12-17 01:37:00,2018,141,27,False,False,False,Shanghai Chef 2,4,General,"['portions', 'impressive', 'time']"
Komatose - Holiday Inn Express & Suites,Ranjana Chakraborty,the place is good jonathans kitchenrestaurant is attached with that you can have dinner over there bad thing services are very slow you will feel like you are in restaurant not in the bar the music is also not good according to the environment,3,"15 Reviews , 24 Followers",2018-08-16 18:55:00,2018,243,44,False,False,False,Komatose - Holiday Inn Express & Suites,3,Bar,"['environment', 'services', 'bar']"
Desi Bytes,Suresh Kumar Pandey,food was bad chappati was excessively burnt,2,"3 Reviews , 3 Followers",2018-06-24 14:21:00,2018,43,7,False,False,False,Desi Bytes,2,General,"['burnt', 'bad', 'food']"
Feast - Sheraton Hyderabad Hotel,Srikar Pakala,came here for the dinner buffet on a saturday evening the spread was lavish and the food was delicious our host mahesh was very friendly and helpful too would definitely recommend,5,"2 Reviews , 3 Followers",2019-03-09 21:05:00,2019,179,31,False,False,False,Feast - Sheraton Hyderabad Hotel,5,General,"['saturday', 'helpful', 'spread']"
Frio Bistro,Saugata Chatterjee,very good quality food i tasted the baby back ribs here and they were delicious one of my other friends had ordered pizza though the presentation was above standard the taste wasnt the ambience of the place can be improved because its just slightly dull and cramped up at the moment though they can do a lot with the place foodwise a must visit,4,"4 Reviews , 1 Follower",2019-03-29 23:18:00,2019,344,64,False,False,False,Frio Bistro,4,Italian,"['ribs', 'standard', 'baby']"
Zing's Northeast Kitchen,Teboihi Hrahsel,i have been here many timesthe food are really delicious and nice placestaff are good and friendly as wellbut one thing food used to pending and waited for so longso you have to get more improve deliver food on the table and not letting them wait for so longthank you for give us apportunity to have the good food,5,2 Reviews,2019-01-29 16:09:00,2019,313,59,False,False,False,Zing's Northeast Kitchen,5,General,"['food', 'waited', 'deliver']"
Mathura Vilas,Dinesh Naidu,visited this afternoon pleasant ambience temple like feeling with a bell at the door and a idol at entrance ordered north indian thali taste was okay not an extraordinary thali though served butter rotis jeera rice and white rice5 curries dal payasam and kheer kheer was the highlight which i want to call out ambience 35 food 35 service 45,3,"20 Reviews , 10 Followers",2019-03-19 21:51:00,2019,340,60,False,False,False,Mathura Vilas,3,Indian,"['kheer', 'thali', '35']"
Olive Garden,Thehungryhyderabadi,this one is near to paradise gachibowli the ambience is decent and the service is fine we tried the pepper chicken for starters and then for main course we tried kolhapuri paneer with butter naan and tandoori roti pepper chicken but the quantity was too less for their price either the quantity or price could be changed main course was fine especially butter naan was really nice,3,"145 Reviews , 248 Followers",2019-02-12 23:43:00,2019,380,67,False,False,False,Olive Garden,3,Indian,"['pepper', 'naan', 'fine']"
Flechazo,Raja Vamsi,sabir excellent service panner verry good v kabab nice in the main course dal was very tasty coconut noodels was mouth watering in the desserts gulab jamun was very yum,5,"1 Review , 1 Follower",2019-05-19 21:19:00,2019,168,30,False,False,False,Flechazo,5,Dessert,"['coconut', 'panner', 'watering']"
Yum Yum Tree - The Arabian Food Court,Nikhil,the place gives you a feeling like you are having food at a royal arab resta the food here is aptly cooked but the required seasonings are not providedfried onion which are main in a mandi and also i have seen them filling tap water in the bottles and serving the same as bottled water so watch out at last you can rate the food at 45 seasonings 25 ambience 15 at last it is a great place to go with family and friends,3,"14 Reviews , 7 Followers",2019-04-01 19:27:00,2019,418,84,False,False,False,Yum Yum Tree - The Arabian Food Court,3,General,"['water', 'royal', 'seen']"
Diners Pavilion,Age Of Foodies (Suraj Karambe),ambiance diners pavilion is located at the times square indira nagar exactly below mustang terrace lounge diners pavilion is a casual dining restaurant famous for continental as well as north indian food a well decorated diners pavilion has indoor sitting available with live sports screening and the silent english songs playing in the background food and drinks they serve beer at cost as low as approximately inr 99 in starters we usually order chicken tandoori and kebab food in here is delicious and with low cost diners pavilion offers 11 dish on zomato gold membership service service is quite slow but the staff is polite,4,"104 Reviews , 334 Followers",2018-07-31 23:59:00,2018,629,105,False,False,False,Diners Pavilion,4,Indian,"['low', 'cost', 'terrace']"
Mathura Vilas,Teja Dandigunta,went here for dinner with family to try their notorious south indian thali only to know that it is served only in the afternoon lunch greatly disappointed and order north indian thali as there is no other go and one corn fried rice to our delight north indian thali was awesome enjoyed every dish present in it roti channa curry paneer bhendi and a gobi starter each one of it delicious unable to finish the whole quantity as we were full with more curries sweet was very different and scrumptious corn fried rice was equally palatable and went well with curries that came in thali definitely try this pure veg restaurant when you want a break from all those spicy and masala non veg dishes it was deserted on the day we have been here not sure of the reason for less crowd ambiance is also great service is reasonable and price is also affordable when compared other restaurants,4,"108 Reviews , 2534 Followers",2018-09-26 23:24:00,2018,879,159,False,False,False,Mathura Vilas,4,Indian,"['thali', 'indian', 'curries']"
"3B's - Buddies, Bar & Barbecue",Sooraj Kumar,good food nice ambience a good place for a quite lunch the pan ice cream is a must try a good place for medium budget the servers were really nice especially akash was very polite,5,"7 Reviews , 110 Followers",2019-05-19 13:46:00,2019,179,35,False,False,False,"3B's - Buddies, Bar & Barbecue",5,Steakhouse,"['medium', 'servers', 'nice']"
Shah Ghouse Spl Shawarma,Venkat Chary,badwe are ordered at around 5pm but thats delivered by 715pm,1,"7 Reviews , 5 Followers",2019-02-01 19:18:00,2019,60,11,False,False,False,Shah Ghouse Spl Shawarma,1,General,"['thats', 'delivered', 'ordered']"
PourHouse7,Bryan Rodrigues,hopped into this place around 9 pmish on saturday rooftop pleasant atmosphere and ok crowd preferred drinking a full bottle than sipping on shots along side ordered for corn kernels chic lollipop malai broccoli as accompaniment to the alcohol and all were indeed severed on time tasted good too this place is a newbie in town or maybe i am wrong however i got to meet an old pal who was playing on sets as the guest dj for that night there music played was electronic bollywood shall return sometime again,4,"56 Reviews , 88 Followers",2019-03-05 05:05:00,2019,505,91,False,False,False,PourHouse7,4,General,"['meet', 'alcohol', 'bollywood']"
Yum Yum Tree - The Arabian Food Court,Varshini,good food and great ambience nice place to have mandiand this place offers variety of arabian turkish recipes tooalso a great place to take clicks,5,"1 Review , 1 Follower",2018-07-17 15:15:00,2018,146,25,False,False,False,Yum Yum Tree - The Arabian Food Court,5,General,"['arabian', 'place', 'great']"
Dine O China,Himanshu Singh,too oily for my liking,2,"10 Reviews , 43 Followers",2018-07-22 15:03:00,2018,22,5,False,False,False,Dine O China,2,General,"['oily', 'given', 'ginger']"
Shah Ghouse Hotel & Restaurant,Tyson Sairaj,the contact number in the true caller shows best cheaters in the world good i had ordered for mutton biryani nd i got noodles which are ugly wow i am so happy for that good keep it upbullshit how careless they are for delivering this type of service to customer who orders for food this is really disgusting and bullshit i suggest everyone not to order any food from this restaurantshah ghouse gachibowli better remove service from zomato many of our friends had many issues from this restaurant like delivering different food from ordered food and delivering one shawarma instead of two and others zomato authority should take of all these problems which are spoiling the name and fame,1,"1 Review , 1 Follower",2019-05-03 18:07:00,2019,686,119,False,False,False,Shah Ghouse Hotel & Restaurant,1,Chinese,"['zomato', 'food', 'nd']"
The Old Madras Baking Company,Siva Kanagaraj,good food and ambience loved the beach tables chairs at the non ac area hygienic too gr8 place to spend times with lots of conversations with awesome coffee,4,"19 Reviews , 6 Followers",2018-11-30 15:56:00,2018,156,28,False,False,False,The Old Madras Baking Company,4,Cafe,"['ac', 'lots', 'spend']"
The Chocolate Room,Upasana,amazing food with the sandwich being thr very best being a lover of non veg this veg combo was sooo good,5,"14 Reviews , 5 Followers",2018-07-27 20:13:00,2018,104,21,False,False,False,The Chocolate Room,5,General,"['veg', 'lover', 'sandwich']"
Prism Club & Kitchen,Subhajeet Rout,the best place or rather i should the best pub in indiai really enjoy my weekend parties herewhether its edm or bollywood or hiphop this place is a blastideal for any kind of partiesdj rabz is the resident dj who does a really great job in keeping our feet moving and never lets the impulse go downkeep it up rabz and prism,5,"122 Reviews , 1643 Followers",2019-03-09 16:15:00,2019,323,62,False,False,False,Prism Club & Kitchen,5,Bar,"['bollywood', 'parties', 'best']"
The Lal Street - Bar Exchange,Akansha Gupta,amazing place on weekends must visit if you have crazy set of friends to dance with i have been there several times and trust me it never disappoints me,5,"3 Reviews , 32 Followers",2019-03-31 22:52:00,2019,152,29,False,False,False,The Lal Street - Bar Exchange,5,Bar,"['crazy', 'trust', 'set']"
Hotel Zara Hi-Fi,ABD X,really worst biryani you can ever have in hyderabad roadside stalls make better than this zara hifi place never expect any better from this place it will be good if you refrain from ordering here so that you can save your money and taste,1,4 Reviews,2018-11-02 17:28:00,2018,237,44,False,False,False,Hotel Zara Hi-Fi,1,Indian,"['better', 'expect', 'ordering']"
Absolute Sizzlers,Mudit Kejriwal,spacious ambience amazingly friendly staff quick service good food i ordered cottage cheese steak sizzler garlic sauce base with noodles and fries the steak was delicious fries were crispy noodles were bland had to ask for extra garlic sauce one sizzler is enough for any individual with a decent appetite may visit this place if you are craving for sizzlers might burn your pocket if you dont have zomato gold,4,"80 Reviews , 394 Followers",2019-03-26 00:42:00,2019,410,70,False,False,False,Absolute Sizzlers,4,Chinese,"['sizzler', 'fries', 'garlic']"
American Wild Wings,Vamshi Puli,i absolutely love chicken wings so i had to try this new place in gachibowli as ive heard about it from a few friends ive been to this place with a group of foodie friends this is a small outlet located on the first floor right above dirty burgers the place can host upto 30 pax max the place was bright and colourful with good lights all over the place food we tried different sauces the texas bbq spicy garlic pattaya thai original hot mexican jerk and amazon wild all of the wings were delicious and had varying spiciness the wings were slightly crispy outside and soft insidejust the way i like them to be next we were served with chicken nuggets and chicken popcorn the best munching dish i love till date are the chicken nuggets they tasted really good and were tastier than expected the nuggets were my favourite the chicken popcorn was not that great the presentation was not at all good and the chicken was very chewy need to improve this surprisingly the menu had biryani in it we tried their wings dim biryani the biryani was not that proper hyderabadi biryani but had a good taste they served a really good quantity of biryani the management has to improve in their food presentations i personally liked this place and recommend everyone to do give it a try,4,"59 Reviews , 611 Followers",2019-05-15 11:11:00,2019,1269,232,False,False,False,American Wild Wings,4,Mexican,"['wings', 'biryani', 'chicken']"
Club Rogue,HarshaJ Harry,went to this place to watch ipl match which was at 4pm and once happy hours ended they told us to leavethere were more 10 overs left and they told us to leavethen manager came and he shouted at us and he din tell his name alsowe told we will leave after match he called 6 bouncers to send us outhe was shouting as hell and abused usi have been to many clubs but this kind of attitude that too in a cheap place like club rougue is lame afplease ignore this club if u wanna have a good time,1,"1 Review , 1 Follower",2019-03-24 19:17:00,2019,488,100,False,False,False,Club Rogue,1,General,"['told', 'club', 'match']"
Dine O China,Swetha Mamidala,the food was good every time but not this time the chicken in the fried rice didnt cooked completely it was very raw and the chicken coriander lemon soup seemed costly and not worthy for price,1,1 Review,2018-10-11 20:22:00,2018,192,36,False,False,False,Dine O China,1,General,"['coriander', 'worthy', 'raw']"
Hyper Local,Koushal Koshik,had a great time dining at hyper local the nonveg platter chicken tikka and assorted wingswere very tasty all food our server for the day nitish kumar was very prompt and friendly,5,1 Review,2019-03-26 23:29:00,2019,179,32,False,False,False,Hyper Local,5,General,"['local', 'server', 'platter']"
KFC,Valluriraghu Ramarao,taken lot of time for delivery,3,1 Review,2018-09-29 22:08:00,2018,30,6,False,False,False,KFC,3,General,"['taken', 'delivery', 'lot']"
The Lal Street - Bar Exchange,Taleens,place was a complete let down was there for lunch on sunday and was disappointed the veg stack in the western section was actually a spicy paneer which was basically spicy filling between 2 slices of paneer and topped with a chilli sauce 2 dishes took 40 mins to come while 1 was served in 12 mins staff were lost and seemed to be recovering from a late night on saturday the only saving grace were the drinks so unless you want to go and just have a drink and then more drinks skip the place,2,"44 Reviews , 54 Followers",2019-03-10 16:53:00,2019,492,96,False,False,False,The Lal Street - Bar Exchange,2,Bar,"['mins', 'drinks', 'spicy']"
Tandoori Food Works,Parijat Ray,food quality is too good we have ordered fish tikka and paneer mali tikka both of them were better than experience waiting time is too high i felt the quantity is too less compared to the price,3,"146 Reviews , 333 Followers",2019-01-31 22:48:00,2019,193,37,False,False,False,Tandoori Food Works,3,Indian,"['tikka', 'waiting', 'compared']"
Absolute Sizzlers,Raj Patel,had a lot of expectations when i read the ne for the first time was able to visit it after a month what a disappointment it was its named sizzler but has nothing close to sizzler you guys really need to work on the art of making sizzler it looks like sizzler it only looks,1,"24 Reviews , 60 Followers",2019-03-09 11:16:00,2019,272,55,False,False,False,Absolute Sizzlers,1,General,"['sizzler', 'looks', 'able']"
The Foodie Monster Kitchen,Sanjukta Roy,food is a bit spicy otherwise its quite good and tasty chicken popcorn were very good and the chicken was soft the rice bowl had a nice combination of ingredients,4,"7 Reviews , 9 Followers",2019-01-14 16:10:00,2019,162,30,False,False,False,The Foodie Monster Kitchen,4,General,"['ingredients', 'combination', 'bowl']"
Biryanis And More,Sristy,though a its a small place and would be over crowded all the time the food quality is what makes us visit the place again and again one should try tughlaq biriyani if visiting this place,4,"4 Reviews , 2 Followers",2018-07-08 00:45:00,2018,186,36,False,False,False,Biryanis And More,4,Indian,"['place', 'visiting', 'makes']"
Eat India Company,Srideep Bommisetti,too costly and food was not up to the cost quantity also very less i will not recommend to go to this place crowd will be less and waiting time also little more,1,"3 Reviews , 3 Followers",2019-01-07 20:58:00,2019,160,33,False,False,False,Eat India Company,1,General,"['costly', 'waiting', 'cost']"
The Fisherman's Wharf,Nawaz Mohammed,this is my third visit to the restaurant and surely im going again its a huge restaurant with very spacious seatingthey have outdoor seating indoor seating bar areabuffet area roof top area its pretty huge placeand every bit of the restaurant is amazing ambiance is spot onwaiters dress code is good too service is amazing they have perfect knowledge of what they are servingand always ready to help dinners hospitality is awesome but only one washroom is a meh coming to the foodi tried many dishes like thai green currybutter garlic fried rice stuffed crab fish and chips alfredo pasta cheez garlic bread i order thai curry every time i goit comes with rice its creamy and fresh but the only reason i gave 4 star is they lack consistencyit tasted different all three times i tried it was good but different consistency matters stuffed crab is amazingoverall must visit resturant its a expansive one but worth the visit i sujest night times around 7 is a good time to go,4,"29 Reviews , 67 Followers",2019-04-06 10:18:00,2019,971,171,False,False,False,The Fisherman's Wharf,4,Italian,"['stuffed', 'thai', 'huge']"
Dine O China,Kunal Agarwal,if you want to have some good chinese in and around gachibowli area this place is good for you the service is good the starters and the noodles too and it will not take a pinch on your pocket as well,4,"18 Reviews , 26 Followers",2018-10-07 22:42:00,2018,199,41,False,False,False,Dine O China,4,Chinese,"['good', 'pocket', 'area']"
Deli 9 Bistro,Amit.kanodiya,good place to have quick food to satisfy your taste buds been there couple of times with some friends every time the food is good and service is prompt,4,"10 Reviews , 9 Followers",2018-11-16 09:11:00,2018,151,29,False,False,False,Deli 9 Bistro,4,General,"['buds', 'prompt', 'couple']"
Absolute Sizzlers,Sushmita Mishra,it is a very good place for sizzelers loved the person who was singing der a very good experience overall loved the food and the food was served on time and food was amazing it was a very good experience for my family and me i would recommend this place to all my friends and aqueitence,5,"3 Reviews , 3 Followers",2019-04-15 17:26:00,2019,286,56,False,False,False,Absolute Sizzlers,5,General,"['loved', 'experience', 'good']"
Chinese Pavilion,Akram Ul Haq,amazing food i always go here when i want chinese food my favourite being crab on toast you have to try it the best place for authentic chinese cuisine,5,"3 Reviews , 128 Followers",2016-06-16 13:53:00,2016,151,29,False,False,False,Chinese Pavilion,5,Chinese,"['chinese', 'toast', 'cuisine']"
GD's,Neelesh Agrawal,ordered via zomato poor packaging the burger got squished the chicken and sauces were quite tasty though the packaging should probably be in boxes,3,"6 Reviews , 3 Followers",2018-09-18 13:06:00,2018,146,24,False,False,False,GD's,3,General,"['packaging', 'sauces', 'probably']"
Dunkin' Donuts,Swapnil T,well what can i say about this place its nice for killing time but if u plan to have good food its big no donuts are good but the service here is pathetic a better service and good coffee would make me go back till then its off the list,3,"14 Reviews , 74 Followers",2017-12-10 00:24:00,2017,236,50,False,False,False,Dunkin' Donuts,3,Cafe,"['donuts', 'list', 'good']"
Beyond Flavours,Sreshta Ladegaam,this was my worst experience at a restaurant ever first our starters were served after half an hour of ordering and the chicken popcorn had a hair strand in it yuck then the guy who took our main course order forgot about it completely so we had to order again after waiting for almost an hour then had to wait for another half hour to get our food and the worst of all they got us chicken lasagna instead of veg lasagna we figured out that it was chicken right before one of my staunch vegetarian friend almost ate it i do not recommend this place at all there are so many better places in gachibowli that could save your time and provide better service,1,"25 Reviews , 722 Followers",2019-05-09 12:37:00,2019,654,125,False,False,False,Beyond Flavours,1,General,"['hour', 'half', 'worst']"
Squeeze @ The Lime,Udayanvats86,visited on monday night had 2 rotis kashmiri and mirchi tandoori roti dal makhani overall a good restaurant food wise quantity wise good as well however was surprised to see no one in the restaurant,4,"8 Reviews , 53 Followers",2018-05-22 20:41:00,2018,198,35,False,False,False,Squeeze @ The Lime,4,Indian,"['wise', 'restaurant', 'surprised']"
Mathura Vilas,Tanmay Agarwal,worst service food those who want blood pressure problem may visit every thing highly saalted dont go on name mathura its local worst food worst service,1,4 Reviews,2018-11-30 22:23:00,2018,152,26,False,False,False,Mathura Vilas,1,General,"['worst', 'local', 'problem']"
Behrouz Biryani,Shyamu,one of the worst biriyanis i ate home deliverd thru zomato very worse i wud like to cook my self though tired than ordering in behrouseone of the worst biryani i ever had one has to pay for packaging only big packaging and less quantity one should never order from behroz biryani do not go with their briyani picturs shown on website in reality its only rice packed in some big attractive boxesnever try biryani here however we were shocked to find just one piece of mutton in the biryani not sure how behrouz expected us to consume the box full of rice with a small piece of mutton we have decided not to order anymore from this restaurant worst of a kind and never tasted such filthy biryani in my life and secondly they are charging bomb price for such filthy biryani ie 379 no taste and no quality i wonder where he brought his chef from to prepare biryani guess from a local slum area to get this biryani made and serving to innocent public of hyderabad note increase the quality food then no matter what the price is,1,1 Review,2019-03-24 00:02:00,2019,1022,191,False,False,False,Behrouz Biryani,1,Indian,"['biryani', 'worst', 'piece']"
Over The Moon Brew Company,Akash Ramteke,extreme lively place with great music and great food i was disappointed at the beginning with their service but they made it up with their top service later on pizzas are good here so is the brewed beer,5,"122 Reviews , 388 Followers",2019-05-04 08:47:00,2019,202,38,False,False,False,Over The Moon Brew Company,5,Italian,"['pizzas', 'later', 'great']"
PourHouse7,Abhishek Dey,rooftop is a great place to hang out with friends liit was awesome the white sauce pasta just didnt feel up to the mark ambience is great its a must visit on weekend,5,"5 Reviews , 202 Followers",2019-05-04 15:30:00,2019,165,33,False,False,False,PourHouse7,5,Italian,"['white', 'great', 'rooftop']"
Hotel Zara Hi-Fi,Susmitamishra,extremely bad taste very very vry bad,1,"5 Reviews , 5 Followers",2018-09-24 10:34:00,2018,37,7,False,False,False,Hotel Zara Hi-Fi,1,General,"['bad', 'extremely', 'taste']"
Deli 9 Bistro,Fancardio88,burger was delicious so was the lemonade drinkfirst time used zomato goldthe ambience was also goodwould love to come back againmoreover its near my working place,5,1 Review,2018-11-18 20:42:00,2018,162,26,False,False,False,Deli 9 Bistro,5,General,"['working', 'near', 'used']"
Eat India Company,Saroj Sahoo,food is superb here you can randomly choose any item from the menu and be assured that you will not regreat staffs in the restaurant are quite professional,5,"4 Reviews , 1 Follower",2019-03-04 16:42:00,2019,155,28,False,False,False,Eat India Company,5,General,"['professional', 'staffs', 'choose']"
The Lal Street - Bar Exchange,Ishani Shah,horrible experience wouldnt want to come here ever again horrible food horrible service extremely disappointed with the entire package,1,"1 Review , 1 Follower",2019-04-28 21:45:00,2019,134,19,False,False,False,The Lal Street - Bar Exchange,1,Bar,"['horrible', 'package', 'entire']"
Banana Leaf Multicuisine Restaurant,Ganesh Auti,superb food just loved it,5,"4 Reviews , 4 Followers",2018-07-09 15:21:00,2018,25,5,False,False,False,Banana Leaf Multicuisine Restaurant,5,General,"['superb', 'loved', 'just']"
Komatose - Holiday Inn Express & Suites,Caleb David,friendly staff good live music and decent food you can go enjoy the live music with decent food and drinks but for sure not a place for a great party this place lacks life in it you get depressing feeling if live music is not playing,2,"22 Reviews , 94 Followers",2018-03-11 22:57:00,2018,233,46,False,False,False,Komatose - Holiday Inn Express & Suites,2,General,"['live', 'music', 'decent']"
The Foodie Monster Kitchen,Sanjeev Kiran,good service and good food quality really values the customers loved it will definitely go back online to order form the same restaurant again,5,"5 Reviews , 3 Followers",2018-08-04 20:07:00,2018,142,24,False,False,False,The Foodie Monster Kitchen,5,General,"['online', 'customers', 'definitely']"
B-Dubs,Akarapu Bharath,sunny is very well wisher for customers all the items including drinks wings and pizzas are very tastefullits good place for weekend vibes,5,"1 Review , 30 Followers",2019-04-14 19:01:00,2019,138,23,False,False,False,B-Dubs,5,Italian,"['including', 'pizzas', 'weekend']"
Eat India Company,Vikas Kumar,1 service is too slow 2 chef does not check the dish and throw to customers worst quality for vegetarian food paneer dish better to have road side in 100 rs 3 spoiled my evening,1,"3 Reviews , 2 Followers",2018-10-18 23:09:00,2018,177,35,False,False,False,Eat India Company,1,General,"['dish', 'spoiled', 'rs']"
Desi Bytes,Ram Chandra,ordered two times from this place 1st order chicken soft noodles and chinese lollipop both tasted really good but i am disappointed with the quantity of lollipop for 160 only 4 piece can be increased 2nd order litti choka and chicken curry must say chicken curry is excellent and litti choka also really tasted good,4,"91 Reviews , 114 Followers",2018-06-01 15:08:00,2018,315,55,False,False,False,Desi Bytes,4,Chinese,"['litti', 'curry', 'tasted']"
La La Land - Bar & Kitchen,Satyendra.singh0308,great food and ambience if you are looking for a time out with your friends then it is a good place to visit service is really nice here would like to mention bimal specifically as he has been such a great host to us,5,"2 Reviews , 3 Followers",2018-11-18 22:41:00,2018,216,44,False,False,False,La La Land - Bar & Kitchen,5,Bar,"['great', 'mention', 'looking']"
Mustang Terrace Lounge,Satyaranjan Sahoo,rooftop bar with perfect ambience for a peaceful time youll definitely like the view from the top food was decent with satisfactory service music was loud enough to set your mood they do have a small dance floor perfect tiny place definitely worthy of frequent visits,5,3 Reviews,2019-02-18 21:50:00,2019,267,46,False,False,False,Mustang Terrace Lounge,5,Bar,"['perfect', 'definitely', 'worthy']"
Labonel,Eman Ali,i went to labonel a long time ago there has always been a lot of hype about labonel especially for their cupcakes i personally disliked the red velvet cupcakes because of the buttercream frosting second the cupcakes were available only in boxes and not individually which wasnt cost effective or practical at all however i tried their brownies at a later point through a friends purchase they are quite delicious i would definitely have more but wouldnt go through the effort of buying a whole box,3,"7 Reviews , 1 Follower",2016-10-13 01:04:00,2016,497,86,False,False,False,Labonel,3,Dessert,"['cupcakes', 'velvet', 'brownies']"
Mazzo - Marriott Executive Apartments,Nupur Saxena,first of all the ambience was just breathtaking there was around the pool i really like pool side sitting arrangement and light soothing music very quiet place best for couples service was great and quick the staff was very polite and humble i really like the way they treat customers you will definitely get a vip like treatment there coming to the food we ordered chicken tikka paneer makhani and naan all the three dishes was great perfect combination of all spices neither too much nor too less just the right amount of spices and other stuffs in drinks we ordered liit long island ice tea and minty mango drinks was also good this place was bit expensive but worth paying money,5,"12 Reviews , 7 Followers",2019-04-01 13:51:00,2019,682,122,False,False,False,Mazzo - Marriott Executive Apartments,5,General,"['pool', 'spices', 'like']"
Pot Pourri,Mit Shah,decent place for casual dining if someone has zomato gold membership one should visit two person can eat a paneer starter and ricenoodles for 250 food taste 355 ambience 45 quantity 455 service 35,4,"4 Reviews , 1 Follower",2019-03-09 11:51:00,2019,196,34,False,False,False,Pot Pourri,4,Chinese,"['casual', '455', '355']"
Tandoori Food Works,Nallani Harshitha,the biryani was not good and when coming to flavors it doesnt taste nice can improve by adding the biryani flavors more and spices when coming to quantity it is too much less,1,"1 Review , 1 Follower",2018-12-30 21:59:00,2018,174,33,False,False,False,Tandoori Food Works,1,Indian,"['flavors', 'coming', 'biryani']"
American Wild Wings,Lakshmi P,a small cute place to visit simple decor love the lighting here the staff are really polite and helpful the service is quick the menu is really good and pocket friendly it gives you a variety of options we tried the chicken original patty burger chicken wings in bbq sauce fried chicken burger chicken wings french fries curly fries and coke the quantity and quality are both worth the money loved the curly fries they were crispy and very tasty must try,4,"77 Reviews , 306 Followers",2018-10-17 14:42:00,2018,454,82,False,False,False,American Wild Wings,4,General,"['fries', 'chicken', 'wings']"
Zing's Northeast Kitchen,Varun P,this place is definitely worth few visits for any foodie to try different north eastern and asian cuisine the pork belly dishes were really tasty also appreciate the staff helping us eat the right way,5,"14 Reviews , 4 Followers",2019-02-22 22:28:00,2019,200,35,False,False,False,Zing's Northeast Kitchen,5,General,"['foodie', 'visits', 'appreciate']"
Squeeze @ The Lime,Rajubabu Kankipati,its very nice experiance very good environment food is good simply supebb arrangement is very nice very friendly environment whole our had enjoyed a lot,5,"3 Reviews , 1 Follower",2018-10-15 21:29:00,2018,152,25,False,False,False,Squeeze @ The Lime,5,General,"['environment', 'nice', 'arrangement']"
Mustang Terrace Lounge,Pramod Singh,good place nice joint to hang with friends only problem is parking though the valet team is there to support another good hangout place in city,5,"5 Reviews , 115 Followers",2019-05-07 19:47:00,2019,143,26,False,False,False,Mustang Terrace Lounge,5,General,"['joint', 'problem', 'parking']"
Pakwaan Grand,Santosh Sudheer Varma Uppalapati,avg biryani can be a lot better ordered tadoori chicken as well and that is ordinary as well there are much better places to go with in this place,3,"40 Reviews , 30 Followers",2019-02-18 19:02:00,2019,146,29,False,False,False,Pakwaan Grand,3,Indian,"['better', 'ordinary', 'places']"
Marsala Food Company,Abhay Hora,i think the restaurant is over rated we chose this place based on their zomato rating and ended up being at a place where only decent thing was the ambience being a restaurant as they call it i would term it as a local tiffin centre they charge you for a buffet when what they have is the bare minimum 2 curries 1 dal as their main course btw ice cream served in disposable bowl was their special food was tasteless their veg hara bhara kebab was stale earlier i felt their non veg would be good probably the reason for the rating but to my surprise my foodie friends non veg lovers said it was worse than veg mind you it happens rarely with them they can over rate any average non veg restaurant but this was worse i am forced to believe the reviews are paid,1,"22 Reviews , 6 Followers",2019-04-10 19:22:00,2019,759,148,False,False,False,Marsala Food Company,1,Dessert,"['veg', 'non', 'worse']"
Chinese Pavilion,Varun Khanna,been here multiple times and good food ambience is unique and classy service is prompt and courteous will recommend highly and definitely come back again,4,"5 Reviews , 5 Followers",2017-06-11 14:40:00,2017,153,25,False,False,False,Chinese Pavilion,4,Chinese,"['unique', 'prompt', 'multiple']"
Urban Asia - Kitchen & Bar,Pushkar Shah,visited urban asia based on their rating and reviews however we were utterly disappointed we visited the gachibowli location of the restaurant and it is clubbed with east india co the waiter handed us the signature menu and that is when the ordeal began most of the signature dishes were unavailable it was surprising since it was a saturday and i assumed that the restaurant would be well prepared to handle something important as their signature menu eventually we had to settle for the buffet which was priced at 650 overall a disappointing evening,3,3 Reviews,2019-04-26 10:04:00,2019,551,94,False,False,False,Urban Asia - Kitchen & Bar,3,Bar,"['signature', 'visited', 'menu']"
Hyper Local,Mahesh Kumar,the service captain roshan was very friendly and helpful to order non veg plater mutton curry and chicken biryani and drinks very good i am very happy thanks roshan visit again,5,"1 Review , 1 Follower",2019-04-03 11:24:00,2019,176,31,False,False,False,Hyper Local,5,Indian,"['helpful', 'happy', 'thanks']"
Desi Bytes,Krishna.reddy830,food ganda alo gobi gandabatter nanna say not apply batteronion ganda,1,"2 Reviews , 1 Follower",2018-06-17 23:29:00,2018,69,11,False,False,False,Desi Bytes,1,General,"['gobi', 'say', 'food']"
Labonel,Hussain Abbas,always a lovely experience visiting labonel its definitely one of the best patisseries in hyderabad and every branch of its lives upto the expectations,4,"166 Reviews , 252 Followers",2018-01-14 01:13:00,2018,151,24,False,False,False,Labonel,4,General,"['branch', 'upto', 'expectations']"
Mathura Vilas,Ram Sashank Dinavahi,decent place for veg lovers tried south indian veg thali it was served with wide variety of items which were tasty quality of the items could be improved a bit,4,"4 Reviews , 27 Followers",2019-02-24 10:24:00,2019,159,30,False,False,False,Mathura Vilas,4,Indian,"['items', 'veg', 'south']"
Shah Ghouse Hotel & Restaurant,Deepali Yadav,they send me wrong order i ordered mutton biryani and they send me chicken biryani and this app is worst app we cant even get in touch with customer care,1,1 Review,2019-05-17 14:46:00,2019,153,30,False,False,False,Shah Ghouse Hotel & Restaurant,1,Indian,"['app', 'biryani', 'touch']"
La La Land - Bar & Kitchen,Saswati Kar Choudhury,rite from the day it opened in hyderabad i wasvery curious to know why the name la la land though m still looking for answer but u happened to visit this place with my husband today on new year fir dinnerwe ordered shorba n lasoon fish tikka for starters n trust md i tasted the best shorba here till date for main course we ordered punjabi kukkad n garlic naan n that was delicious toowe usually dont order desserts but today we thot to n we ordered punjabi pheerni and yumm it was there is nothing that i cn crib about this place rite nowseevice was great as well 4 stars for me,4,"51 Reviews , 232 Followers",2019-01-01 22:20:00,2019,580,113,False,False,False,La La Land - Bar & Kitchen,4,Seafood,"['la', 'punjabi', 'today']"
Zing's Northeast Kitchen,Pratik Kundu,sad experience at zings after hearing so raving reviews about this place folks at the restaurant were least bothered in taking our order right since we sat down on an empty table half of the food items on the menu werent available maybe they need to shorten the menu just to include items that are available round the clock we had ordered pork with bamboo shoot which i have had quite a lot of time at my hometown siliguri unfortunately this wasnt nearly as good as i had before although i wont judge the restaurant based on just this item as chances are it was a one off case but the service and staff attitude was a real put off i had very high hopes but was completely let down something seemed to be very off as a restaurant having 46 rating usually wont come across this way either my bad day or the chefs,1,"11 Reviews , 136 Followers",2018-11-10 23:05:00,2018,810,155,False,False,False,Zing's Northeast Kitchen,1,General,"['wont', 'restaurant', 'available']"
Cream Stone,Kiran,ordered nuts overloaded ice creamfantastic taste,5,"11 Reviews , 1 Follower",2018-11-24 13:40:00,2018,48,6,False,False,False,Cream Stone,5,Dessert,"['ice', 'taste', 'ordered']"
Komatose - Holiday Inn Express & Suites,Ravindra Jayanti,booking a place here for a corporate package is absolutely horrendous they provided the menu and package details on friday and confirmed its available and on monday the day of the event management was rude and was insisting theyll not provide the buffet but will charge the same price as per the package they did not have minimum courtesy and were not even respecting the fact that our manager a lady was trying to talk this is probably the worst ever team i had ever talked to very disappointing this has resulted in cancellation of our corporate party which consisted of several partners and managing directors id never recommend this place to anyone,1,"1 Review , 147 Followers",2018-08-13 14:45:00,2018,652,113,False,False,False,Komatose - Holiday Inn Express & Suites,1,General,"['package', 'corporate', 'booking']"
Collage - Hyatt Hyderabad Gachibowli,Rajiv Kurian,went for sunday brunch with a lots of expectations about the food spread was going over after a very long gap truly disappointed to see the brunch at this level very less options of nonveg on the buffet both in indian western only a chicken pie an oriental chicken dish inside in the indian had only biryani raara gosht the highlight was in place like hyatt your serving vada pav as part of the sunday brunch come on you must be really kidding me i am sure you can do better than this lauki mussalam on the vegetarian spread just to name a few of the not so appetising options there pizza was just like an indian papad with some dry chicken and cheese on top the place has just got some upgrade only in terms of just some artifacts new linen etc but the food quality buffet spread is so so so disappointing sad to see hyatt go down like this,1,"23 Reviews , 13 Followers",2017-06-16 13:21:00,2017,841,162,False,False,False,Collage - Hyatt Hyderabad Gachibowli,1,Italian,"['brunch', 'spread', 'indian']"
AB's - Absolute Barbecues,Satya Pulavarti,very friendly and helpful customer service by ijajul and good foodwide variety of starters been regular customer here good ambiencecontinue the same spicy fish was too good enjoyed finally,5,"4 Reviews , 12 Followers",2019-05-12 13:53:00,2019,188,29,False,False,False,AB's - Absolute Barbecues,5,Seafood,"['customer', 'finally', 'helpful']"
Udipi's Upahar,Shalu,sambar is not good ghee dosa doesnt have any taste of ghee,2,5 Reviews,2018-07-14 10:58:00,2018,58,12,False,False,False,Udipi's Upahar,2,Bar,"['doesnt', 'taste', 'good']"
Paradise,BIBHU BHUSHAN SINHA,chiken biryani is very good and spcal chiken cary is very good and testy food and so enjoy the food and next time visiting again with my family and friends,5,"1 Review , 1 Follower",2019-05-25 16:33:00,2019,155,30,False,False,False,Paradise,5,Indian,"['visiting', 'enjoy', 'family']"
Hitech Bawarchi Food Zone,Shiva Goud,food tasted really good quality packing and on time delivery only suggestion is to increase the quality of gravy and curd because i ordered twice and the quantity of the gravy and curd was less apart from that everything is good,4,"3 Reviews , 150 Followers",2018-12-14 13:58:00,2018,228,41,False,False,False,Hitech Bawarchi Food Zone,4,General,"['curd', 'gravy', 'quality']"
Jonathan's Kitchen - Holiday Inn Express & Suites,Riz & Shanky,i was invited to this place by one of my friends to have a dinner and experience the hospitality that jonathans kitchen provide let me talk about the ambience the place is very well designed and maintained the lighting at the place is very warm and cosy perfect place to have a romantic outing as well as family time now coming to food for the starters we ordered tiger prawns butter garlic prawns mutton sikampuri kebab crispy corn out of all the butter garlic prawns were the highlight id go back to this place just for butter garlic prawns for the main course we ordered beef steak and rice and dal tadka though i am not a fan of beef and i dont eat my friends told that it was too good dal tadka was awesome overall this is a perfect place to have dinner and lunch id definately recommend this,5,"74 Reviews , 97 Followers",2019-04-16 10:47:00,2019,797,151,False,False,False,Jonathan's Kitchen - Holiday Inn Express & Suites,5,Steakhouse,"['prawns', 'garlic', 'butter']"
Eat India Company,K Gourav,pathethic service and bad quality of food its hard to give any particular recommendations for this place since neither the ambience the food or service is good anyway disappointed,1,"21 Reviews , 157 Followers",2018-09-29 15:36:00,2018,179,29,False,False,False,Eat India Company,1,General,"['hard', 'service', 'disappointed']"
Beyond Flavours,Gautam Dev,second time being here its really beyond imagination beyond taste and beyond flavours as well very courteous staff and very hospitile taste is good but the best part is presentation its really meeting the standard of a 5 star restaurant very impressed with mr ahmed pradeep and mr dipanajan who are very friendly and took care of us very well good job guys keep it up,5,"47 Reviews , 4734 Followers",2019-05-15 00:07:00,2019,367,66,False,False,False,Beyond Flavours,5,General,"['mr', 'standard', 'impressed']"
Diners Pavilion,Shrav,disappointed ambiece 25 service 35 food 25 sambar rice was a big disappointment paneer butter masala was good went by zomato reviews n rating,2,"4 Reviews , 39 Followers",2019-03-17 09:26:00,2019,141,24,False,False,False,Diners Pavilion,2,Bar,"['25', 'disappointment', 'reviews']"
Cafe Eclat,Amardeep Dabass,one of those little cafes that is as laid back as you want to be the cold coffees and ice teas are pretty good the ambience is pretty good too wish they had some board games or toys to keep little guests busy,5,"26 Reviews , 193 Followers",2019-05-06 00:00:00,2019,208,43,False,False,False,Cafe Eclat,5,Cafe,"['pretty', 'little', 'guests']"
Tiki Shack,Shubham Dubey,service was too slow waiters took some 20 minutes to realise we wanted to place an order music was excessively loud and reached a point where the speakers couldnt support the playback without distorting the music however the quality of liit was brilliant i didnt like food either,2,"8 Reviews , 102 Followers",2019-02-13 04:47:00,2019,279,48,False,False,False,Tiki Shack,2,General,"['music', 'reached', '20']"
Hotel Zara Hi-Fi,Mogal Mahin,there were offers running around and we ordered chilli chicken and chicken 65 from this place even though having average reviews thinking that the food might be ok but then the food was average and it was not fresh i guess and so it affected our health,1,6 Reviews,2019-04-17 00:30:00,2019,252,47,False,False,False,Hotel Zara Hi-Fi,1,General,"['average', '65', 'guess']"
The Fisherman's Wharf,Neha Singh,i love the ambience food is mouthwatering if you think you dont like coastal food do go here trust me food will get you there each time if you crave for sea food crowd is nice a peaceful place to be with friends or family do go there,5,"10 Reviews , 9 Followers",2019-03-15 13:30:00,2019,233,48,False,False,False,The Fisherman's Wharf,5,Seafood,"['food', 'peaceful', 'sea']"
Shah Ghouse Hotel & Restaurant,Ha,ordered chicken briyani and vegetables briyani its was good as usual if they could increase the paneer in the veg briyani that would be brilliant,3,"86 Reviews , 145 Followers",2019-03-26 02:49:00,2019,145,25,False,False,False,Shah Ghouse Hotel & Restaurant,3,General,"['usual', 'vegetables', 'paneer']"
Club Rogue,Vikrant Nakhate,greetings the ambience is good okayish with artificial plants towards the gallery area too dark for a pub sitting is good dedicated dance floor with good hindi new and old songs to garnish upon too loud though dont have draught beer have pint prices slightly towards higher side crispy corn made the day night do try,3,"10 Reviews , 11 Followers",2019-02-17 20:19:00,2019,316,56,False,False,False,Club Rogue,3,Bar,"['okayish', 'slightly', 'songs']"
The Tilt Bar Republic,Sneha Reddy,love everything about this place food drinks ambience and service we had water chestnuts cheese broccoli and nachos in starters pizza was good too a good place to hangout with friends,4,1 Review,2018-12-28 16:08:00,2018,183,31,False,False,False,The Tilt Bar Republic,4,Italian,"['broccoli', 'nachos', 'water']"
Dunkin' Donuts,Kittu,i love burgers and donuts here specially eclair donut and big joy veg burger staff here really very good choclate milk shake and fruit berry smoothy are best drinks in cold can u plzz deliver upto gulmohar colony if u extend ur delivery placesdunkin will really get much appreciations,5,2 Reviews,2019-01-31 19:18:00,2019,284,49,False,False,False,Dunkin' Donuts,5,General,"['milk', 'really', 'donuts']"
Olive Garden,Ramesh Kendre,came with my friend for birthday celebration we ordered al a carte starter broccoli nuggetsfried baby corn paneer pahadi kebab was awesome main course we ordered biryani was nice ambiance was good friendly staff over all its pocket friendly restaurant,5,1 Review,2019-03-05 19:50:00,2019,251,40,False,False,False,Olive Garden,5,Indian,"['friendly', 'baby', 'broccoli']"
Urban Asia - Kitchen & Bar,Chaitanya Reddy,sushi was bad starters were okay i dont understand why there waso muglai indian food and not asian food in an restraunt which specialises in asian cuisine,3,"5 Reviews , 2 Followers",2019-02-24 15:46:00,2019,154,27,False,False,False,Urban Asia - Kitchen & Bar,3,Indian,"['asian', 'sushi', 'understand']"
NorFest - The Dhaba,Lakshmi P,ordered the punjabi thali for lunch it was amazing the quantity is perfect and the food was really delicious the thali had 2 rotis paneer butter masala dal makhani mix veg mint chutney raita steamed rice salad and a dessert the packing was really good and the rate is pocket friendly a must try,4,"77 Reviews , 306 Followers",2018-08-12 10:46:00,2018,294,54,False,False,False,NorFest - The Dhaba,4,Dessert,"['thali', 'steamed', 'really']"
Ulavacharu,G.goutham,this is one of a place where you wont be disappointed everything is good right from starters to main course to deserts nice service by sri and team,5,"1 Review , 1 Follower",2019-03-07 16:15:00,2019,147,28,False,False,False,Ulavacharu,5,General,"['deserts', 'wont', 'right']"
Al Saba Restaurant,Calming Storm,went to this place after hearing great reports about its biryani tried chilly paneerokay veg biryaniokay rumali roti and kaju masala currybad the ambiance is below average and serving is very bad,2,"161 Reviews , 1783 Followers",2018-03-24 19:42:00,2018,195,32,False,False,False,Al Saba Restaurant,2,Indian,"['kaju', 'rumali', 'chilly']"
Pista House,|| Viharika Rathode ||,had their reshmi kebab served with omlette on the top it was good ginger prawns were oky but their serving quantity was good chicken biryani and haleem was good as usual,3,"144 Reviews , 1028 Followers",2018-06-28 19:41:00,2018,169,31,False,False,False,Pista House,3,Indian,"['ginger', 'haleem', 'usual']"
Tiki Shack,Mohan Kr,lovely place a delight everytime i walkin been here quite some times and they never disappoint great starters and amazing pizza not many on the menu to chose from but they put up what they make the best and live up to it could add a little chinese main course on the menu but thats ok try the variety of drinks they serve and groove to their lovely choice of music enough eye candy for the guys and a fab ladies night for the girls that day when you crack a head at office walkin here for some peace tiki time,5,"10 Reviews , 4 Followers",2019-02-21 23:13:00,2019,509,101,False,False,False,Tiki Shack,5,Italian,"['lovely', 'menu', 'ladies']"
Banana Leaf Multicuisine Restaurant,NIKHIL KUMAR REDDY,a beautiful place with tasty food and good addressing by subramanian garu a delighted day with frnds amd family preferred for corporates buffet aswell,5,1 Review,2019-02-18 23:34:00,2019,150,24,False,False,False,Banana Leaf Multicuisine Restaurant,5,General,"['beautiful', 'day', 'family']"
The Glass Onion,Gautam,we visited the restaurant yesterday we got outside table as all insides were reserved being 42 degrees outside they only had fans running in such upscale restaurant and mist fans they are charging 1400 rs for buffet and is considered upscale restaurant quite amazed on how upscale restaurants cannot afford coolers felt bad for waiters also as they were fully sweating and running aroundi had same experience few months back we went in th evening and it rained we took the outside seating due to nice weather plus all the water was gushing inside and they had nothing to prevent that i liked the food here but if management cant simply think abt service i am sure we can figure out other places to eat,2,"4 Reviews , 3 Followers",2019-04-29 18:31:00,2019,701,125,False,False,False,The Glass Onion,2,General,"['outside', 'restaurant', 'fully']"
Marsala Food Company,Goutam Acharya,good placeorder makes you to wait but when the order come the taste of food makes you feel goodfriendly staff sajantake my order usually i have been to marsala many times,5,"3 Reviews , 15 Followers",2019-04-04 14:07:00,2019,170,31,False,False,False,Marsala Food Company,5,General,"['makes', 'order', 'usually']"
Over The Moon Brew Company,Abhilasha Mishra,amazing service and food belgium beer is amazing i really want to appericate makhan he is a great bartender the way approaches and give service to people is amazing people like makhan is making over the moon succcess,5,"1 Review , 1 Follower",2019-05-17 23:45:00,2019,216,38,False,False,False,Over The Moon Brew Company,5,Bar,"['amazing', 'people', 'making']"
Arena Eleven,Spanchaity,best place to chill out with few beers went out on a sunday nyt here with my friends and it was just fun inside outside sitting both are great food is also good i go here now whenever i just want to chill,5,"11 Reviews , 3 Followers",2019-05-19 23:00:00,2019,204,43,False,False,False,Arena Eleven,5,General,"['chill', 'just', 'beers']"
Paradise,Srikar Chowdary Elaprolu,good food with very good service their biryanis are excellent chicken curries are good the breads they make are alrightgood place to hangout,5,"1 Review , 1 Follower",2019-05-13 14:28:00,2019,140,23,False,False,False,Paradise,5,Indian,"['breads', 'curries', 'biryanis']"
Shree Santosh Dhaba Family Restaurant,Vemuri Pavan,worst taste late delivery taste is bad not cooked properly i wont recommend this to any one zomoto guys you please look at this as we have ordered through your platform only,1,"1 Review , 1 Follower",2019-02-02 15:39:00,2019,173,32,False,False,False,Shree Santosh Dhaba Family Restaurant,1,General,"['wont', 'taste', 'properly']"
SKYHY,Nithisha Reddy,had been to this place with friends on saturday night decent place decent crowd the only turn off for this place was their music it was boring dance floor is decent you wont bump into one another like elsewhere food also was average not that great food 35 ambience 45 staff and service 35 recommended yes,4,"53 Reviews , 287 Followers",2018-09-24 20:42:00,2018,304,56,False,False,False,SKYHY,4,General,"['decent', '35', 'yes']"
Labonel,Shahu Vidhale,had very high expectations from this place given the great reviews it has got however in my opinion it is just overhyped not so great if you have been to any theobroma outlet in mumbai you will realize how this place is full of shit the brownies are very average tea loaf is worse one word underwhelming plus rude staff,2,"7 Reviews , 2 Followers",2017-11-08 00:30:00,2017,319,60,False,False,False,Labonel,2,General,"['worse', 'plus', 'brownies']"
Hyderabad Chefs,Samit,went for quick lunch with colleagues for a farewell below avg ambience and dirty sofas food was overspicy and i feel they tried to mask the stale tasteonly reason restaurant still alive is next to dlfnothing else,2,"42 Reviews , 73 Followers",2019-03-22 22:48:00,2019,212,37,False,False,False,Hyderabad Chefs,2,General,"['colleagues', 'stale', 'reason']"
The Fisherman's Wharf,Ankita Bhardwaj Singh,good breezy sitting great food friendly staff the place is a must try for all seafood lovers the goa themed restaurant makes you miss goa the minute u enter the gate with a goa 0kms milestone must try cafreal chicken for starters southern chicken phata poster nikla hero noodles and blueberry cooler parking ample music not too loud but entertaining and lively service super quick seating ample and comfortable served by mr ashish dessert try the goan delicacy bibinca layered cake visiting again definitely yes thanks mr prajit and team,4,"131 Reviews , 424 Followers",2019-03-22 23:10:00,2019,537,90,False,False,False,The Fisherman's Wharf,4,Chinese,"['mr', 'try', 'enter']"
The Lal Street - Bar Exchange,Astha Mishra,the best thing about tls is its dj dj played a good collection of songs it has a separate dance floor which is a major plus point the ambience is good food is above average and service is prompt a good place for sat nights,4,"29 Reviews , 79 Followers",2019-03-11 18:21:00,2019,222,45,False,False,False,The Lal Street - Bar Exchange,4,Bar,"['dj', 'plus', 'songs']"
Absolute Sizzlers,Ramyasudha Konda,had a bad experience today in absolute sizzler chicken served in the sizzler is half cooked and we left the chicken without eating soft drink served is not chilled its room temperature the person who served soft drink has not informed us that the drink is not available in chilled temperature staright way he served it and then informed us that it is no chilled overall experience is very bad,1,"3 Reviews , 1 Follower",2019-03-22 17:17:00,2019,392,70,False,False,False,Absolute Sizzlers,1,General,"['drink', 'served', 'sizzler']"
La La Land - Bar & Kitchen,Upasana Dash,a lovely place with good ambience and friendly staffthey serve good food at reasonable prices enjoyed my visit to the place with friends on a weekend,4,"9 Reviews , 24 Followers",2018-11-28 00:12:00,2018,149,26,False,False,False,La La Land - Bar & Kitchen,4,Bar,"['weekend', 'lovely', 'reasonable']"
Mustang Terrace Lounge,Varunkumar Reddy,good place to hangout and chill the terrace seating is also good ambiance is ok we booked a table via dineoutindia rather than drinks the food is good here and in frame1 the spicy chicken table which was not that spicy but it tastes excellent and the pizza we ordered was chicken keema pizza which also good with thin crest cheese was also good mustang terrace lounge the only disappointment is drinks,4,"7 Reviews , 14 Followers",2019-02-11 12:09:00,2019,401,72,False,False,False,Mustang Terrace Lounge,4,Italian,"['terrace', 'good', 'table']"
Shree Santosh Dhaba Family Restaurant,Abhipsa Mishra,we ordered aloo jeera and some of the pieces tasted stale it was like the old and new dishes were mixed,4,2 Reviews,2018-08-22 21:41:00,2018,103,21,False,False,False,Shree Santosh Dhaba Family Restaurant,4,General,"['mixed', 'stale', 'aloo']"
Zing's Northeast Kitchen,Raisa Bhatia,have been to this place so many times that ive lost count great food especially the beef and pork dishes although at times some of them seem similar good value for money be patient for the service worth visiting at least once then give it a chance to win you over,5,"4 Reviews , 71 Followers",2019-04-23 19:24:00,2019,263,51,False,False,False,Zing's Northeast Kitchen,5,General,"['times', 'beef', 'lost']"
The Foodie Monster Kitchen,Adarsh,nice pancakes and waffle loved the fried eggs and tea in the combo,5,"16 Reviews , 4 Followers",2018-07-09 23:18:00,2018,66,13,False,False,False,The Foodie Monster Kitchen,5,Dessert,"['pancakes', 'waffle', 'tea']"
Pot Pourri,Vinuthna,they took the reservation before 4 days for buffet but when we reached there they are saying there is no reservation on that name and we have no buffet today they wasted our time and response is not at all proper,1,1 Review,2019-03-19 14:28:00,2019,212,41,False,False,False,Pot Pourri,1,General,"['buffet', 'saying', 'response']"
Faasos,Santhosh Miryala,not value for money at all less quantity for very much price,2,"5 Reviews , 3 Followers",2018-07-06 22:06:00,2018,60,12,False,False,False,Faasos,2,General,"['value', 'money', 'price']"
Flechazo,Meghna Basavaraj,visited on 12 may 2019 for lunch with family awesome food comfortable seating soothing ambience booked table through zomato and received confirmation in 3 minutes went in early at 1130am brunch welcome drink soup and starters served at the table they have a mango festival till end of the month so most of the dishes have mango in them super delicious apart from the buffet spread they have live counters for pizza pasta chaats pani puri yummm sushi keema kulcha and few others one bite snacks starters are aplenty veg and non veg the servers are attentive and helpful desserts was a mix of indian sweets pasteries cheesecakes fruits and their speciality liquid nitrogen icecream fun to watch though i am not sure if healthy i was surprised with a mothers day cake complements of the restaurant that was a wow gesture a must visit place for celebrations or whenever you are hungry for variety and lots of food,5,"3 Reviews , 2 Followers",2019-05-13 14:45:00,2019,909,159,False,False,False,Flechazo,5,Italian,"['mango', 'table', 'starters']"
Royal Spicy Restaurant,Issak Khan,i loved the biryani very good taste great quality if you are looking for variety of biryani try this place you will find great range variety,5,"1 Review , 2 Followers",2018-10-13 22:46:00,2018,140,26,False,False,False,Royal Spicy Restaurant,5,Indian,"['variety', 'biryani', 'range']"
Barbeque Nation,Neha Aggarwal,i went there with my parents and it was totally worth it the service was extremely good and my parents loved every bit of it starters and dessert always amazing main course have a lot of varities but we always fill ourselves with starters that no place is left in stomach to try main course overall it has been one of my favourite place,5,"91 Reviews , 191 Followers",2018-07-20 14:48:00,2018,336,64,False,False,False,Barbeque Nation,5,Dessert,"['course', 'main', 'starters']"
10 Downing Street,Randy Orton,a beautiful place with lots of options available at our bay we went in happy hours and the food was really great with good service and drinks also were apt to go with the food overall a great place to hang out,4,"8 Reviews , 94 Followers",2018-12-10 17:34:00,2018,209,42,False,False,False,10 Downing Street,4,General,"['lots', 'great', 'hang']"
KS Bakers,Nillu,i have visited several times for cake here you will varieties of cake as well different kind size also and test of the cake also awesome,5,"17 Reviews , 9 Followers",2019-02-10 23:59:00,2019,136,26,False,False,False,KS Bakers,5,Dessert,"['cake', 'size', 'varieties']"
10 Downing Street,Abhimanyu,i have been to quite a few similar places in hyderabad and after a lot of hype about this place finally on the monday night we visited this place for a team dinner and needless to say that it was a really enthralling experience starting from the reception area especially that guy with a moustache you made the night with your behavior after entering the lounge it kinda of creates a pleasant view with all the interior decorations the service was good starting from the starters to the drinks and main course and finally the desserts but at the end of the night it was the dj guy who outperformed everyone you will be the one who will make me to come to this place again and again being from north india finally got the chance to dance to those punjabi songs listening to which i have grown danced with the heart in my palm needless to say that the dj guy was the icing on the cake with his song selections in short a happening place and if its your day then these small things will just make your night,5,"5 Reviews , 1 Follower",2018-10-23 20:01:00,2018,1004,191,False,False,False,10 Downing Street,5,Dessert,"['night', 'guy', 'finally']"
Collage - Hyatt Hyderabad Gachibowli,Vins Thapa,mr faraan mr llima mrs piyali is awexome and i love the way this people behave and awesome i prefer again to this place it is an awexome place to visit actually i think to live here again next time i visit,5,2 Reviews,2019-04-28 16:03:00,2019,205,42,False,False,False,Collage - Hyatt Hyderabad Gachibowli,5,General,"['mr', 'visit', 'prefer']"
Shree Santosh Dhaba Family Restaurant,Sandeep Sharma,i ordered food at 7 pm but the delivery guy gave low quality food without santosh dhaba logo and even bill was at 0635 pm zomato is looting,1,1 Review,2019-04-10 21:08:00,2019,139,28,False,False,False,Shree Santosh Dhaba Family Restaurant,1,General,"['pm', 'dhaba', 'low']"
Desi Bytes,Vaibhav Shrivastava,momos was not good do not know how to make stuffing was of spring roll,3,"11 Reviews , 25 Followers",2018-05-29 17:41:00,2018,70,15,False,False,False,Desi Bytes,3,General,"['roll', 'momos', 'know']"
Collage - Hyatt Hyderabad Gachibowli,Aman Verma,food was goodservice was great we opted to sit by the lawn were bitten by mosquitoes which is simply not expected please try to resolve this issue,2,"50 Reviews , 103 Followers",2018-01-26 00:46:00,2018,146,27,False,False,False,Collage - Hyatt Hyderabad Gachibowli,2,General,"['opted', 'issue', 'sit']"
Green Bawarchi Restaurant,Nitesh Kumar Modi,both delivery and food are good,5,"2 Reviews , 24 Followers",2019-01-01 21:58:00,2019,31,6,False,False,False,Green Bawarchi Restaurant,5,General,"['delivery', 'good', 'food']"
Squeeze @ The Lime,Vicky,had a dinner with my family vegetable kofta was really good along with kashmiri roti food was awsomeand delicious service was really good by raj polite and professional he was handling our table and always take care of usit shows that they always give the first priorty to the customer which shows really goodthis is one of the best hotel for vegetrainkeep it up guysraj thank you for your good service,5,"1 Review , 3 Followers",2018-05-28 01:09:00,2018,402,71,False,False,False,Squeeze @ The Lime,5,General,"['really', 'vegetable', 'professional']"
"3B's - Buddies, Bar & Barbecue",Sribhargava Sai Chowdary,excellent restaurant and serving the taste is very good and the celebration they make are memorable and i like the most recipes the packages are good,5,"1 Review , 1 Follower",2019-05-12 23:10:00,2019,149,26,False,False,False,"3B's - Buddies, Bar & Barbecue",5,Steakhouse,"['serving', 'make', 'excellent']"
The Glass Onion,Nikita Khare,this is place has good ambience and great variety of drinks considering cocktails and other acoholic drinks but the food is a bit over priced and quantity is less ambience 810 variety 810 food taste 710 quantity 65 10 service 810 overall 7 10,3,"18 Reviews , 48 Followers",2019-03-17 23:15:00,2019,242,44,False,False,False,The Glass Onion,3,General,"['10', 'variety', 'drinks']"
Dunkin' Donuts,Vishrut Srivastava,dunkin donuts has always been a great donut place according to me they serve excellent coffee and burgers as well i particularly love the naughty lucy burger which is an all time favourite this time i decided to try their new grilled chicken monster burger and i was a little disappointed as a whole the burger tasted fine but why on earth did the chicken burger have a layer of hash browns such a bummer however the donut did uplift my mood in the end brining the final rating to 35 man does that death by chocolate slay me everytime pun intended,3,"52 Reviews , 732 Followers",2019-01-25 21:19:00,2019,547,102,False,False,False,Dunkin' Donuts,3,Steakhouse,"['burger', 'did', 'man']"
Tempteys,Surya Tej,i dont feel the taste of flavour that had ordered,2,"2 Reviews , 21 Followers",2018-06-18 00:24:00,2018,49,10,False,False,False,Tempteys,2,General,"['flavour', 'feel', 'dont']"
Zing's Northeast Kitchen,Banisree Basu,i have been waiting to write a review for zings north east kitchen for a real long time and i love what they cook n create its a little restaurant on the very opposite side of sln terminus gachibowli the food quality is amazing just feels like home quantity and the price are reasonable and i have lost count of the number of visits i made strong recommendation for pork and beef lovers,5,"17 Reviews , 378 Followers",2018-11-24 11:59:00,2018,386,73,False,False,False,Zing's Northeast Kitchen,5,General,"['beef', 'lost', 'visits']"
Aromas@11SIX,Rajender,tasty food but expect less quantity compared to price it is on the middle of kajaguda to nanakramguda not crowded and big very small restaurant,3,"5 Reviews , 1 Follower",2018-12-27 00:11:00,2018,143,25,False,False,False,Aromas@11SIX,3,General,"['expect', 'compared', 'crowded']"
Shah Ghouse Hotel & Restaurant,Suresh Maddula,i have ordered egg fried rice and some roties from here at night 11o clock the food was okish i dont know if i ordered in time roties were also not that much good,3,4 Reviews,2019-04-04 15:46:00,2019,162,34,False,False,False,Shah Ghouse Hotel & Restaurant,3,General,"['egg', 'ordered', 'know']"
Feast - Sheraton Hyderabad Hotel,Harjeev Sabherwal,tried the buffet here and was happy with the spread available the spread was a mix of india chinese and continental overall the food was good the desert options available were kinda limited but the stuff was good so no complaints,4,"21 Reviews , 10 Followers",2019-03-02 13:43:00,2019,229,41,False,False,False,Feast - Sheraton Hyderabad Hotel,4,Chinese,"['spread', 'available', 'kinda']"
The Chocolate Room,Sheri M John,this is a good place to hangout as they wont kick you out no matter how long you stay the playlists played are really good food is just up to the mark if you just want to hangout and are not a food critique the ambience and service are good except for the occasional cockroaches that run around,3,"10 Reviews , 1 Follower",2019-02-10 17:06:00,2019,294,58,False,False,False,The Chocolate Room,3,General,"['hangout', 'just', 'stay']"
Olive Garden,Shail Choudhary,been there twice and i kinda like the place taste is good and prices very reasonable try spicy corn and cheeses nuggets and kasmiri pulao i liked three of them and were little sweet service is good valet parking not available better park near by,4,"43 Reviews , 23 Followers",2018-09-18 16:50:00,2018,245,45,False,False,False,Olive Garden,4,General,"['kinda', 'parking', 'pulao']"
"3B's - Buddies, Bar & Barbecue",Arnav Agyeya,very nice and warm welcome food was great drinks were great as well very polite and well behaved staffs felt really welcomed here a must visit place for every age group special thanks to suraj and shivam they even celebrated my birthday,5,"2 Reviews , 7 Followers",2019-04-16 21:36:00,2019,236,42,False,False,False,"3B's - Buddies, Bar & Barbecue",5,Steakhouse,"['welcome', 'warm', 'staffs']"
Tiki Shack,Hareesh Sasanapuri,ambience is good and also starters good place to hangout with friends and had nice fun time in spending more time thanks for the management to the service and maintaining it on track bit smoked nonveg items should be cooked better,5,"24 Reviews , 220 Followers",2019-02-27 22:34:00,2019,230,41,False,False,False,Tiki Shack,5,General,"['time', 'nonveg', 'fun']"
Pakwaan Grand,Kunal Khanra,its right one the main road pretty big haleem joint in hyderabad what we felt that the service was a bit slow and they were confused which haleem we actually ordered coming to the main reason it didnt dissapoint us mutton haleem was amazing enriched with pure ghee and dry fruits,4,"189 Reviews , 2860 Followers",2019-05-18 09:14:00,2019,279,51,False,False,False,Pakwaan Grand,4,General,"['haleem', 'main', 'fruits']"
"3B's - Buddies, Bar & Barbecue",SONIYA SINHA,visited with family for dinner on a weekday decent place may be a little more lighting will add to the decor pretty cozy though the staff specially akash needs to be applauded very enthusiastic and customer focused the starters were good very spicy but he got us a fresh set mildly spiced even without we making a request we were not happy with the main course spread only 1 curry chicken n paneer good place to hang out with friends for a cocktail and some delicious starters,3,"90 Reviews , 118 Followers",2019-04-24 10:21:00,2019,476,87,False,False,False,"3B's - Buddies, Bar & Barbecue",3,Indian,"['starters', 'cocktail', 'weekday']"
Club Rogue,Prashanth Ch,awesome place with excellent ambience and pocket friendly prices entry is restricted to couples and corporates on saturday and sunday during night,4,"6 Reviews , 25 Followers",2019-01-31 22:51:00,2019,146,22,False,False,False,Club Rogue,4,General,"['entry', 'saturday', 'sunday']"
Udipi's Upahar,Nalin Venkat Sameera,i was here with my dad for a quick tiffin snack time on our way home frankly speaking i wasnt expecting such good food we had masala dosa idli and vada i felt there could have been a better variety of chutneys like tamarind or ginger apart from the regular coconut one not only did the food make us feel satiated but also satisfied,4,"122 Reviews , 639 Followers",2018-10-01 16:02:00,2018,331,64,False,False,False,Udipi's Upahar,4,General,"['ginger', 'coconut', 'expecting']"
The Chocolate Room,Pranjali,great place for chocolate lovers my kids enjoy it every time the cuddle cup concept is too cute chocolate fondue is to die for the staff is a little untrained could do with some more sophistication,5,"9 Reviews , 2 Followers",2018-11-25 12:25:00,2018,197,36,False,False,False,The Chocolate Room,5,General,"['chocolate', 'concept', 'cup']"
KS Bakers,Nalin Venkat Sameera,its affordable accessible and theres quick service i had been to other outlets chandanagar kukatpally and asrao nagar and the experience in each was satisfactory my friends dragged me to this place when it was raining heavily it was one kind of adventure i had vegetable burger my friends had vegetable samosa and chicken roll after eating a burger i did not have anything for dinner it was good enough for me go for it if you want to have bakery stuff at lower prices great vfm,4,"122 Reviews , 640 Followers",2017-05-18 19:02:00,2017,478,87,False,False,False,KS Bakers,4,Dessert,"['vegetable', 'burger', 'friends']"
eat.fit,Dhamma Prakash Bhagath,it said thali but not adequate quantity,2,3 Reviews,2019-02-20 21:52:00,2019,39,7,False,False,False,eat.fit,2,General,"['thali', 'said', 'quantity']"
Chinese Pavilion,Mujeeb M,food chinese with a touch of indian masalas enjoyed the taste service messed up our order brought us a different dish that the one we ordered but on the whole polite courteous and helpful in understanding all those foreign looking chinese dish names ambiance all the chinese pottery and dishes really remind you of the oriental east asia,3,"123 Reviews , 1661 Followers",2017-12-01 23:05:00,2017,337,58,False,False,False,Chinese Pavilion,3,Chinese,"['chinese', 'dish', 'asia']"
Behrouz Biryani,Shubam,ordered murgh biryani it was awsome quality and quantity wise its decent and taste also add on was a gulab jamun which also tasted well,5,1 Review,2018-09-14 14:46:00,2018,135,25,False,False,False,Behrouz Biryani,5,Indian,"['murgh', 'jamun', 'gulab']"
Urban Asia - Kitchen & Bar,The Food O’Clock,this place is highly recommended it is working with eat india company under the same roof may be kitchen as well basically u ca order any of the twos menu from one table eat india company has indian food while urban asia has asian food like chinese thai food etc we ordered the real bangkok basa chefsubbas secret recipe noodles and sanghai fried rice from urban asia the real bangkok basa it tastes so good it was steamed fish and mixed with some green sauce taste was 55 subbas secret recipe noodles was gravy noodles with lots of veggies mushroom chicken taste 55 sanghai fried rice was a mixed of noodles and rice in which noodles was more than the rice taste was 55 service 45 little bit slow in bringing food ambiance 45,5,"26 Reviews , 13 Followers",2019-05-25 20:23:00,2019,726,134,False,False,False,Urban Asia - Kitchen & Bar,5,Chinese,"['noodles', 'rice', '55']"
The Indi Grill,Sanjay Krishna,great ambience to start with taste and quality good the only concern is that the variety is less service is decent surender our steward for the lunch was very patient and helpful,3,"1 Review , 1 Follower",2019-04-26 15:18:00,2019,178,32,False,False,False,The Indi Grill,3,Steakhouse,"['start', 'helpful', 'variety']"
Feast - Sheraton Hyderabad Hotel,Yogesh Kumar Gupta,we went for a lunch with our team and all of us were truly disappointed with the food and the service as well for vegans they had just 2 starters the food did not had any taste it was more like just things being mixed without any skills desserts were little better but main course was completely disappointing be it the dal makhani which lacked consistency or the paneer which was like cubes poured on top of the gravy i certainly would have tasted better food than this at pretty lower costs,1,"16 Reviews , 46 Followers",2019-05-15 16:27:00,2019,492,92,False,False,False,Feast - Sheraton Hyderabad Hotel,1,Dessert,"['better', 'just', 'truly']"
Behrouz Biryani,Deepa Arora,a rich flavoured bhuna murg biryani from this place surely will delight ur taste buds as i opened the box of my biryani the aroma was so tempting it tasted yum topped with lots of deep fried onions and almonds it has more of the lucknowi biryani taste the only reason i dont give it a 5 is it is way too rich as a meal,4,"39 Reviews , 150 Followers",2018-08-30 02:59:00,2018,318,66,False,False,False,Behrouz Biryani,4,Indian,"['rich', 'biryani', 'flavoured']"
The Chocolate Room,Bhavya Rupa,i ordered cappuccino and got black coffee read orders correctly first,1,"16 Reviews , 15 Followers",2018-04-08 23:49:00,2018,69,11,False,False,False,The Chocolate Room,1,Cafe,"['black', 'orders', 'coffee']"
Prism Club & Kitchen,Raju Rj,worst place first of all it is in outskirts and the staff in the entrance they are least bothered about the customers they are not professional literally we came back without entering all hype created,1,"3 Reviews , 2 Followers",2019-02-14 13:50:00,2019,200,35,False,False,False,Prism Club & Kitchen,1,General,"['professional', 'literally', 'customers']"
Shah Ghouse Hotel & Restaurant,Ravi Munagala,i have placed order for mutton haleem special 3 qty and biryani rice 1 qty shah ghouse and zomoto together delivered shortage of mutton haleem special 1 qty informed to deliver executive while collecting parcel and reportes to zomoto support zomoto team said that no response from shah ghouse regarding shortage delivery finall zomoto also not confirmed anything and accepted refund only missed item value packing also very unhygienic totally upset with shah ghouse and zomoto,1,1 Review,2019-05-19 21:50:00,2019,476,76,False,False,False,Shah Ghouse Hotel & Restaurant,1,Indian,"['ghouse', 'shah', 'haleem']"
Jonathan's Kitchen - Holiday Inn Express & Suites,Mayurika Sarkar,i have heard lot about the place but finally tonight i managed to visit it they have an interesting and a wide range of a la carte menu and thats what we all were hoping to try out the ambiance is similar as of any fine dining restaurant i heard reviews about their service being a bit slower but luckily i did not experience that tonight might be due to the lesser rush on a weekday night rather i found the service quite good the quantity of the dishes served did justice to the term value for money recommendations blackened salmon steak rib eye steak one of the very few places in hyderabad where they served an actual medium rare steak sirloin steak cilantro fish jumbalaya cheese cake with blue berry compote,4,"74 Reviews , 267 Followers",2019-04-10 00:14:00,2019,714,132,False,False,False,Jonathan's Kitchen - Holiday Inn Express & Suites,4,Seafood,"['heard', 'did', 'served']"
Tandoori Food Works,Dipanjan Maji,nice place for a perfect dinneri have tried chicken tikka biryani and that was just superi want to come with my family once more because of the food and prompt service,4,"24 Reviews , 1843 Followers",2019-01-03 09:38:00,2019,167,31,False,False,False,Tandoori Food Works,4,Indian,"['prompt', 'tikka', 'come']"
Hyderabadi Daawat,Vishalyadav9234,food is awesome and good atmosphere loved it good palace and good moktails staff is really good and cool place will visit again with friends,5,"3 Reviews , 3 Followers",2018-10-02 23:26:00,2018,140,25,False,False,False,Hyderabadi Daawat,5,General,"['good', 'atmosphere', 'cool']"
Absolute Sizzlers,Food Nawabs,you hear about a place a 100 times how do you solve the puzzle when you visit it once to experience it yourself being a foodie its important we suss things out in person one of the puzzle i came across was this place absolute sizzler i had mixed reviews and i said let metry been here and loved the place people have lot of different views and takes on sizzlers and how they expect it to be like a dhaba style here its a fusion of both desi and videsi tadkaa so keep an open mind to ravish some delicious sizzlers i give a happy 45,4,"130 Reviews , 5533 Followers",2019-04-28 19:14:00,2019,531,107,False,False,False,Absolute Sizzlers,4,General,"['sizzlers', 'dhaba', 'foodie']"
Zing's Northeast Kitchen,Sumit,such a disappointing visit went at around 730 pm menu was given having lot of options to choose from beef pork chicken fish veg i dont eat pork and beef so asked for chicken momo not available veg momo not available mung tang fish item not available full steam fish not available i walked out of the place without having anything,1,"401 Reviews , 2736 Followers",2019-01-17 22:19:00,2019,329,61,False,False,False,Zing's Northeast Kitchen,1,Seafood,"['available', 'beef', 'fish']"
Absolute Sizzlers,Vishnu Vardhan,great sizzlers enjoyed it thoroughly nice place to hang around with colleagues or friends i recommend to try this place and food amazing combos are offered by this restaurant,5,"4 Reviews , 1 Follower",2019-03-06 13:48:00,2019,174,29,False,False,False,Absolute Sizzlers,5,General,"['combos', 'offered', 'sizzlers']"
Chinese Pavilion,Aakash Jain,ordered all vegetarian dishes and everything was good to taste but almost everything was a bit too oily staff is well behaved and professional,4,"21 Reviews , 42 Followers",2018-10-21 16:44:00,2018,142,24,False,False,False,Chinese Pavilion,4,Chinese,"['professional', 'oily', 'vegetarian']"
Hyper Local,Naina Hussain,hyper local is the perfect place for a saturday night for a party scene great ambience a dance arena with a good dj and a tv screen for those cricket buffs in d group they have everything for everyone the fries are a must try with the lavish assortment of drinks served here,4,"5 Reviews , 3 Followers",2019-04-09 23:16:00,2019,274,53,False,False,False,Hyper Local,4,General,"['local', 'saturday', 'fries']"
Zing's Northeast Kitchen,Debasmita Ghosh,an extremely accessible joint situated on the main road with a pretty good variety of north east cuisine and a polite bunch of staff we planned to try anything but options in pork so we ordered pork belly with veggies n kimchi salad the particular dish is supposed to be consumed is a unique fashion the pork belly veggies and kimchi are to be placed on the lettuce leaf and wrapped this combination is delicious and you would love it next we had smoked pork ribs which i assume had barbecue sauce and sesame seeds and tastes pretty soft tender and yum the beef curry and steamed rice was decent but extremely spicy you can specify how spicy you want your dish and they can suggest or customise their dishes ambience is nothing but ordinary and it draws a decent crowd even on weekdays but i would definitely go back to try the other delicacies do visit and indulge into their menu,4,"74 Reviews , 64 Followers",2018-11-15 12:06:00,2018,881,162,False,False,False,Zing's Northeast Kitchen,4,Indian,"['pork', 'veggies', 'extremely']"
Chinese Pavilion,Kaushik And Neha,hello this place was bookmarked for a long time now so i wanted to pay it a visit and finally the moment came when i was actually able to go there i am a huge fan of indochinese cuisine and i honestly had a high hope from this place but all in all it was disappointment i ordered chicken manchow soup which was good although the salt was on the higher side hakka noodles and fried rice has too much oil and theres no reason for that amount of oil to be there in the chinese food wolly chicken and chicken chilli dry had extreme amount of garlic which werent properly fried and rather than giving a good taste it made the entire dish difficult to eat as the flavour was overpowering all in all the food wasnt enjoyable will i visit again probably not i am sorry thanks,3,"132 Reviews , 286 Followers",2017-06-03 23:11:00,2017,767,149,False,False,False,Chinese Pavilion,3,Chinese,"['oil', 'fried', 'chicken']"
Amul,Shreya Soni,nutella brownie blast thick milk shake i would rate this 45 because i was expecting some brownie piece in it i liked the taste thickness was also perfect over all would suggest people to try this,5,"36 Reviews , 532 Followers",2018-10-15 16:34:00,2018,195,36,False,False,False,Amul,5,General,"['brownie', 'expecting', 'milk']"
Zing's Northeast Kitchen,Saran Raparthy,had been there today with the reviews seen here food was below average we ordered lemon grass chicken 2 pork dishes naga chicken curry butter garlic prawns chicken raymun noodles out of all this lemon grass chicken n pork never came to our table staff are very very slow very dumb very very poor service forgot half of the items even after writing down guys just be prepared each dish takes a minimum of 30mins for it to arrive at your table never going here again,1,"14 Reviews , 66 Followers",2019-01-27 16:41:00,2019,464,86,False,False,False,Zing's Northeast Kitchen,1,Chinese,"['lemon', 'pork', 'chicken']"
Hyper Local,Shreshth Malhotra,visited hyper local for their newly launched drunch buffet the buffet spread is valid for weeekends and costs nearly 1200 per person the place itself is located in a good open area inside sln terminus and has both indoor and outdoor sittings to offer my experience with their food was decent the drunch layout comprised of north indian inspired starters such as dahi bhalle dahi vade gol gappe as well as papdi chaat i would have to say that they gave a decent shot to all these things my favorite of the lot was their golgappe speaking about their main course they had a really limited options consisting of chole bhature veg hakka noodles red thai curry chicken pizza steamed rice chicken tikka chicken wings and chicken pockets looking at the price of the drunch i feel a bit more items should have been on offer their chicken pizza and chicken tikka were simply delicious however they need to work upon their thai curry and the availability of other items in the layout the best part about the place was the drinks section loved the preparation of wet garden cocktail sangria and cranberry cooler special mention to the bar tender for a lovely range of drinks one can give a try to their drinks whenever you get a chance to visit the place all in all the experience would have much better if there would have been additional veg appetizers and a few main course dishes happy eating,3,"275 Reviews , 1989 Followers",2019-03-25 15:50:00,2019,1385,248,False,False,False,Hyper Local,3,Italian,"['chicken', 'dahi', 'drinks']"
Zing's Northeast Kitchen,Naveen Kolluguri,friend ordered chicken scullent non veg ramyun chicken sobs and square cut along with virgin mojito the food was very good and the bill came upto 627 which was a very decent deal will be visiting place,4,"113 Reviews , 2788 Followers",2019-03-05 16:28:00,2019,201,37,False,False,False,Zing's Northeast Kitchen,4,General,"['virgin', 'mojito', 'upto']"
The Glass Onion,Puja Agarwal,perfect place for lunchdinnercorporate partiesfriends get together in short everything ambience is lit the place is super bright and it feels amazing being here food veg and nonveg both were delicious must try broccoli kebabs ravioli nachos non veg 5 spice kebab prawns chicken tikka service staff was super friendly they made the visit complete a must visit one,5,"32 Reviews , 265 Followers",2019-04-17 23:19:00,2019,362,59,False,False,False,The Glass Onion,5,General,"['super', 'veg', 'short']"
Shah Ghouse Spl Shawarma,Abdul Haii,ordered khaliooz and samoli shawarma everytime the quantity used to be good now the meat was very less in quantity and quality doesnt meet standards,4,1 Review,2018-09-22 01:14:00,2018,148,25,False,False,False,Shah Ghouse Spl Shawarma,4,General,"['quantity', 'meet', 'standards']"
Jonathan's Kitchen - Holiday Inn Express & Suites,Aruna Swetapadma,i love clean and well lighted restaurants jonathans kitchen is certainly one of them soft music nice and clean seating arrangement appeals you to have a good meal there i ordered minestrone alla genovese soup thai green veg curry agnolotti pasta and chocolate fondant cake all were delicious and really lives upto your expectations i expected the chocolate fondant cake to be bit warm but it wasnt food is amazing,5,"8 Reviews , 55 Followers",2019-02-14 18:46:00,2019,413,70,False,False,False,Jonathan's Kitchen - Holiday Inn Express & Suites,5,Italian,"['clean', 'cake', 'chocolate']"
PourHouse7,Ganesh,food is delicious and drinks were superbdharmender was the guy who was taking care of us very well and was a very lovely manph7 rocks i will love to come again,5,"1 Review , 3 Followers",2019-03-25 16:33:00,2019,159,31,False,False,False,PourHouse7,5,General,"['taking', 'guy', 'lovely']"
Mathura Vilas,Shikha Jain,very happy with service provided by nilak das happy go lucky person will visit just for his service and awsam food served by him i am happy with all,5,"1 Review , 2 Followers",2018-10-11 22:26:00,2018,148,29,False,False,False,Mathura Vilas,5,General,"['happy', 'provided', 'person']"
Cafe Eclat,Ankana Chakraborty,as a compulsive dessert and bread hogger i was logically drawn towards the menu of this place and it didnt disappoint if you are looking for a doughnut please move away from those factory line produced dense overtly sweet and miserly filled ones its about time they dunk themselves in a pot of acid eclats doughnuts are exactly what the deep fried yet fluffy bites of joy should be the berliners are generously filled and are light enough not to stick to your teeth the new york cheesecake is one of the best ive had in terms of texture its rich and flaky when the fork hits it and absolutely melts as soon as it touches your tongue i do recommend cutting back on the cinnamon a tad bit to ensure it allows the flavours of the cheese to shine through the chocolate cake is decadent and comfortably ranks one among the best in the city the key lime tart is full of flavour with the right balance of tang and sweet the taste of the dishes confirms the use of good quality ingredients and an understanding of the technic needed to churn out great products keep it up,4,"10 Reviews , 8 Followers",2018-10-10 16:32:00,2018,1063,199,False,False,False,Cafe Eclat,4,Cafe,"['filled', 'sweet', 'cheesecake']"
Sardarji's Chaats & More,Sri Bhavya,ordered paav bhaji chole bhature and papdi chat but they forgot to deliver the chati was a bit disappointed by thatbut the taste was good,3,"14 Reviews , 3 Followers",2019-02-09 12:26:00,2019,137,25,False,False,False,Sardarji's Chaats & More,3,General,"['forgot', 'chat', 'chole']"
KS Bakers,Sudha Sudhakar,wonderful place to have burgers pizzas pastries as well burger is cheesy liked it very much felt delicious had pastry too good price and worth taste,5,"1 Review , 1 Follower",2018-06-09 19:24:00,2018,148,26,False,False,False,KS Bakers,5,Italian,"['cheesy', 'pastry', 'pizzas']"
The Chocolate Room,Reetesh,have been a fan of chocolate room since years and this ones really disappointed me a worst experience an awfull taste and they call walnuts as almond,1,1 Review,2018-10-08 23:14:00,2018,149,27,False,False,False,The Chocolate Room,1,General,"['years', 'room', 'ones']"
Ulavacharu,Nagula Nagaraju,one of the best food experience in hyderabad raju gari kodi pulav unique and mouth watering quantity is very less compared to other similar level of restaurants,5,"13 Reviews , 11 Followers",2019-05-11 08:54:00,2019,160,27,False,False,False,Ulavacharu,5,General,"['pulav', 'kodi', 'watering']"
Driven Cafe,AbstractFoodie,nice place coffee is nice stays open till midnight which is great for people who work late night and are in need for a good coffee we had double chocolate decadent which is ok as we had better before plus it doesnt look like its made fresh coffee was nice as it can get better,3,"76 Reviews , 113 Followers",2018-08-13 00:18:00,2018,276,55,False,False,False,Driven Cafe,3,Cafe,"['coffee', 'nice', 'better']"
The Fisherman's Wharf,Arpa Ghosh,on a sunday evening my wife got some serious cravings for sea food so the first name that came to my find was fishermans wharf on my last trip to goa i had the opportunity to visit their outlet near mobor beachsouth goa i wont say that i had an awesome food experience but i was blown away by their ambiance although they have opened an outlet in hyderabad for quite sometime but somehow we were yet to visit so on sunday 19th may 2019 it was time for redemption we visited the place around at 830 pm in evening and by just watching the sheer numbers of cars parked i could figure out that it was a full house ambiance at the reservation table we were courteously greeted then we were taken inside and had our indoor seat at panjim restaurant we would had loved an outdoor or upper deck seats but unfortunately all were reserved starting from decors live music the lighting well all i could say was that place was lively the ambiance may not be as good as their south goa outlet but its not lagging that far either ratings 45 service as we were seated indoors at the panjim restaurant himanshu was incharge of our table he was polite courteous and efficient he was prompt in taking the order for us and the food came literally in no time topnotch ratings 55 food tada here comes the big deal my wife had prawn curry rice and i had fish and chips the prawn curry had thick gravy prepared with coconut milk and goan spices and tasted yum it was served with steamed rice for the fish and chips fillet well the size of the fillets was really generous and tasted really well it was served with tarter dip i was really impressed with the food and now that we can get the coastal flavors here in hyderabad is a pure bliss ratings 455 value for money hmm its a very important point is the food served worth the price absolutely yes my bill was just around a thousand bucks for the amazing dinner and i am not complaining ratings 45 lets calculate rating ambiance service food vfm4 4375 final thoughts if you love live music goan shack kinda experience and good sea food then its a must visit probably one of the best place to chill out in hyderabad,4,"32 Reviews , 70 Followers",2019-05-20 10:28:00,2019,2140,404,False,False,False,The Fisherman's Wharf,4,Indian,"['ratings', 'outlet', 'ambiance']"
Jonathan's Kitchen - Holiday Inn Express & Suites,Shantanu Sharma,great buffet great food good service nice location is there anything else you desire everything from the service to the food is awesome here the fish was especially wonderfulust go here if youre in hyderabad,4,"59 Reviews , 501 Followers",2019-01-26 14:05:00,2019,207,35,False,False,False,Jonathan's Kitchen - Holiday Inn Express & Suites,4,Seafood,"['youre', 'great', 'location']"
Zing's Northeast Kitchen,Jujit Saikia,if you live anywhere in hyderabad and you love eating pork and beef then this is a good place to try none of the dishes contains masala and the chutney given as complimentary with the main course is worth trying though it is very very spicy because of the bhoot jolokia happy feasting,5,"7 Reviews , 223 Followers",2019-01-23 20:30:00,2019,284,53,False,False,False,Zing's Northeast Kitchen,5,General,"['beef', 'complimentary', 'pork']"
Mustang Terrace Lounge,Nikhil,worst behavior of the staff here they dont even know how to talk to customers i have been here to have some fun and enjoy my evening but had a bad experience,1,"3 Reviews , 1 Follower",2019-05-04 22:58:00,2019,157,32,False,False,False,Mustang Terrace Lounge,1,General,"['talk', 'fun', 'customers']"
Eat India Company,Avin Seth,a family dine in place great ambiane tasty food nice view and awesome ambiance the place has an ancient indian look with old locks supari cutters old doors on walls and ceiling are amazing its a lovely experience cheers rakshita nath,5,"197 Reviews , 1383 Followers",2018-09-02 14:08:00,2018,233,41,False,False,False,Eat India Company,5,Indian,"['old', 'cheers', 'dine']"
Cascade - Radisson Hyderabad Hitec City,Chhillar.varun,very good place for team lunch and dinnerfood is very tasty and deliciousstaff is very helpful and courteous specially salim khan chef manoj naresh and alisha,5,1 Review,2019-01-20 22:32:00,2019,158,26,False,False,False,Cascade - Radisson Hyderabad Hitec City,5,General,"['helpful', 'chef', 'specially']"
Banana Leaf Multicuisine Restaurant,Digvijay Singh,i ordered butter chicken but got paneer,1,"1 Review , 1 Follower",2018-06-28 23:00:00,2018,39,7,False,False,False,Banana Leaf Multicuisine Restaurant,1,General,"['butter', 'paneer', 'got']"
NorFest - The Dhaba,Ashok Choudhary,i never been to this place but recently ordered veg combo punjabi nonveg combo and curries dal makhani is mouth watering and other items included in combos are also yum,4,"90 Reviews , 289 Followers",2018-07-12 17:13:00,2018,168,30,False,False,False,NorFest - The Dhaba,4,General,"['combo', 'included', 'combos']"
10 Downing Street,Bhargavi Vasudha Anantatmula,it was great experience you will find crowd mostly on friday and saturday dance floor is not that great pricing was normal you can enjoy with family too,4,"10 Reviews , 6 Followers",2019-05-11 22:50:00,2019,152,28,False,False,False,10 Downing Street,4,General,"['pricing', 'normal', 'great']"
Zing's Northeast Kitchen,Reshma Gupta,very late orderhe forgot half of the food that i orderedhad to keep remindingthe staffs are not friendly at allthey dont even talk to you straight facenot polite do not visit,1,"3 Reviews , 79 Followers",2019-01-27 15:41:00,2019,174,31,False,False,False,Zing's Northeast Kitchen,1,General,"['forgot', 'talk', 'staffs']"
AB's - Absolute Barbecues,Daggu Aishu,very nice food and my family coming in restarent coming very nice sarvice very good food and very nice staters and mean course and staff is very nice sarvice and staff name shekhar and santhu sarvice is very nice,5,"1 Review , 7 Followers",2019-05-24 15:36:00,2019,212,39,False,False,False,AB's - Absolute Barbecues,5,Steakhouse,"['nice', 'coming', 'staff']"
10 Downing Street,David Ebenezer,10downingstreet is known for its wonderful ambience their inhouse brew is awesome one of my all time favourites is the mushroom added shepherds pie if you want to chill with your gang on a cool sunday evening the outdoor rooftop bar will be the place they also have a cozy dance floor space,4,"8 Reviews , 16 Followers",2019-04-09 16:18:00,2019,290,53,False,False,False,10 Downing Street,4,Bar,"['cozy', 'added', 'chill']"
Being Hungry,Indra,should be bit less oily and spicy,4,0 Reviews,2018-07-29 15:33:00,2018,33,7,False,False,False,Being Hungry,4,General,"['oily', 'spicy', 'bit']"
Owm Nom Nom,Hari Peruka,ordered family pack but delivered regular biryani,1,1 Review,2018-08-03 20:02:00,2018,49,7,False,False,False,Owm Nom Nom,1,Indian,"['pack', 'regular', 'delivered']"
The Lal Street - Bar Exchange,PRATIK AGARWAL,went on a dry day still the service was good the music and the dj is really good we had fun they have a fairly big dance floor which is a nice touch with cool graffiti,4,"5 Reviews , 54 Followers",2019-05-04 18:57:00,2019,167,36,False,False,False,The Lal Street - Bar Exchange,4,Bar,"['touch', 'fun', 'dry']"
Behrouz Biryani,Azhar Syed,worst biryani shahghouse biryani is 100 times better than this biryani very very less quantity price is very highworst biryani shahghouse biryani is 100 times better than this biryani very very less quantity price is very highworst biryani shahghouse biryani is 100 times better than this biryani very very less quantity price is very high,1,"1 Review , 1 Follower",2019-03-01 18:18:00,2019,339,55,False,False,False,Behrouz Biryani,1,Indian,"['biryani', 'times', 'price']"
La La Land - Bar & Kitchen,P Raghuraj,this place is one of the finest place and a great attraction is thursday karaoke nights which has been a main attraction and a crowd puller please continue this trend and keep up the good work courteous staff and kj akshay is a friendly guyentertains allthis place is great to unwind after days of hard work please continue and dont ever stop karaokes,5,"6 Reviews , 16 Followers",2019-04-04 22:43:00,2019,351,63,False,False,False,La La Land - Bar & Kitchen,5,Bar,"['work', 'stop', 'place']"
Squeeze @ The Lime,Priyanka Singh,nice packing and good food,4,"1 Review , 2 Followers",2018-06-08 17:00:00,2018,26,5,False,False,False,Squeeze @ The Lime,4,General,"['packing', 'nice', 'good']"
Chinese Pavilion,Bhargava Krishna,checked in here to try some delicious chinese food here seen nonveg luncheon tray menu ans tried the same which they are charging 300 taxes started with manchow soup and liked it instantly thereafter luncheon tray had came with pepper chicken starter kimchi salad wolly chicken egg fried rice and egg hakka noodles taste is fine and didnt liked eating egg hakka noodles and egg fried rice at a time badly missed dessert along with tray dnt mind for extra price value for money and fine ambience,3,"472 Reviews , 1302 Followers",2016-05-31 16:41:00,2016,494,87,False,False,False,Chinese Pavilion,3,Chinese,"['egg', 'fine', 'noodles']"
Hyderabadi Daawat,Srinivas Reddy,they sent mini biryani instead of full biryani and also it was very cold and melted and price was 250 very unhappy with the restaurant,1,1 Review,2019-04-30 14:55:00,2019,134,25,False,False,False,Hyderabadi Daawat,1,Indian,"['biryani', 'sent', 'instead']"
Jonathan's Kitchen - Holiday Inn Express & Suites,Mandar Gorade,had a lovely experience with my daughter at jonathans kitchen once again we love to eat at this place as it has as awesome menu we are very happy with the service provided was yamuna as she helped in customizing the dishes for my daughter thanks,5,1 Review,2019-05-09 14:27:00,2019,245,46,False,False,False,Jonathan's Kitchen - Holiday Inn Express & Suites,5,General,"['helped', 'kitchen', 'provided']"
13 Dhaba,Pragya,ontime deliverydelivery handling was also good food is being my favorite now i thank to restaurant and zomato as well for better service,5,2 Reviews,2019-03-24 15:38:00,2019,136,23,False,False,False,13 Dhaba,5,General,"['favorite', 'thank', 'zomato']"
Khaan Saab,Sami Msd,one of the best biryani i had in hyderabad ambience and service is too good royal welcome royal ambience music was so pleasant i want to give more than 5 stars such a nice place must visit,5,"2 Reviews , 6 Followers",2019-03-06 22:02:00,2019,188,37,False,False,False,Khaan Saab,5,Indian,"['royal', 'welcome', 'pleasant']"
Zing's Northeast Kitchen,Syed Zeeshan,bad experience when ordered food from here prices looked very reasonable while ordering and literally the quantity was very less they should be mentioning that if we are ordering prawns for starters they are giving exactly 6 pieces of them very disappointed with that even though the taste is good,1,"2 Reviews , 1 Follower",2018-12-15 18:03:00,2018,297,50,False,False,False,Zing's Northeast Kitchen,1,General,"['ordering', 'exactly', 'literally']"
Komatose - Holiday Inn Express & Suites,Dinesh Panpaliya,awesome food nd ambience must go place if you are staying nearby they also have pub inside nd karaoke or other events going on also the food served is good in quantity,5,"3 Reviews , 38 Followers",2019-04-24 12:36:00,2019,167,32,False,False,False,Komatose - Holiday Inn Express & Suites,5,Bar,"['nd', 'nearby', 'pub']"
Deli 9 Bistro,Mahee Orton,the service and quantity sucks the service and quantity sucks the service and quantity sucks the service and quantity sucks the service and quantity sucks,2,"1 Review , 59 Followers",2019-02-16 22:03:00,2019,154,25,False,False,False,Deli 9 Bistro,2,General,"['quantity', 'service', 'ginger']"
Squeeze @ The Lime,Jitendra,packing was nice food was good but pineapple was ripped perfectly as well as it was not fresh another thing is i ordered for juice pack and u sent me water bottle,4,"1 Review , 2 Followers",2018-04-29 19:35:00,2018,162,32,False,False,False,Squeeze @ The Lime,4,General,"['sent', 'pack', 'juice']"
Hyper Local,Dian Shmilev,i tried to visit the place and asked the waiters if we can use the 22 on drinks for non alcoholic drinks as well the waiter informed us that it is not possible but if we want we can switch to 11 for starters then a new waiter came and upon ordering he informed us that this is impossible but what was even more frustrating was that he started speaking in hindi despite the fact that it was obvious that we dont speak hindi of course we left immediately and dont think that will ever come back,1,"5 Reviews , 3 Followers",2019-03-24 22:58:00,2019,492,97,False,False,False,Hyper Local,1,General,"['waiter', 'drinks', 'dont']"
"3B's - Buddies, Bar & Barbecue",Sushree Sudarshana,we had an awesome experience govind dola govind was so polite friendly and kept on bringing us lots of tasty dishes till we could eat no more great job all of you,5,"1 Review , 3 Followers",2019-05-23 20:33:00,2019,162,32,False,False,False,"3B's - Buddies, Bar & Barbecue",5,Steakhouse,"['govind', 'job', 'kept']"
Cream Stone,Venkat Sainath Rameswarapu,masti time helped a lot refreshing memories office time best choice for the ice cream shops nearby gachibowli do try death by chocolate,4,"3 Reviews , 67 Followers",2019-02-06 00:27:00,2019,135,23,False,False,False,Cream Stone,4,Dessert,"['refreshing', 'nearby', 'helped']"
Karachi Cafe,Chetan P,delivery boy said that he met with an accident food got spill out of packed box,1,3 Reviews,2018-06-27 20:29:00,2018,79,16,False,False,False,Karachi Cafe,1,Cafe,"['boy', 'packed', 'box']"
Hotel Zara Hi-Fi,Neehar,worst experience ever and never received such option from zomato the food served was spoiled one however delivery by zomato was appreciable complete wastage of money should have spoiled my health never suggest one to order from it,1,"4 Reviews , 1 Follower",2018-11-20 13:34:00,2018,230,38,False,False,False,Hotel Zara Hi-Fi,1,General,"['spoiled', 'zomato', 'complete']"
Biryanis And More,Sambhangi Sandeep,good placenice ambience the service was real slow the butter naans were bad thats the only reason i rate em 4 but loved their chicken tikka masala and veg biryani will come back soon,4,"234 Reviews , 688 Followers",2018-10-10 16:36:00,2018,182,34,False,False,False,Biryanis And More,4,Indian,"['real', 'reason', 'rate']"
Cascade - Radisson Hyderabad Hitec City,George B.,sunday brunch experience at cascaderadisson it was a mixed experience because they had things we loved but also things we hated ill describe in the review service was really good one of the best mr salim and staff really did a great job to host us plus point for them ambiance instead was a total let down at least for us floor was dirty as you can see in some pics chairs were dirty even the water bottle was dirty the restaurant itself has nothing special no atmosphere just bland if you want to go and have a good time and to enjoy the atmosphere this is a no no food was on the good side it had good spread and some really good items as fish in butter sauce or polenta with mushroom ragou starters were average as desserts the best part on desserts was the fresh made waffles all other items are usually like everywhere salad counter pizza and pasta counter etc with some small exceptions has nothing special on menu but not bad on taste when it comes to the price for the buffet i think is too expensive most of the times we go out with some kind of discounts or coupons but at full price definitely not worth it food 35 ambiance 25 service 55 value 35,3,"173 Reviews , 345 Followers",2019-02-24 19:32:00,2019,1157,222,False,False,False,Cascade - Radisson Hyderabad Hitec City,3,Italian,"['atmosphere', 'counter', 'things']"
Yum Yum Tree - The Arabian Food Court,Ashutosh Choudhari,i just wonder how people praise the food and service maybe the day was different for me but i was really very dissapointed with the service they had given we asked for raita and we were served after we almost finished our mandi i hate such late servings mandi was all overhyped with taste being not that great instead i find it better at other places ambience wise it is nicer than other mandi restaurants however the choice of music could have been better overall i would say its just a waste to ur pocket and palate,3,"17 Reviews , 8 Followers",2019-03-10 03:08:00,2019,517,97,False,False,False,Yum Yum Tree - The Arabian Food Court,3,General,"['mandi', 'better', 'just']"
GD's,Sayar Ghosh Roy,simply awesome tried milky way mercury and cosmic burgers and the comet tail hotdog all of them tasted great the chicken has a deep texture and a nice smoky feel do try out this place,5,"1 Review , 4 Followers",2019-01-24 12:27:00,2019,183,35,False,False,False,GD's,5,General,"['texture', 'burgers', 'simply']"
Gal Punjab Di,Sunny Bhasin,as they promise best butter chicken its not true butter chicken was not that creamy and smooth it was missing that hint ambience is good other things were good menu is quite funky decor is punjabi theme they need to improve thier service,4,"12 Reviews , 39 Followers",2018-11-13 12:43:00,2018,237,43,False,False,False,Gal Punjab Di,4,General,"['butter', 'missing', 'theme']"
Deli 9 Bistro,Anubhav,this is such a default place that if you cannot make your mind come over here and till now they have never dizappointed food is good service is fast and you have a good time,5,"10 Reviews , 35 Followers",2019-01-17 23:08:00,2019,173,35,False,False,False,Deli 9 Bistro,5,General,"['mind', 'fast', 'till']"
SKYHY,Prasanna,they dont have any options they have an elaborate menu but have very few options available waste of going there service was not good too cocktails were costly but they dont taste good at all,1,"25 Reviews , 25 Followers",2019-03-07 15:52:00,2019,190,35,False,False,False,SKYHY,1,General,"['options', 'dont', 'costly']"
Club Rogue,Venkat.Ch,just went to this place for a couple of drinks as drained by the sun a lot good place good ambinace and hide place to hang on get to know apart from weekend friday and saturday rest all the days are ladies night that sounds awesome when u have a girl with u price range is ok ambiance is 4 service i did not understood any thing because its just few drinks n snacks would love to comeback keep upthe good work,4,"61 Reviews , 138 Followers",2019-05-21 19:08:00,2019,409,82,False,False,False,Club Rogue,4,General,"['drinks', 'ladies', 'just']"
Cream Stone,Kaushani Roy Choudhury,the ice cream is really good the ambiance is cute and the staff is courteous no complaints as such i like my ice cream to be a little subtle sweet but would highly recommend this to all the ice cream lovers,4,"67 Reviews , 220 Followers",2019-04-10 09:54:00,2019,206,41,False,False,False,Cream Stone,4,Dessert,"['ice', 'cream', 'lovers']"
The Fisherman's Wharf,Kiran Reddy,lovely location and really a vast place great ambience friendly and courteous staff great sea food loved the crispy calamari decently priced,4,"38 Reviews , 114 Followers",2019-05-01 18:57:00,2019,140,22,False,False,False,The Fisherman's Wharf,4,Seafood,"['sea', 'great', 'priced']"
Cream Stone,Swathi Siri,if you are an icecream lover you might have already been here cream stone is one of the best places to get many variety flavoured icecreams at anytime,5,"11 Reviews , 7 Followers",2019-03-01 11:00:00,2019,150,28,False,False,False,Cream Stone,5,General,"['flavoured', 'stone', 'icecream']"
Eat India Company,Shamekh Siddiqui,ambience great perfectly lit and has separate section for smokers food starters are really good did not have much variety but were good in taste the main course and desert were just like any average buffet i would say it does have value for money not that expensive overall visit if you have tried all the other buffet restaurants and want to to try something new,3,"8 Reviews , 7 Followers",2019-05-22 14:50:00,2019,363,66,False,False,False,Eat India Company,3,General,"['buffet', 'desert', 'lit']"
GD's,Akansha Garg,not a nice experience the burger had a grill impression but was not cooked and was raw the fried veggies was not having taste the dip was also not interesting,1,"19 Reviews , 1 Follower",2018-09-16 18:10:00,2018,158,30,False,False,False,GD's,1,Steakhouse,"['raw', 'grill', 'interesting']"
"3B's - Buddies, Bar & Barbecue",K Praveen,gobind passionate in serving polite in nature strict in duty really very nice experience everything was suoerb thanks 3bs to give us a very nice dining,5,"1 Review , 2 Followers",2019-05-23 23:20:00,2019,151,26,False,False,False,"3B's - Buddies, Bar & Barbecue",5,Steakhouse,"['nice', 'dining', 'serving']"
Tiki Shack,Siddharth Gopalam,ive been coming to this branch on a weekly basis off lately like from 4 weeks or so whenever i ask for the beer of my choicekf ultra or kf draught you guys just bluntly tell me that its not available once ive asked karan directly and he told me that theyd be available only during the weekdays ive visited this place today ie wednesday and its the same story again im forced to order heineken or bira the worst part was when i was about to push off after our hangout ive seen almost everyone inside drinking towers of draught beer and when ive asked they just ignored and didnt even care to respond like really speaking on everyones behalf it could be a budget constraint or someones personal preference of beer but not providing equal service to every customer is unprofessional and im really disappointed this time well what can i say mustang is much betterthey offer everything in the menu i never expected that id drop such a review for one of the most happening pubs in hyd but i really cant help it this time work this out asap,1,"5 Reviews , 86 Followers",2019-04-04 22:55:00,2019,1033,193,False,False,False,Tiki Shack,1,Bar,"['ive', 'beer', 'im']"
Pot Pourri,Akarsh Prabhu,had been here to taste authentic andhratelangana cuisine tried the cashew chicken starter and the prawn biriyani the starter was nothing but boneless chicken fried in some bland batter with fried cashew stuck to it it looked like some home made beginner dish it was really dry the server even forgot to give me chutney with it the only thing andhra about the biriyani was the spice level it was above normal levels otherwise no special flavour the dish didnt have enough salt which we added later ourself there was some birthday party going on because of which each dish took an hour to get to us after all this hassle they give us complimentary gulab jamun from the buffet which was nowhere a compensation for the bad experience or for the price we paid i am just hoping this isnt the real telangana cuisine which it is famous for and i was just at the wrong place,2,"5 Reviews , 69 Followers",2019-04-03 17:03:00,2019,865,158,False,False,False,Pot Pourri,2,General,"['dish', 'cuisine', 'biriyani']"
Chinese Pavilion,Khan,starting off with foodthey have amazing and delicious chinese food for starters as well as main course service is good and the people are polite quality and quantity both were up to the mark a must visit,5,1 Review,2019-05-13 12:05:00,2019,203,37,False,False,False,Chinese Pavilion,5,Chinese,"['starting', 'mark', 'chinese']"
Pista House,Mrinal Chakroborty,after a day long review we crashed at the gates of pista house hyderabad we started with chicken tandoor which was well cooked and tasty we moved on to have signature patthar ke ghosht it was soft and outstanding what a product then we concentrated on mutton kachhi biriyani it honoured its fame great service n nice ambience we had ended up with lovely kheer cheers,4,"17 Reviews , 28 Followers",2019-01-11 16:10:00,2019,366,66,False,False,False,Pista House,4,General,"['pista', 'signature', 'kheer']"
Al Saba Restaurant,Samreen Rizvi,nice ambience for a low budget restaurant full paisa vasool taste and food quality good service if you are low on budget still want to have a good quality food then this is the right place for you,5,"10 Reviews , 17 Followers",2019-01-12 14:37:00,2019,196,38,False,False,False,Al Saba Restaurant,5,General,"['budget', 'low', 'quality']"
Amul,Age Of Foodies (Suraj Karambe),friday night must desserts amul has an outlet near dlf cybercity gate 2 gachibowli which is fully crowded on the weekends this place is small and has less number of tables available it is decorated with the lights and the loud music plays in the background people love to enjoy desserts here after having the street food at dlf they serve a large variety of ice creams brownies sundae etc we ordered belgian chocolate rajbhog and kesar pista ice creams cost near inr 75 all of them were delicious and mouth watering service was quite slow as they had many online orders in a queue overall a casual place to on every weekend for the desserts along with the friends,4,"104 Reviews , 334 Followers",2018-07-31 15:02:00,2018,663,120,False,False,False,Amul,4,Dessert,"['desserts', 'creams', 'dlf']"
Momos Delight,Madhurjya,size of the momos could be improvedotherwise taste is fine enough,4,"44 Reviews , 177 Followers",2018-07-05 20:28:00,2018,65,11,False,False,False,Momos Delight,4,General,"['size', 'momos', 'fine']"
Pista House,Bhushan Gaonkar,amazing food was much better then expected as it was just a pit stop while passing by service guy mr raj was too helpful with suggestions worth the visit if your in hyderabad,5,"2 Reviews , 35 Followers",2018-07-27 16:07:00,2018,174,33,False,False,False,Pista House,5,General,"['stop', 'guy', 'mr']"
Shah Ghouse Hotel & Restaurant,Manojkumar D Nambisan,food is decent and tastes palatable not the best though not very comfortable with the hygiene ambience is average service is poor good value for money if one can ignore the ambience and service,3,"29 Reviews , 11 Followers",2019-03-16 12:09:00,2019,193,34,False,False,False,Shah Ghouse Hotel & Restaurant,3,General,"['hygiene', 'comfortable', 'poor']"
Eat India Company,Venkat Emadabattula,i would like to start that it worth itwent for dinner buffeti love the spread of asian and indian dishes which were in the buffeton top of that excellent service by all the polite staff in the restaurantwhat else could u asksimply amazing friday night,5,"1 Review , 15 Followers",2019-05-24 23:09:00,2019,251,45,False,False,False,Eat India Company,5,Indian,"['asian', 'start', 'friday']"
Hotel Zara Hi-Fi,Likhith Sai,nice food good place for foodies and tasty is good and price is also tooooo normal but need to improve some spicy and if it does then itsss toooo goddd,5,3 Reviews,2019-04-07 23:53:00,2019,151,30,False,False,False,Hotel Zara Hi-Fi,5,General,"['does', 'normal', 'improve']"
Feast - Sheraton Hyderabad Hotel,Ranbeer,extremely happy with the service food and ambiance is great ankit the manager is superb thanks for hosting us for dinner buffet and special mango juice,5,"1 Review , 2 Followers",2019-02-14 20:23:00,2019,151,26,False,False,False,Feast - Sheraton Hyderabad Hotel,5,General,"['juice', 'mango', 'superb']"
The Tilt Bar Republic,Vysakh Krishnakumar,this is not a place to express hate but today i went their for a lunch it was a downer we got the empty buffet counters and plates pasta counter is closed too early and all i felt shame in front of my guest poor guest management and service even you can see in photo my plate was empty even after the beer came on the table i never prefer for a party over their but sugeest you its a nice place to have beer and have some snacks as a bar siting on the bar counter the beer over their was awesome give only mark for the beer,1,"4 Reviews , 17 Followers",2019-01-01 21:44:00,2019,523,109,False,False,False,The Tilt Bar Republic,1,Italian,"['beer', 'counter', 'bar']"
Paradise,Srinivas Nemani,service was amazing been to biryani places but paradise birayani taste great place is cozy and great to hang out with friends would love to visit again,5,"1 Review , 2 Followers",2019-05-15 15:00:00,2019,151,27,False,False,False,Paradise,5,Indian,"['paradise', 'cozy', 'great']"
KFC,Amrita Sahoo,ordered zinger doubles and hot and crispy chickentaste was goodpackaging was very good i really liked the kfc sticker on the outside which made me assured food is not tampered withdelivery by zomato also on timejust hoping kfc would consider to bring out more option in grilled or baked chicken items so that food can be healthy,5,8 Reviews,2019-05-18 20:52:00,2019,328,57,False,False,False,KFC,5,Steakhouse,"['kfc', 'bring', 'healthy']"
Karachi Cafe,Astha Sharma,if u r looking for a place to chill and relax this is the place fruit juices are fresh ordered bombay sandwich which was worth the money ambience is nice and service too overall food 4 ambience 4 service 4 can be revisited yes,4,"23 Reviews , 21 Followers",2018-09-03 16:15:00,2018,226,44,False,False,False,Karachi Cafe,4,Cafe,"['fruit', 'yes', 'chill']"
Ulavacharu,Aditya,too much expensive for the quantity served not worth the money most items in the menu arent available taste is just average not recommended,1,4 Reviews,2019-05-15 13:37:00,2019,139,24,False,False,False,Ulavacharu,1,General,"['expensive', 'recommended', 'available']"
Frio Bistro,SHADAAB ANWAR,unhappy mezze platter had no taste and they took over 45 mins to prepare the food in spite of showing an expected delivery time of 30 mins not satisfied with service or taste thumbs down for me,2,"3 Reviews , 3 Followers",2018-09-07 16:05:00,2018,193,37,False,False,False,Frio Bistro,2,General,"['mins', 'prepare', '30']"
Cream Stone,Ajay,ice cream was good but its totally got melt as delivery boy took a lot of time to reach he mentioned it as delivered as soon as he picked order he took nearly 45 minutes to come,1,"1 Review , 1 Follower",2018-10-07 23:47:00,2018,177,37,False,False,False,Cream Stone,1,Dessert,"['took', 'melt', 'boy']"
PourHouse7,Rohan - Total Foodie,usually dont get a chance to go out for lunch on weekdays but finally got a chance with colleagues to do so after a client meeting since the meeting was in gachibowli we decided to try out a place not too far from ikea so we landed at pourhouse7 which is located above the maruti showroom for appetizers we started by ordering kung pao chicken spicy black pin chicken stir fried vegetables and also order a veg spring salad both the chicken appetizers were excellent the kung pao chicken was hot and spicy and the spicy black pin was a little sweet and sour and full of flavor the stir fried vegetables was made of a plethora of vegetables which included mushrooms broccoli zucchini baby corn and carrots along with appetizers we ordered mocktails blue sea virgin mojito pinacolada and ph7s special in house mocktail among the mocktails the one which stood out was the special in house drink coming to main course we ordered paneer butter masala butter chicken and rotis the butter chicken was delicious chicken was tender buttery and cooked perfectly paneer was soft and fresh the best dish of our lunch was the 7h special biryani wrapped in an omelette the biryani was visually appealing the rice was flavorful chicken full of spices and this biryani was amazing overall we had a fantastic time if anyone is around gachibowli and looking for a drink and good food this is the place to visit,5,"157 Reviews , 505 Followers",2019-04-11 15:13:00,2019,1392,247,False,False,False,PourHouse7,5,Indian,"['chicken', 'vegetables', 'kung']"
The Chocolate Room,Foodkong,ordered swiss chocolate cake from here nice when it arrive packing is good could have used nice quality ingredients to make it better as the cream was like some powder mix would try again if they improve the cream of cake thank you hope the restro improves,3,"50 Reviews , 167 Followers",2018-10-28 10:08:00,2018,256,47,False,False,False,The Chocolate Room,3,Dessert,"['cake', 'cream', 'ingredients']"
Beyond Flavours,Ppck2412,food is descent enough desert options were also good starrers were also tasty one bad experience ee had is waiting time even though we booked table prior time,4,"3 Reviews , 3 Followers",2019-05-20 12:11:00,2019,158,28,False,False,False,Beyond Flavours,4,General,"['booked', 'desert', 'time']"
Asian Meal Box,Paras Sharma,i order hot and sour chicken soup it was salty and sour i also ordered noodles with chilli potato noodles were tasteless same goes with chill potato the quality has been reducing with time,1,"5 Reviews , 23 Followers",2018-12-27 21:24:00,2018,188,34,False,False,False,Asian Meal Box,1,Chinese,"['sour', 'potato', 'noodles']"
10 Downing Street,Prakriti Priya,a good place to relieve all your tension after your work good food good ambience and good crowd cant resist myself to be there again,5,"18 Reviews , 15 Followers",2018-11-29 12:36:00,2018,132,25,False,False,False,10 Downing Street,5,General,"['good', 'work', 'crowd']"
Barbeque Nation,Prachita Jayaswal,this place goes and keeps up with the name amazing starters the chicken kebabs are wonderful the crispy corn and the cajun spice potatoes are super duper awesome after the rounds of starters there wasnt any space for the main course so directly went for desserts their in house kulfis are the speciality here paan kulfi tastes the best gulab jamuns with icecream make the perfect combo,4,"104 Reviews , 531 Followers",2018-09-28 01:27:00,2018,385,67,False,False,False,Barbeque Nation,4,Dessert,"['starters', 'goes', 'icecream']"
Mohammedia Shawarma,Adnan Meraj,no chicken in shawarma only cabbage and tomatowaste of moneyworst shawarmabefore one month shawarma is good now a days waste shawarma,1,1 Review,2018-09-29 22:30:00,2018,133,21,False,False,False,Mohammedia Shawarma,1,General,"['shawarma', 'days', 'waste']"
PourHouse7,Abhishek Shrivastava,amazing place exemplary service by pradhan and sunil bhaiya on the rooftop loved every moment of this palce the dj was amazing too the cost is also okay not very expensive,5,"1 Review , 4 Followers",2019-05-02 23:39:00,2019,171,31,False,False,False,PourHouse7,5,General,"['amazing', 'rooftop', 'cost']"
10 Downing Street,Manojkumar D Nambisan,food is average service is poor can get crowded the ambience especially interior and its seating could have been better though finger food is good not much options for main course,3,"29 Reviews , 11 Followers",2019-03-16 12:19:00,2019,179,31,False,False,False,10 Downing Street,3,General,"['finger', 'interior', 'poor']"
The Chocolate Room,Gautam Thakur,taste and quality is good may be a bit more better,4,"4 Reviews , 1 Follower",2018-06-24 10:47:00,2018,50,11,False,False,False,The Chocolate Room,4,General,"['bit', 'better', 'quality']"
Momos Delight,Soumyaranjan Nayak,the best momos in hyderabad i have had so far right on dlf road easy to find their chicken kurkure momos are just wow excellent food at a reasonable price,5,"2 Reviews , 2 Followers",2019-01-11 22:16:00,2019,154,30,False,False,False,Momos Delight,5,General,"['momos', 'dlf', 'easy']"
Triptify,Priyanka,i have ordered chicken shawarma paratha which was smelling worst and tasting bitter money and hunger both went in vain never order food from this place,1,"1 Review , 13 Followers",2019-04-03 21:42:00,2019,151,26,False,False,False,Triptify,1,General,"['hunger', 'tasting', 'paratha']"
La La Land - Bar & Kitchen,Tushar Bhushan,environment was kinda boxed in which was not so appealing to feeling of being relax but food was great beer was coldcocktails were not so great but then there was a ac in smoking room so yes it can be rated as 3 star,3,"9 Reviews , 3 Followers",2019-04-04 14:28:00,2019,216,44,False,False,False,La La Land - Bar & Kitchen,3,Bar,"['kinda', 'rated', 'environment']"
The Old Madras Baking Company,Ashish,beautiful and classy set up of a bakery with real essence of baking ingrained loved the old school charm and new age tech enablement this place is a bliss for bread lovers called for chicken sandwich and masala omelette along with filter coffee filter coffee was just about perfect masala omelette was good breads of the sandwich were fresh and crisp loved it,4,"125 Reviews , 1812 Followers",2018-10-12 03:31:00,2018,359,63,False,False,False,The Old Madras Baking Company,4,Cafe,"['omelette', 'sandwich', 'coffee']"
Urban Asia - Kitchen & Bar,Mihir Bathia,food was amazing and the ambience is good its nice to go there with family and friends its little expensive but the food taste is too good,5,"3 Reviews , 19 Followers",2018-12-13 18:58:00,2018,138,27,False,False,False,Urban Asia - Kitchen & Bar,5,Bar,"['expensive', 'family', 'little']"
13 Dhaba,Gaurav Sharma,this place servers the best kuchas and parathas in hyderabadi have been here many times and this is my first review and i absolutely love the food over here must try items here are alu kucha chole bahturae alu onion paratha and sweet lassi this place does not have a lot of tabels a very small outlet and self service no waiters here whothis place purely focuses on food and i think they serve the best kulchas and parathas in hyderabad giving 5 start only for fooddo no expect any kind of ambiance visit this place only if you eat punjabi food,5,"10 Reviews , 57 Followers",2018-10-19 11:35:00,2018,544,102,False,False,False,13 Dhaba,5,General,"['parathas', 'place', 'servers']"
Sardarji's Chaats & More,Mayank,had the worst experience ever having ordered paneer butter masala and getting mix veg paranthas was not at all expected so guys be prepared if you get a totally different dish than what you order online,1,"9 Reviews , 6 Followers",2018-09-30 22:54:00,2018,202,36,False,False,False,Sardarji's Chaats & More,1,General,"['mix', 'getting', 'prepared']"
Desi Bytes,Medha Parashar,open air ambience just beside road live music specialty litti chokha with the best chutneys please dont have momos they suck i can just recommend this place for fresh air with litti chokha and nothing else so all 3 stars gors to litti chokha,3,"24 Reviews , 8 Followers",2019-01-19 23:10:00,2019,241,44,False,False,False,Desi Bytes,3,General,"['litti', 'air', 'just']"
eat.fit,Deepac Mishra,highly recommend this place the entire menu is so captivating and pleasing at the same time with a thought left in your mind that yay dont worry you are eating healthy and the food literally looks healthy no excess oil no hints of butter etc its simply delicious and perfect i tried dal makhni paneer curry masala chaach and tofu keema wrap all were fantastic in order of my mention,5,"84 Reviews , 798 Followers",2019-03-03 13:09:00,2019,382,70,False,False,False,eat.fit,5,Indian,"['healthy', 'keema', 'wrap']"
Hunger Maggi Point,Djy,it is good but i want some spicy if it is spicy it tooooo goood and as per cost qty also good its yummyplease add some vegitables i didnt get any vegitable in my order,5,"2 Reviews , 2 Followers",2019-05-18 18:53:00,2019,167,35,False,False,False,Hunger Maggi Point,5,General,"['spicy', 'add', 'cost']"
Paradise,Nikhil Reddy,gud foodfast service best people in the restaurant so fast delivery asking me to rate the restaurant nice restaurant good service many badtrips in the filed dont go,4,"1 Review , 1 Follower",2019-05-15 20:22:00,2019,164,28,False,False,False,Paradise,4,General,"['restaurant', 'asking', 'rate']"
Pista House,Tanvi Naik/ Taste.a.licious,out of many outlets in hyderabad i was waiting to try one soo i ordered from the one in gachibowli i tried 2 biryanis from this outlet chiken and mutton amazing biryani full filing quantity and delightful taste,5,"36 Reviews , 2045 Followers",2018-07-13 19:59:00,2018,210,38,False,False,False,Pista House,5,Indian,"['soo', 'biryanis', 'waiting']"
Shah Ghouse Spl Shawarma,Somasree Sengupta,didnt like the quality seems like its been stored,2,"53 Reviews , 136 Followers",2019-01-15 18:49:00,2019,49,9,False,False,False,Shah Ghouse Spl Shawarma,2,General,"['like', 'didnt', 'quality']"
Cream Stone,Kiran,i have ordered several times from cream stone one of the finest place for ice creams quality and taste of ice creams are top notch you will fall in love with this ice creams,5,"8 Reviews , 3 Followers",2018-10-09 21:10:00,2018,173,34,False,False,False,Cream Stone,5,Dessert,"['creams', 'ice', 'stone']"
Squeeze @ The Lime,Prashant Pathak,i recently had team lunch here it was a buffet lunch and i got surprised for their price it was 300 on weekdays they have good starter like pizza slices pani and dahi puri banana cutlet and one manchuriya then there is enough item for main course its not much specious place so i would say book a table before visiting over all i found this place good and value for money,4,"21 Reviews , 52 Followers",2018-08-13 00:51:00,2018,371,72,False,False,False,Squeeze @ The Lime,4,Italian,"['lunch', 'book', 'dahi']"
Pot Pourri,Dinesh,i and my partner had visited this place during their valentines day romantic candle light dinner this place has a great ambiance and is low lit with lovely candles ask for waiter pappu he did a great job by recommending us some authentic andhra style dishes which were ideal and he makes us taste b4 serving to check if everything is ok which is commendable we ordered pot pourri kodi vepudu pandumirchi kodi pulav nd khubani ka mitta with vanilla ice cream someone who has a sweet tooth should try this dessert which is a perfect marraige of great tastes,5,"14 Reviews , 4 Followers",2019-02-12 09:19:00,2019,555,100,False,False,False,Pot Pourri,5,Dessert,"['kodi', 'great', 'andhra']"
Al Saba Restaurant,Arvind Varma,pretty decent taste of biryani i like this place as it is quick to serve and yet never loses its taste i always have the chicken biryani over here when i dont want to risk tasting anything new,4,"60 Reviews , 186 Followers",2018-03-22 20:15:00,2018,192,38,False,False,False,Al Saba Restaurant,4,Indian,"['biryani', 'tasting', 'taste']"
Shanghai Chef 2,Prabhjot Sandhu,its a duo restaurant where you can have chinese and sizzlers together available at one place well quantity is much less compared to price and taste is not that good though as chinese should be at that price,3,"55 Reviews , 188 Followers",2019-04-02 15:22:00,2019,206,38,False,False,False,Shanghai Chef 2,3,Chinese,"['chinese', 'price', 'sizzlers']"
Flechazo,Santosh Kumar,good food and friendly staffmehrul sourab have been best best buffet in town fish in starters and rabdi in desserts are to be tasted must,5,"1 Review , 1 Follower",2019-05-01 20:43:00,2019,137,25,False,False,False,Flechazo,5,Seafood,"['best', 'town', 'desserts']"
The Lal Street - Bar Exchange,Atulay Mahajan,the place is mostly crowded on the weekends it is better to go with a prior reservation prices are a little high music is good service is slow dishes could taste better,3,"51 Reviews , 133 Followers",2019-04-28 07:07:00,2019,168,32,False,False,False,The Lal Street - Bar Exchange,3,Bar,"['better', 'weekends', 'crowded']"
Al Saba Restaurant,Foodtrakar,ordered alsaba special mutton biryani the quantity was good enough for 2 people with large appetite mutton pieces were soft and the taste is really good got very less pieces and the biryani is medium spiced they charge 5 extra on bill if you pay by card service is good,3,"57 Reviews , 150 Followers",2018-03-01 09:57:00,2018,269,50,False,False,False,Al Saba Restaurant,3,Indian,"['pieces', 'mutton', 'biryani']"
GD's,Avikal31saxena,burgers were very good and the hotdog was also nice the chicken was succulent and very juicy i like the prepration thank you,4,"2 Reviews , 3 Followers",2018-07-16 23:01:00,2018,124,23,False,False,False,GD's,4,General,"['burgers', 'juicy', 'thank']"
Zing's Northeast Kitchen,Priyanka Nair,the place is very cosy and neat not many big furnitures or things tiny place but spacious the food is simple and tasty the presentation of the food is great the service is good but i think the communication with the server was a bit of a problem overall a good experience,4,"7 Reviews , 11 Followers",2019-03-06 15:30:00,2019,271,52,False,False,False,Zing's Northeast Kitchen,4,General,"['problem', 'spacious', 'server']"
KFC,Debasmita Paul,delivery was fast and perfect,5,"1 Review , 29 Followers",2018-07-26 17:23:00,2018,29,5,False,False,False,KFC,5,General,"['fast', 'perfect', 'delivery']"
Flechazo,Farhan Baig,great service by ranjit and ramjamgood ambience and a great place for family the desserts are amazing and the sea food was lit affordale price,5,"1 Review , 3 Followers",2019-04-22 15:44:00,2019,142,25,False,False,False,Flechazo,5,Dessert,"['lit', 'sea', 'great']"
Barbeque Nation,Sandeep Srivastava,was wifes birthday and our anniversary as well naresh and bipul made it point to make it extra special the hospitality and the culture of the employees keeps taking me back there forever,5,"20 Reviews , 123 Followers",2019-04-21 05:57:00,2019,186,33,False,False,False,Barbeque Nation,5,Bar,"['taking', 'point', 'extra']"
Frio Bistro,Hyderabad Food Bowl,frio bistro is a finedining restaurant with classy interiors which was painted full of black color which brings the elagance to the place the bar setup was smallquirky the inverted glasses tied up with the ceiling made it look beautiful this place offers italianindian continental as well i visited this place yesterday for a quick lunch ordered two main course dishes the first dish was belly dance pizza which is a 12 thin crust pizza topped with arabian shawarma peicescapsicum which had that earthy flavor in it the chicken pieces were juicy tender the whole pizza tasted delicious with its toppings the other dish we ordered was spinach cream cheese ravioli pasta was hand made by the chef added with italian styled tomato salsa fresh parmesan cheese ravioli was stuffed with spinach which wasnt up to the mark after having pasta i felt like i should have ordered the white sauce variant andservice was a bit late if you are in a hurry the service might create a problem for you,4,"135 Reviews , 1821 Followers",2018-10-24 07:45:00,2018,983,171,False,False,False,Frio Bistro,4,Italian,"['pizza', 'spinach', 'pasta']"
Yum Yum Tree - The Arabian Food Court,Tanzeem Alam,i am new to hyderabad heard of the hyderabadi haleem here is very famous so ordered haleem from this restaurant it was a disastrous experience please dont try any kind of haleem here i havent tried any other dish here and now i am hesitant to order any other dish from here after having haleem here,1,1 Review,2019-05-19 23:23:00,2019,298,56,False,False,False,Yum Yum Tree - The Arabian Food Court,1,General,"['haleem', 'dish', 'havent']"
Hyper Local,Binod Kumar,love to be here again the way nitish has done a job cant express in words i recommend each everyone to have a great time here thanks nitish for giving your valuable experience with us,5,"1 Review , 8 Followers",2019-05-04 17:00:00,2019,183,35,False,False,False,Hyper Local,5,General,"['job', 'giving', 'thanks']"
Urban Asia - Kitchen & Bar,Karpurmanjari Kakati,we opted for alakarte here but the took a round of the food variety for buffet it was pretty good but the dessert section didnt interest me much the buffet had dumplings sushi which i felt were food for buffet we we in mood to eat proper chinese we ordered a pork dimsum stir fried chicken starter another chicken main course and fried rice everything was good but then comes the bill part i really dont know how they missed the zomato 11 to cut from the bill also they had so 91 bucks extra s tax apart from gst which made us change the bill again honestly speaking after serving good food missing the gold and adding extra money apart from gst decreases the moral value for the place kindly try avoiding the addition of that rest food is good service if good can come back again for another turn of chinese,3,"135 Reviews , 420 Followers",2019-01-02 07:54:00,2019,808,153,False,False,False,Urban Asia - Kitchen & Bar,3,Chinese,"['buffet', 'apart', 'extra']"
KS Bakers,Aanshul Sadaria,well all the time i have ordered here it has been veg corn burger and paneer cheese roll they are too sweet to be considered as fast foods the pastery i tried once was over moist dont know why but i guess the refrigerator wasnt working well the have a really good value for money but i have seen that they dont make burgers and rolls at that time they simply defrost the frozen food in the microwave and put in some mayo and sauce and give it quality 35 quantity 45 ambience 35 nothing extra ordinary value for money 455,3,"26 Reviews , 42 Followers",2018-01-02 22:07:00,2018,520,101,False,False,False,KS Bakers,3,General,"['35', 'value', 'money']"
Tandoori Food Works,Rishi Reddy R,the staff was very polite food was really extraordinary with no hesitation i would love to visit this place n number of times i would suggest everyone to have visit over there,5,"19 Reviews , 32 Followers",2018-11-21 18:04:00,2018,175,32,False,False,False,Tandoori Food Works,5,Indian,"['visit', 'number', 'suggest']"
Feast - Sheraton Hyderabad Hotel,Prabhas Reddy,im very happy today because of your food im a food lover i like the juice counter there is making fresh juice in live service was awesome mr dharma was doing a great service to me he know what i need before i ask he will arrange it i really like this things thanks sheraton and thank you dharma,5,2 Reviews,2018-12-14 09:47:00,2018,294,59,False,False,False,Feast - Sheraton Hyderabad Hotel,5,General,"['juice', 'im', 'like']"
Chinese Pavilion,Adnan Ali Khan,really loved the ambience staff was very polite very delicious food served quickly though it was busy but very expensive when compared to other restaurants,4,"7 Reviews , 28 Followers",2017-05-10 14:26:00,2017,155,25,False,False,False,Chinese Pavilion,4,Chinese,"['busy', 'compared', 'expensive']"
Owm Nom Nom,Manoj Gurrevala,taste is okay and ambience is just fine but my experience with service here is not satisfied dont know whether i visited wrong time but to be honest cost and quantity is worthy,3,"43 Reviews , 28 Followers",2018-09-09 19:13:00,2018,176,33,False,False,False,Owm Nom Nom,3,General,"['worthy', 'wrong', 'satisfied']"
Asian Meal Box,Deepak Arora,i ordered chilli potato with fried rice box and i specifically mentioned the spicy box but maybe the restaurant does not know what does spicy means and u can also see that the color of rice is nearly equal to white it was totally waste of money chilli potato was even worst in this ill suggest you to never order from this place,1,"24 Reviews , 8 Followers",2019-03-20 22:42:00,2019,328,63,False,False,False,Asian Meal Box,1,General,"['does', 'potato', 'box']"
Komatose - Holiday Inn Express & Suites,Dheeraj Burugadda,been to this place and wonderful place to hangout with friends food is amazing as usualgot a great offer from little application and thoroughly satisfied,5,"13 Reviews , 39 Followers",2018-03-26 18:09:00,2018,153,25,False,False,False,Komatose - Holiday Inn Express & Suites,5,General,"['satisfied', 'offer', 'wonderful']"
Prism Club & Kitchen,Bhavya Tyagi,after hearing a lot about this place i got a chance to finally visit this as once reaction was wow but that went away pretty soon right from the entry there was a confusion we did a booking through dine out for 830 pm which didnt really make sense as the table were not blocked to figure this out we have to wait for 20 mins for the manager to come when asked about the reservation manager was totally rude and said to my wife that she should be happy that she got a table i mean wow it was an eye opener for us and at that point i realised this is one of the mostly badly managed places no doubt its huge with good lighting ambience and dance floor but the service is pathetic the food is average and costly nothing great in drinks prices are all on a higher side we just got a drink and a platter and left to a much better managed and a calm place there is no point making such a huge place if you cant manage and talk to customers nicely not really sure if i would like to visit this place again even though its a hot property right nownow really sure why,1,"46 Reviews , 74 Followers",2019-04-11 15:34:00,2019,1058,213,False,False,False,Prism Club & Kitchen,1,General,"['wow', 'got', 'point']"
Tempteys,Gundlakarthieek,worst the employees who r doing this are taking out reputation of tempteys,1,"4 Reviews , 1 Follower",2018-07-21 00:30:00,2018,74,13,False,False,False,Tempteys,1,General,"['taking', 'worst', 'fries']"
Eat India Company,Jaldeep Vasavada,urban asia and eat india company are in the same premises stale food slow service oily food water dripping from ac vents on tables and food items really bad experience,1,"3 Reviews , 1 Follower",2018-08-11 12:45:00,2018,167,30,False,False,False,Eat India Company,1,General,"['asia', 'urban', 'company']"
Diners Pavilion,Sanjita Mandal,ambience is average food is awesome although starters quantity served is less in comparison of price but taste covers its all must visit place,5,"9 Reviews , 3 Followers",2019-03-25 21:55:00,2019,142,24,False,False,False,Diners Pavilion,5,General,"['average', 'price', 'quantity']"
The Lal Street - Bar Exchange,Abhinav Kulshrestha,good concept based on some other existing clubs though there is a serious need of utilizing the space properly which at present requires quite some work limited dance floor have to be protected by bouncers everybody blocks the road after last call but ignoring all that food is good music is good and projector is okaish,4,"10 Reviews , 4 Followers",2019-05-05 01:49:00,2019,320,56,False,False,False,The Lal Street - Bar Exchange,4,Bar,"['concept', 'based', 'road']"
Behrouz Biryani,Varma,highly disappointed there is a sea of change in the quality of biryani we ordered last and now its awfully spicy and too wet like eating rice and curry,1,1 Review,2018-12-14 19:47:00,2018,151,29,False,False,False,Behrouz Biryani,1,Indian,"['sea', 'change', 'eating']"
Dine O China,Gopalan Ganesh,the momos was very bad and even the delivery was very late not satisified with this order,2,"2 Reviews , 1 Follower",2018-06-25 17:36:00,2018,89,17,False,False,False,Dine O China,2,General,"['momos', 'late', 'delivery']"
The Tilt Bar Republic,Mazhar Ahmed,wanted to listen her again n again sonalin priyadarshini has very good voice such a talented girl really appreciate nice place nice lightning,5,"2 Reviews , 1 Follower",2019-05-20 13:00:00,2019,141,23,False,False,False,The Tilt Bar Republic,5,Bar,"['appreciate', 'nice', 'wanted']"
Gal Punjab Di,Kiran Thota,you dont need a silver fork to eat good food like wise a very hifi ambience is never good when one is hungry especially for the monday blues perfect place for authentic punjabinorth indian style veg and non veg to have ordered paneer kebab egg burji punjabi butter chicken lacha paratha butter naan and rumali roti perfectly cooked tastes awesome loved the food service and ambience will visit once again keep doing the good work guys,4,"78 Reviews , 117 Followers",2018-07-31 22:34:00,2018,434,76,False,False,False,Gal Punjab Di,4,Indian,"['butter', 'veg', 'rumali']"
Zing's Northeast Kitchen,Ryan DSilva,this place came with high recommendations from a food expert in the industry for the last two decades or so visited zings northeast kitchen on a saturday afternoon for lunch and i wasnt disappointed at all we ordered for roast chilly lamb dry preparation of sliced roast lamb with chilli ginger bell pepper and garlic the lamb was sliced thin with a mildly spicy sauce and stir fried with vegetables 55 deoji kalbi succulent spicy pork belly fried with kochujong sauce the pork melted in the mouth beautifully prepared 55 steaky pork ribs available only on weekends the pork would just come off the bone a weekend special 55 kalbi bokum sweet and spicy beef fried with vegetables 455 dotsol bibimbap hot crunchy rice mix with beef chicken pork and vegetables and khimchi topped with a sunny side up a special mention of the khimchi which complimented this rice dish so well 55 all downed with nonalcoholic coolberg beer honest food prepared with a lot of passion absolute value for money i would recommend this place to anyone who loves meat and especially pork preparations,5,"29 Reviews , 260 Followers",2019-04-02 01:35:00,2019,1074,185,False,False,False,Zing's Northeast Kitchen,5,Steakhouse,"['pork', '55', 'lamb']"
Karachi Cafe,Varun Barla,went to the place not expecting much the menu threw me off as most of it seemed overpriced we ordered irani chai and mawa cup cake to begin with both of these were really good we followed that up with barbecue mushroom and club chicken sandwich the sandwich was filling and very delicious we topped it off with another round of irani chai the place has an old worldly feel about it with old posters transistor old tv etc yo take you to the good old times also old bollywood songs add to the charm great place to have a cup of tea and snacks,4,"194 Reviews , 510 Followers",2019-02-02 19:03:00,2019,540,105,False,False,False,Karachi Cafe,4,Steakhouse,"['old', 'cup', 'irani']"
The Glass Onion,Vipul Maheshwari,awesome place great view in love with the place thin crust pizzas are great curry combos are good but not sufficient even for 1 person great place to chill out,5,"4 Reviews , 13 Followers",2019-04-12 13:23:00,2019,159,30,False,False,False,The Glass Onion,5,Italian,"['great', 'combos', 'crust']"
Royal Spicy Restaurant,AT Veerareddy,good service keep it up,5,"1 Review , 23 Followers",2018-07-30 00:11:00,2018,23,5,False,False,False,Royal Spicy Restaurant,5,General,"['service', 'good', 'ginger']"
SKYHY,SriNaresh Gavarasana,delicious food with good quantity yesterday was the first time we been there at sky hy it is a good place to spend some quality time with your friends and loved ones the food was great and delicious the place is not like a typical pub where in you can get drunk and have good food but it is more like a place wherein you can chit chat and hang over coming to the food we had paneer tikka chicken majestic and chicken tikka pizza which are execellent in taste they are delicious,4,"5 Reviews , 16 Followers",2018-11-18 10:43:00,2018,477,93,False,False,False,SKYHY,4,Italian,"['delicious', 'tikka', 'food']"
Hyper Local,Sonu Anand,food 45 ambience 355 service 15 i visited the place last week the food was tasty and so was ambience but i have serious concern with the services we asked for regular water and they brought dirty stinky water just to sell the bottled water the waiter made facial remarks as in this is what you get for free it was highly irresponsible also we had to literally beg them to bring the cheque please train your staff if you want to,2,2 Reviews,2019-04-20 16:10:00,2019,427,82,False,False,False,Hyper Local,2,General,"['water', 'brought', 'bring']"
The Chocolate Room,Prashu,fab best chocolate room service food ambience everything was very good best place for chocolate lovers chocolate sizzler was amazing,5,"6 Reviews , 1 Follower",2018-04-11 08:26:00,2018,132,20,False,False,False,The Chocolate Room,5,General,"['chocolate', 'sizzler', 'best']"
Barbeque Nation,Asad Ullah Khan,for ravi he is friendly politely answering to questions good in taste yeah its very good everything is fine and the kulfi you dont believe me,5,"1 Review , 11 Followers",2018-11-22 16:08:00,2018,141,26,False,False,False,Barbeque Nation,5,Bar,"['believe', 'fine', 'friendly']"
Pot Pourri,Deepak Rajana,starters are very good we went for normal eating not for buffet we ordered andhra dishes kaju kodi and pot pouri kodi starters are spicy and tasty pandumirchi kodi pulav is good the quality and quantity is real good ambience is also awesome but ac is little less definitely worth for revisit,5,"19 Reviews , 5 Followers",2019-02-12 17:56:00,2019,291,52,False,False,False,Pot Pourri,5,General,"['kodi', 'starters', 'andhra']"
13 Dhaba,Madhuri,poori with aloo curry not at all good poori is like paratha and full of oil texture is very hard and curry with full of masala i had my worst breakfast,1,"82 Reviews , 93 Followers",2018-10-13 11:15:00,2018,151,31,False,False,False,13 Dhaba,1,Indian,"['curry', 'texture', 'aloo']"
Beyond Flavours,Piyali Mahapatra,it was a very nice experience food was amazing friendly staff with welcoming attitude papia was very friendly and accommodating good ambiance i will definitely recommend this place,5,"3 Reviews , 190 Followers",2019-05-19 22:32:00,2019,180,28,False,False,False,Beyond Flavours,5,General,"['friendly', 'attitude', 'definitely']"
Feast - Sheraton Hyderabad Hotel,Sunand Das,awesome ambience food and service must try the soup starters and desserts as well specially dahivada salads and chocolate tarts thanks to mr ratul for such hospitality,5,"2 Reviews , 89 Followers",2019-01-05 22:12:00,2019,167,27,False,False,False,Feast - Sheraton Hyderabad Hotel,5,Dessert,"['salads', 'mr', 'hospitality']"
Gal Punjab Di,Vijayita Gumber,cool interior service was bit slow being a punjabi loved their punjabi playlist and punjabi food food dahi kabab were amazing served with mint chutney and spicy onions 455 garlic naan paneer do pyaza was usual 35,4,2 Reviews,2019-05-23 21:03:00,2019,212,37,False,False,False,Gal Punjab Di,4,General,"['punjabi', 'dahi', 'onions']"
Karachi Cafe,Karan Parseja,old is the new new a 19th century themed caf which has a soothing ambiance it will remind some of you of your childhood posters advertisements scenes from the past are framed and put up all over the 4 walls the food is is amazing i went for the pink penne grilled chicken pasta and we couldnt resist finishing it even though we were half full lemon tea barfeilly chai is a refreshing mix must visit as this place will definitely uplift your mood,5,"49 Reviews , 716 Followers",2018-10-01 16:26:00,2018,445,84,False,False,False,Karachi Cafe,5,Italian,"['new', 'refreshing', 'soothing']"
Deli 9 Bistro,Swastik Uprety,the ambience of the place was great and the food was really amazingwe had delicious alfredo pasta and chicken sizzler though felt the price was a bit on the higher side it was worth the taste and experiencethumps up deli 9 bistro,4,"4 Reviews , 3 Followers",2019-01-06 23:48:00,2019,229,42,False,False,False,Deli 9 Bistro,4,Italian,"['sizzler', 'higher', 'felt']"
Flechazo,Satish Mohandass,one of the best buffet experiences we had in hyderabad the food especially the starters and desserts were out of the world the ambience and experience is unique the staff is very courteous and made us feel like we were at our family home would like to call out shabbir for the gracious hospitality must visit if you are in hyderabad,5,"1 Review , 1 Follower",2019-04-21 14:39:00,2019,332,61,False,False,False,Flechazo,5,Dessert,"['hyderabad', 'like', 'world']"
The Indi Grill,Ashutosh Thakur,raza and shakeel thanks for the good service nice place recommend food is good and service was excellent really enjoyed the every bite of food for the quality of food and service they really deserve a 5 star keep it up guys hope will get the same taste whenever i visit you thank guys,5,"1 Review , 7 Followers",2019-05-20 15:06:00,2019,284,54,False,False,False,The Indi Grill,5,Steakhouse,"['guys', 'service', 'really']"
Al Saba Restaurant,Imran Khan,the meat peices were very less for the price being charged,4,"6 Reviews , 1 Follower",2018-05-11 17:10:00,2018,58,11,False,False,False,Al Saba Restaurant,4,General,"['meat', 'price', 'given']"
Prism Club & Kitchen,Divya Reddy,this place was just out of this world they use the entire digital capacity of the place to blow your mind the in house dj is just unbelievable the beats will get you bouncing on your feet we had gone for ritvizs show which was a super duper hit they have a really cool outdoor space as well food is amazing tried the non veg farm pizza and burmese rolls crowd is a bit mixed college kids kinda 30s 40s and 50s as well the ambiance and the music just covers up for any flaws if any,5,"104 Reviews , 398 Followers",2019-04-21 22:27:00,2019,480,97,False,False,False,Prism Club & Kitchen,5,Italian,"['just', 'kinda', 'rolls']"
Karachi Cafe,Aamir Nawaz,dishes tried keema pav baida roti the food is pretty good i mean i have tasted better keema pav but this also good notbhrrst but good baida roti was pretty interesting taste the staff was very welcoming ambience is pretty great,5,"42 Reviews , 58 Followers",2019-02-04 09:08:00,2019,227,41,False,False,False,Karachi Cafe,5,Cafe,"['pretty', 'pav', 'keema']"
Udipi's Upahar,Karthik,i have ordered sambhar vada and idli and what i have received is sambhar idli and idli please be careful while delivering the orders thank you,1,"4 Reviews , 30 Followers",2018-07-09 09:52:00,2018,142,26,False,False,False,Udipi's Upahar,1,General,"['received', 'orders', 'thank']"
Eat India Company,Ananth Popuri,i love this place in gachibowli i have been here several times now and the quality of food is amazing and the staff are good i highly recommend this place and just above this we have tiki shack,5,"12 Reviews , 4 Followers",2019-03-09 15:37:00,2019,193,38,False,False,False,Eat India Company,5,General,"['highly', 'gachibowli', 'times']"
Gal Punjab Di,Bharath Kishore,i should say the ambience is excellent we ordered chicken jwalamukhi tikka which was mouth watering and yummy but the butter chicken was a let down i couldnt find cheese in my chilly cheese naan laccha paratha was ok shikanji is a mix of lemon and mint and people who like the combo will like that lassi is thick and as punjabi as u like,3,"4 Reviews , 3 Followers",2018-11-19 14:21:00,2018,337,65,False,False,False,Gal Punjab Di,3,General,"['like', 'cheese', 'watering']"
The Old Madras Baking Company,Kimisha.mandhan5,egg salad and cappuccino were good chilli garlic cheese toast could have more of cheese and spice added to it brownie shake required a lot of improvements not that great place,2,"19 Reviews , 32 Followers",2018-08-11 03:09:00,2018,175,31,False,False,False,The Old Madras Baking Company,2,General,"['cheese', 'toast', 'shake']"
Gal Punjab Di,Anupam Acharya,we had ordered the spicy mutter paratha 25 and the mooli paratha 35 the parathas were thick and there was no butter on them it comes with a drink35 and dal makhani35 now i am not a regular paratha eater but occasionally i love my aloo gobi and mooli ke parathe i have always ordered and found them to be good but this time i was disappointed from the looks of the paratha i am sorry to say this but it didnt look very punjabi punjabis know their paratha well and wouldnt compromise on it cheers,2,"207 Reviews , 400 Followers",2019-05-05 00:02:00,2019,494,96,False,False,False,Gal Punjab Di,2,General,"['paratha', 'gobi', 'sorry']"
Triptify,Khushboo Pandey,i ordered mexican corn and punjabi aloo paratha quality 15 i didnt like it at all parathas were very thick and hard plus burnt chutney was so tasteless that i felt i am eating grass and salt quantity 35 2 parathas with chutney curd and butter value for money 15 packaging 55,2,"59 Reviews , 42 Followers",2018-08-19 13:40:00,2018,274,52,False,False,False,Triptify,2,Mexican,"['parathas', '15', 'chutney']"
Tiki Shack,Mr. Ego,the desi pub with the beach theme they have both the indoor and outdoor seating but they usually provide only the outdoor seating as they keep their indoor seating mostly reserved you might reserve and still end up sitting outside the food was also good the customer service is something that needs to be improved top picks chilly prawns cheesy fries the chilly prawns is a must try the mocktails were okay not much varieties when it comes to mocktails overall a great place to hangout,4,"57 Reviews , 513 Followers",2019-05-17 00:17:00,2019,485,86,False,False,False,Tiki Shack,4,Bar,"['seating', 'indoor', 'chilly']"
American Wild Wings,Jothi Ganesh,delicious food with pleasant ambiance and good service especially french fries and chicken popcorn are awesome and tastefull chicken wings biriyani is delicious,5,1 Review,2018-11-23 23:20:00,2018,160,23,False,False,False,American Wild Wings,5,General,"['delicious', 'french', 'pleasant']"
Jonathan's Kitchen - Holiday Inn Express & Suites,Varun K,one of the few times when the reviews and the hypes are absolutely off the mark went for grill and chill on saturday night not a fun experience by any stretch of the imagination ambience its ok nothing spectacular chairs werent very comfortable and unsuitable for a relaxed dining experience service this is the truly sad part really slow service and servers are uninterested this really hurt the experience and is unacceptable from a star property food starters were 4 varieties of chicken 2 varieties of fish and 1 prawns the tandoori chicken and chicken tikka was nice but unfortunately everything was served cold you ask for hot starters and you get cold starters again main course had lamb korma which was the best thing for the evening chicken curry was decent desserts were ok as well overall the buffet was extremely unimaginative and below average barbecue nation does a much better job the best part they gave tissues instead of regular napkin and plastic spoons for dessert pathetic vfm rs 3000 for 3 people and you get paper napkins and plastic spoons for dessert im glad they didnt give us paper plates lol not going again,1,"141 Reviews , 3151 Followers",2019-01-07 18:55:00,2019,1135,197,False,False,False,Jonathan's Kitchen - Holiday Inn Express & Suites,1,Indian,"['plastic', 'starters', 'chicken']"
Mustang Terrace Lounge,Abhinav Kulshrestha,good ambience both sitting in or in open terrace food is okaish as it doesnt justify the cost of items but some items tastes good good place to go on a date if you wanna sit outside when weather is in your favour but great place to hang out with friends with indoor sitting,4,"10 Reviews , 4 Followers",2019-05-05 17:32:00,2019,273,54,False,False,False,Mustang Terrace Lounge,4,General,"['sitting', 'items', 'terrace']"
Royal Spicy Restaurant,Sravaniii Chinthala,not so tasty nd not fresh,1,"1 Review , 1 Follower",2018-08-22 13:41:00,2018,25,6,False,False,False,Royal Spicy Restaurant,1,General,"['nd', 'fresh', 'tasty']"
Karachi Cafe,Ramya Sruthi,had cutlet was a big let down can do better with the taste even the accompaniment is a normal store bought ketchup menu could be listed as beet root cutlet instead of cutlet to prepare the mind,2,1 Review,2018-08-27 18:34:00,2018,193,37,False,False,False,Karachi Cafe,2,Cafe,"['store', 'prepare', 'normal']"
Mustang Terrace Lounge,Anil M,best place in gachibowli one of the best rooftop place in city must visit you can get 22 offer on drinks here service 55 value for money 55 ambience 55,5,2 Reviews,2019-05-06 14:55:00,2019,151,30,False,False,False,Mustang Terrace Lounge,5,General,"['55', 'best', 'rooftop']"
La La Land - Bar & Kitchen,Pratipurna Panda,the name is so appealing that when we saw itwe were like yes lets go because all of us just looovee the movie but also because its on a busy roadside very convenient location it was wednesday and had a ladies night i think but as you know gold cant be availed with ladies night privileges we got seating very easily dont know of that was a good thing or bad because the place was very empty only 2 other tables were seated i think ambience is okay music can be better cocktails were good you can actually tell them to do some tweaks to your drinks as per your likeness and they would do it service can be better was slow when you look there were very less crowd food is very nice pocket friendly place hope next time i get to see a good crowd and good music,3,"47 Reviews , 145 Followers",2019-04-29 00:41:00,2019,757,150,False,False,False,La La Land - Bar & Kitchen,3,Bar,"['ladies', 'crowd', 'think']"
Tandoori Food Works,Harshitha Kumble,awesome food ordered the tandoori chicken biriyani and stuffed chicken legs great packaging and taste was really good,5,"31 Reviews , 138 Followers",2018-08-03 23:48:00,2018,117,18,False,False,False,Tandoori Food Works,5,Indian,"['stuffed', 'chicken', 'tandoori']"
Ulavacharu,Avinash Kondapalli,very bad experience with this place ordered lemon corriender soup with godavari royyala vepudu soup is good in consistency but high on sourness not really good royyala vepudu was good but not hot looks like they prepared an hour ago after that we ordered gadwal kodi pulao which is my worst experience ever it is an highly spiced rice which a normal person cant eat ambience and service is very good but not the food,1,"8 Reviews , 14 Followers",2019-02-04 13:51:00,2019,416,75,False,False,False,Ulavacharu,1,General,"['soup', 'good', 'experience']"
Zing's Northeast Kitchen,Nachiketnh,we had a family dinner at zings with very high expectations considering the ratings we ordered the following moroccan eggs 45 chicken satay 255 drums of heaven 355 noodles 05 they were like instant noodles with no tastemaker fried rice with omelette 25nothing much pork bimbipop 35 the only decent thing in the main course all in all its not worth the price we really wanted to like it but were really disappointed,2,"14 Reviews , 6 Followers",2019-01-06 11:18:00,2019,414,73,False,False,False,Zing's Northeast Kitchen,2,Chinese,"['noodles', 'omelette', 'ratings']"
Marsala Food Company,Love4cibo,i was so keen to try this place after the pictures of their delicious juicy mutton and chicken mandi finally i was here along with my friends to try their mandi and starters ambiencethey have indoor seating arrangement with traditional style and the modern style of seatingwith few paintings on the wall coming to the ffoooodd soups arabian mutton soupit was spicy in taste and aroma of garam masala was witnessed lemon coriander soupthis was good in taste with coriander taste starters chicken pahadi kebabchicken was coated in a generous amount of green colour texture which made it greeny and yummy paneer pahadi kebabpaneer was coated in breadcrumbs and deep fried to perfection it was okish in taste cause no where the paneer was marinated dragon chickenchicken strips well marinated and cooked to perfection with the final touch of dry fruits made it delicious chilli paneersmall cubes of paneer perfectly marinated and cooked it was worth it as a side main course grilled fish juicy mandimutton was tendered and juicy at the same time fish was grilled to perfection and the duggus was an excellent combination for it good one grilled chicken mandileg pieces and breast piece of chicken marinated well and grilled to perfection the chicken was so tendered and delicious this is a must try desserts gulab jamunsoft delicious ball of love dipped in sugar syrup kaddu ki kherserved chilled and garnished with dry fruits loved by all hyderabadis one cannot miss double ka meethasignature dessert of hyderabadi dawat which is loved by everyone qubanithis was soft and sweet good one they even served us mocktails and milkshakes each were very good in taste overall the place looks really good with good food and pocket friendly prices and friendly staff place is highly recommended for their grilled chicken mandi food55 service55 ambience45,5,"71 Reviews , 128 Followers",2019-03-22 18:38:00,2019,1842,304,False,False,False,Marsala Food Company,5,Seafood,"['marinated', 'grilled', 'perfection']"
Feast - Sheraton Hyderabad Hotel,Sreekar,enjoyed the super heroes theme great hospitality by dharma best place to hang out with friends will visit this place again for sure,5,1 Review,2019-03-03 15:02:00,2019,131,23,False,False,False,Feast - Sheraton Hyderabad Hotel,5,General,"['theme', 'hang', 'hospitality']"
Cream Stone,Sunny Bhargava,doesnt entertain ordered placed through food ordering apps had to wait for 45 mins before cancelling the order i even talked to the cashier after assuring the order will be ready in sometime there was no update,1,5 Reviews,2019-03-09 21:12:00,2019,210,37,False,False,False,Cream Stone,1,General,"['order', 'ready', 'placed']"
Deli 9 Bistro,Deepanshu Mittal,went for lunch here the food quality is good but i feel the variety could have been improved further overall a nice place to have good food if not great,4,"18 Reviews , 71 Followers",2019-02-20 22:11:00,2019,152,30,False,False,False,Deli 9 Bistro,4,General,"['improved', 'feel', 'variety']"
American Wild Wings,Rumman Siddiqua Choudhury,the wings were very bad in taste and please rather than packing the cold drinks its better to give cans the cold drink was not packed well and all the drink fell down fries were not well packed hope you guys look into the matters soon,1,"2 Reviews , 1 Follower",2019-01-23 15:07:00,2019,234,46,False,False,False,American Wild Wings,1,General,"['packed', 'drink', 'cold']"
Pot Pourri,Arunraj R,affordable good food i would have given a 5 star if value for money was a factor in star rating waiters were polite food was delicious good place to eat out regularly,4,"10 Reviews , 64 Followers",2019-05-21 23:12:00,2019,166,32,False,False,False,Pot Pourri,4,General,"['star', 'affordable', 'waiters']"
Pot Pourri,Thirupathi Reddy,good place and wonderful ambience staff was very qujck and all are aware of zomato gold so no issue about that but pulav which we order was little bit dry,5,"2 Reviews , 55 Followers",2019-02-16 21:16:00,2019,154,30,False,False,False,Pot Pourri,5,General,"['pulav', 'issue', 'dry']"
The Chocolate Room,George Francis,they offer a lot of varied products especially variants of chocolate flavoured food check out their shakes pancakes waffles pasta and lot more the ambience and service is great and makes you feel like spend more time,4,6 Reviews,2018-05-05 20:25:00,2018,216,37,False,False,False,The Chocolate Room,4,Italian,"['lot', 'pancakes', 'flavoured']"
Zega - Sheraton Hyderabad Hotel,AJ,very good place for dinner love coming over with friend and enjoying the tasty good would definitely recommend the pad thai for people that like noodles,5,"3 Reviews , 3 Followers",2018-12-15 23:19:00,2018,152,26,False,False,False,Zega - Sheraton Hyderabad Hotel,5,Chinese,"['thai', 'friend', 'noodles']"
The Fisherman's Wharf,Md Mudasser,waste of money the worst place nd the waiters was not cooperativewe have to call nd ask them to bring the starterzero starone of the worst experience ever had,1,2 Reviews,2019-04-21 16:49:00,2019,158,29,False,False,False,The Fisherman's Wharf,1,Seafood,"['nd', 'worst', 'bring']"
Marsala Food Company,Ajay Kumar,the ambiance is great the buffet is great lovely starterswill visit next time for their mandiheard their mandi is also best in hyderabad,5,1 Review,2019-02-21 22:32:00,2019,136,23,False,False,False,Marsala Food Company,5,General,"['great', 'mandi', 'lovely']"
The Old Madras Baking Company,Ferry Thompson,one of the best places to fill your stomach with this place is a treat in case you are a sweet tooth the food is quite good but can never be compared to the sweet delicacies the tuna sandwich is a win if you like sea food there are shakes here too which are not up to the mark comparitively,4,"17 Reviews , 64 Followers",2019-05-16 20:05:00,2019,290,60,False,False,False,The Old Madras Baking Company,4,General,"['sweet', 'case', 'shakes']"
The Chocolate Room,Vivek Vicky,im not satisfied with this orderwaffle wonder is the worst one ive ever seen i dont know how it is served to customer can you plz close ur shop so that people will alive i dont know what to say direct i was thrown in dustbin u know,1,"2 Reviews , 8 Followers",2018-04-03 23:33:00,2018,231,48,False,False,False,The Chocolate Room,1,General,"['know', 'dont', 'seen']"
Tandoori Food Works,Balu Krishna,waste of money and worst taste i have ever tasted and very disappointed with zomato again on my view please eliminate this restaurant from your orders wallet and save your clients thanks in advance,1,1 Review,2019-03-23 00:02:00,2019,197,34,False,False,False,Tandoori Food Works,1,Indian,"['waste', 'orders', 'view']"
Squeeze @ The Lime,Bnreddy2108,order items are not delivered completely,1,1 Review,2018-04-29 10:38:00,2018,40,6,False,False,False,Squeeze @ The Lime,1,General,"['completely', 'delivered', 'items']"
Urban Asia - Kitchen & Bar,Megha Narayana,i have only been to this place once and i cannot forget the noodles i had i never found that texture or taste in noodles anywhere else i love it the quantity is too much for a single person and good for 2 so do try it out,4,"9 Reviews , 72 Followers",2019-02-13 14:33:00,2019,221,48,False,False,False,Urban Asia - Kitchen & Bar,4,Chinese,"['noodles', 'texture', 'forget']"
NorFest - The Dhaba,Sakshi Garg,its serves one of the best punjabi food in hyderabad the galouti kabab will melt in your mouth as soon as you will eat it the deserts are not good though but still it will remind you of northe indian taste,4,"93 Reviews , 156 Followers",2018-05-31 14:05:00,2018,205,41,False,False,False,NorFest - The Dhaba,4,Indian,"['melt', 'kabab', 'deserts']"
Al Saba Restaurant,A Vinod Kumar,we have ordered family pack but we have received single pack it took 2hrs to get our order,1,"1 Review , 1 Follower",2018-05-12 00:57:00,2018,90,18,False,False,False,Al Saba Restaurant,1,General,"['pack', 'single', 'received']"
Hotel Zara Hi-Fi,MD MASIH UDDIN,best food is here just like a home food i suggest my friends and relatives he bought food hotel zara hi fi and they eat food and he calling me and said thanks for advice me,5,1 Review,2019-02-22 23:59:00,2019,172,36,False,False,False,Hotel Zara Hi-Fi,5,General,"['food', 'hotel', 'home']"
Behrouz Biryani,John Rajendran,this is a good joint that doesnt care for customer they accept order and dont care to deliver and they dont pick the call neither they respect customers,1,"3 Reviews , 1 Follower",2018-12-13 23:10:00,2018,152,28,False,False,False,Behrouz Biryani,1,Indian,"['care', 'dont', 'joint']"
Tempteys,Soudip Paul,this was the first time i ordered from tempteys looking at the reviews and their descriptions of food preparation i ordered choco brownie shake with choco chips as extra toppings but it was average in taste not that good what i expected so for me my first experience was average for the taste of the shake,3,"1 Review , 1 Follower",2018-09-01 16:05:00,2018,305,56,False,False,False,Tempteys,3,General,"['choco', 'shake', 'average']"
La La Land - Bar & Kitchen,Akhila Akhi,this ppl were very irresponsible there swiping machine was not working but still they have asked us to enter pin for almost 34 times i have shown a person there that the money was deducted but still he was not agreeing and asked us to do again nd said if it happens the money will be returned back in 24hrs but actually very disappointing is we went there on feb 23rd btw 7 to 8 15 we got a email that there today on feb 24th at 10am 11 03am the money was again deducted am asking you very politely if you return them back its okay or else am gonna file a case for fraud transaction,1,"3 Reviews , 2 Followers",2019-02-24 22:32:00,2019,582,117,False,False,False,La La Land - Bar & Kitchen,1,Bar,"['money', 'asked', 'nd']"
Hunger Maggi Point,Venkatesh Prasad,quantity is not worth for the money,4,"2 Reviews , 2 Followers",2018-09-28 00:57:00,2018,35,7,False,False,False,Hunger Maggi Point,4,General,"['money', 'worth', 'quantity']"
The Foodie Monster Kitchen,Smriti S Kumar,i specially mentioned in message to fry that scrambled eggs properly till crispy brown but they gave it as it is it wasnt cooked properly,3,"5 Reviews , 1 Follower",2018-07-13 10:36:00,2018,137,25,False,False,False,The Foodie Monster Kitchen,3,General,"['properly', 'fry', 'mentioned']"
Shah Ghouse Spl Shawarma,Dhruv Bhatt,one of my chauffeur in hyderabad recommended this place for authentic persian food and i was disappointed this place didnt live upto the fame and name the meat wasnt well cooked the taste was bland the service was fast however the quality of service was a disappointment a cold finger bowl at the end made it worst ambiance 05 service 255 staff 355 food 15 value for money 155,2,"65 Reviews , 137 Followers",2019-03-08 17:03:00,2019,376,69,False,False,False,Shah Ghouse Spl Shawarma,2,General,"['service', 'finger', 'bowl']"
PourHouse7,Puneet Gupta,good rooftop location however ambience not set properly average service uninterested service managers disappointing that it is going down with time limited product availability mostly you dont get the product that you want to order and they give very limited choice,3,"4 Reviews , 11 Followers",2019-02-17 16:33:00,2019,265,41,False,False,False,PourHouse7,3,General,"['limited', 'set', 'rooftop']"
Cafe Eclat,Prawal Agarwal,went there on a sunday evening with the intention of having just a coffee and relax as you do in a cafe this review is not going to be about the food taste and quality and ambiance which is good as reviewed by numerous others but a different thing which bothered me once i started going through the menu how expensive the place is i have been to swanky places in 5 star hotels but they are expensive because they are in 5 star hotels this place is at an ordinary location with very ordinary ambiance could never figure why my coffee was 300 bucks and the cheese cake slice 400 taste 4 stars value for money 2 star overall 3 stars,3,"7 Reviews , 110 Followers",2019-01-28 15:11:00,2019,629,122,False,False,False,Cafe Eclat,3,Cafe,"['star', 'ordinary', 'stars']"
Komatose - Holiday Inn Express & Suites,Pranjal Shukla,fantastic place to hangout with your buddies the cheapest beer in whole of hyderabad as per the hotel standards is here they also have a seating area outside which is like a tent dj plays good music and a visit during sports season must not be missed,5,"38 Reviews , 49 Followers",2018-08-26 22:36:00,2018,250,47,False,False,False,Komatose - Holiday Inn Express & Suites,5,General,"['standards', 'sports', 'fantastic']"
The Lal Street - Bar Exchange,Dinesh Naidu,went there on a weekday but being a ladies night the place had a decent crowd its a bar exchange so you order the drinks on the app food was okay we ordered chicken pizza pop corn chicken nachos chicken wings taste could have been better overall 355 food 35 service 255 ambience 45,4,"20 Reviews , 10 Followers",2019-05-01 09:14:00,2019,281,54,False,False,False,The Lal Street - Bar Exchange,4,Italian,"['chicken', 'ladies', 'app']"
Arena Eleven,Sushree Sarita,the food here was ok but the service was worst ever if you have 34hrs free time to spend then come here the service is slow as sloth we ordered starters got it after 30min then got lunch after an hour i guess they forget orders after you give them you have to remind them atleast twice or thrice to get it,2,"4 Reviews , 19 Followers",2019-05-05 15:36:00,2019,305,62,False,False,False,Arena Eleven,2,General,"['got', 'atleast', 'free']"
La La Land - Bar & Kitchen,Adhiraa Naidu,a small cozy place with a dim ambience and loud like very loud music perfect for a bunch friends to hangout drinks and food were good but i felt it was a bit pricey overall we had a good time oh did i mention theyve a dance floor too,4,"18 Reviews , 63 Followers",2019-03-28 09:55:00,2019,233,49,False,False,False,La La Land - Bar & Kitchen,4,Bar,"['loud', 'oh', 'cozy']"
Mathura Vilas,Gireesh.sharma7,enjoyed a lovely lunch with a friend first time visited the place good food ambience is very nice and a very curtious staff tried the indian and chinese items for starters and main course must visit for a good vegetarian meal prices are also pretty reasonable overall 5 star rating for this place,5,"11 Reviews , 12 Followers",2018-10-14 15:20:00,2018,296,53,False,False,False,Mathura Vilas,5,Chinese,"['lovely', 'friend', 'reasonable']"
Tandoori Food Works,Sagar Kar Choudhury,kashmiri naan and curry are awesome thank you for d delicious food,4,0 Reviews,2018-07-28 21:57:00,2018,66,12,False,False,False,Tandoori Food Works,4,Indian,"['naan', 'thank', 'curry']"
Collage - Hyatt Hyderabad Gachibowli,Shreyansh Agarwal,i have been here for breakfast its a huge spread as other 5 star properties usually have but i saw a great variety and different kind of a menu here for me a waffle cart was the best part i just loved the hot and crispy waffles with maple syrup nutella and berries compost do ask for a chefs special the breakfast option with the stay is a must pick and do try as much as possible from the spread a few other things which i liked were the baked potatoes just loved them another good thing about them was that they did not cut the fruits beforehand you had to select your choice and they were cut right in front of you in the juices section i could remember a carrot ginger tulsi aloevera and many such detox water was another addition apart from these you could chose the fruits and veggies you wanted and they would make a fresh juice right in front of you find attached photos with this review to describe my experience in a better way,4,"83 Reviews , 146 Followers",2019-04-15 11:06:00,2019,937,181,False,False,False,Collage - Hyatt Hyderabad Gachibowli,4,General,"['fruits', 'breakfast', 'spread']"
AB's - Absolute Barbecues,Ravi Kiran,i had a very nice time and good in abs in gachibowli sheff pankaj was very polite and friendly he had specially made dishes on our request overal 5 star experience too good,5,"3 Reviews , 1 Follower",2019-05-18 14:00:00,2019,172,33,False,False,False,AB's - Absolute Barbecues,5,Steakhouse,"['request', 'specially', 'star']"
Feast - Sheraton Hyderabad Hotel,Sreejan Shrivastava,i visited flechazo on 13th for a team lunch honestly the place is really hyped starters were good main course average and the desserts were below average they have a live pasta counter but it was absolutely pathetic there was no seasoning just plain tasteless pasta and sauce even the mocktails are overpriced and average there are far better buffet places in hyderabad where you could get amazing food for nearly half the price would not recommend,2,"2 Reviews , 2 Followers",2018-12-15 02:46:00,2018,448,77,False,False,False,Feast - Sheraton Hyderabad Hotel,2,Italian,"['average', 'pasta', 'plain']"
Komatose - Holiday Inn Express & Suites,Aman Kumar,worst experience ever they didnt serve food till 11 pathetic music starters were cold no one was there to serve drinks it was a group event we all were very disappointing,1,"3 Reviews , 36 Followers",2019-03-20 22:36:00,2019,170,31,False,False,False,Komatose - Holiday Inn Express & Suites,1,General,"['serve', 'disappointing', 'group']"
"3B's - Buddies, Bar & Barbecue",Kumar,very nice experience at 3bs gochibowliwe are really enjoyed a lotvery nice service and food service by gobind and shivam was extra ordinary,5,"1 Review , 3 Followers",2019-04-27 16:15:00,2019,139,23,False,False,False,"3B's - Buddies, Bar & Barbecue",5,Steakhouse,"['ordinary', 'nice', 'extra']"
Zing's Northeast Kitchen,Rajat Goel ✳️,having heard a lot of hype surrounding this place and the 45 rating on zomato it was on my wishlist for ages but i was always skeptical of the taste being too authentic and a totally new cuisine the former proved to be true and was the primary reason i didnt have a very pleasing dinner its a small and cute little diner like cafe with minimalistic and soothing interiors the sour smell of fermentation was nauseating initially but i got used to it in just a few minutes some room freshener would do the trick the items are priced very cheap i had high expectations but only to learn later the portions are just too small we had spicy drums of heaven 1405 the only thing i could properly finish a typical batter fried chicken almost south indian and spicy in taste but the coating was too thick chicken succulent yakitori 130 3 skewers with tiny chicken chunks spring onion stem and a sesame seed drizzle texture was good but taste average sticky barbeque sauce coating it felt like chicken momos 1305 standard good amount of filling with a very pungent ginger flavor the coating was thick too chilli chutney served alongside was not too spicy and went well with the momos bosam 170 it was my first time trying pork belly and i cant really judge but it felt fatty and gooey the pieces were drenched in grease served with spicy kimchi which i loved chicken ramyum noodles 180 big bowl of noodles what looked like maggi but was only a close resemblance scarce chicken pieces undercooked dry and hard noodles and overall a very bland taste naga steam fish 250 this was the thing causing the smell in the restaurant and i couldnt tolerate it a very very pungent and strong odor the fish had a great texture and was steamed to perfection served with steamed white rice whatever i mentioned about the food was just my impression and maybe because it was the first time trying out this new cuisine i didnt really like it however one thing that was disappointing was the service it was slow and just took ages once the food arrived it was fine but again the bill took more than 20 minutes as many others have already said i guess the strong point of this place is their pork preparations and i would recommend this place purely for that an elaborate menu with lots of options priced well heres my overall score food 355 not judging what i tried first timedont know about ambience 45 get a room freshener service 35 vfm 45,4,"148 Reviews , 3383 Followers",2019-01-15 01:07:00,2019,2413,442,False,False,False,Zing's Northeast Kitchen,4,Chinese,"['spicy', 'chicken', 'noodles']"
Pot Pourri,Abhishek Katta,must try pachimirchi biriyani nice and cosy place service is good reasonable cost the quantity is bit less but overall good experience,4,"10 Reviews , 6 Followers",2019-03-21 16:53:00,2019,134,22,False,False,False,Pot Pourri,4,General,"['cost', 'reasonable', 'biriyani']"
Royal Spicy Restaurant,Mrs Mswajid,great food superbly delicious i love the food specially special chicken biryani and starter tangdi kebab and chicken 65 i can variety of food with reasonable price overall experience 55,5,1 Review,2018-07-29 00:09:00,2018,185,30,False,False,False,Royal Spicy Restaurant,5,Indian,"['tangdi', '65', 'chicken']"
Dunkin' Donuts,Sumeetha Thahira Salim,very disappointed with this outlet ordered four donuts all four were not at all fresh the crust had solidified and donut bun lacking any moisture i am not ordering from here ever again,1,"15 Reviews , 56 Followers",2018-10-09 18:44:00,2018,184,33,False,False,False,Dunkin' Donuts,1,General,"['crust', 'donuts', 'outlet']"
The Old Madras Baking Company,Akanksha,this is my all the time go to place it is very nearby to deloitte towers deloitte g and h block ramky towers babukhan lane try their filter coffee and brownie they have the best brownie i ever had also try their other cakes and puffs they also provide fresh breads they both have indoor and outdoor sitting arrangement service is very good,5,"49 Reviews , 48 Followers",2018-12-05 23:39:00,2018,339,63,False,False,False,The Old Madras Baking Company,5,Cafe,"['brownie', 'nearby', 'try']"
Tempteys,Forever_fooodie,what i love about their shakes are they are not very high in sugar so sugars dont kill the flavors expected in that shake tried poppy corn absolutely loved the flavor you could get a clear flavor of popcorns would recommend to try if you love popcorns old granola honey loops again amazing one of the must tries berry cherry good amount of berries great flavor recommended caramel brownie this was also pretty good i am personally not a caramel flavor lover so not my fav coffee hazel nut this was just wow must have for coffee lovers they were really generous in putting the coffee in the shake d it had a strong coffee flavor so if you are a true coffee lover youll like it cheesecake tuti fruity it had exactly tuti fruity flavor didnt like it much oreo and little hearts cookie feast oreo shake never fails it was good blueberry slush i didnt like the slush though it only seemed to have color but no taste mint o fruit i dont like mint flavors at all and was ofc minty so not my fav if you like mint flavors its for you they have different toppings for french fries and potato wedges and they are all just soooo amazing must try cheers,4,"175 Reviews , 573 Followers",2018-09-17 12:46:00,2018,1140,216,False,False,False,Tempteys,4,Cafe,"['flavor', 'coffee', 'mint']"
13 Dhaba,Anukriti Singh,the best place to enjoy punjabi food on weekendz its bit crowdy but on week days it is not i believe in hyderabad u cnt get amazing punjabi food moreover it is self service everyone must try lassi over there ambience 45 food 55,5,"7 Reviews , 12 Followers",2019-02-04 00:08:00,2019,227,44,False,False,False,13 Dhaba,5,General,"['punjabi', 'believe', 'week']"
Zing's Northeast Kitchen,Gopika Padmakumar,the food was excellent i took one star off just because the staff behaviour could be improved if you love north eastern cuisine and southeast asian cuisine a must try,4,"2 Reviews , 1 Follower",2019-01-20 20:07:00,2019,166,30,False,False,False,Zing's Northeast Kitchen,4,General,"['cuisine', 'behaviour', 'asian']"
KS Bakers,Vikas Polisetty,i had visited this places multiple times and tried a wide variety of items here but once i had a burger here which was a disaster they made it with sweet buns the veg burger was full of bolied potato and the chicken burger wasnt good either i barely could finish half of it because the buns were too sweet but pizzas and sandwiches always tasted good its high time to re work on their burger receipe,3,"36 Reviews , 46 Followers",2017-11-18 23:31:00,2017,399,77,False,False,False,KS Bakers,3,Italian,"['burger', 'sweet', 'finish']"
Tiki Shack,Sharath.gannu6,loved live music and dj can enloy a lot by live music ambience was good and awesome rooftop was super cool we can chill more happily by rooftop tastes are good,4,5 Reviews,2019-05-05 23:22:00,2019,159,31,False,False,False,Tiki Shack,4,General,"['rooftop', 'live', 'music']"
La La Land - Bar & Kitchen,Aditya Leela,visited this place when it is about to close had the lunch buffet there they serve 56 starters which is good normally in buffets i live starters and doesnt care about main course but in this place i loved main course specially mutton deserts here have my heart its a cute little place and fun to hang out with friends,4,"29 Reviews , 38 Followers",2018-12-30 12:41:00,2018,317,60,False,False,False,La La Land - Bar & Kitchen,4,Bar,"['course', 'main', 'starters']"
Banana Leaf Multicuisine Restaurant,RajeevJordan,the best restaurant for giving treat to your friendscolleagues ambiance is quite and calm the buffet is lavish with many items buffet is the best option ambiance need to improvised its not bad i hope it will be superb if it was revamped,4,"4 Reviews , 2 Followers",2018-09-12 16:30:00,2018,236,43,False,False,False,Banana Leaf Multicuisine Restaurant,4,General,"['buffet', 'ambiance', 'calm']"
10 Downing Street,Anupam Agarwal,being close to my house sln terminus is one place i have often visited be it serifina that got closed or the lal street or mystery rooms or 10d its a happening place and worth a visit have been to 10d quiet a few times and the experience has been mixed from a 2 star rating to probably as high as a 45 star i would say a lot depends on the day you are visiting we visited once over a weekend once during the christmas time and once when there was a ladies night the best experience we had was on a weekend and the worse during the ladies night probably due to the crowd that comes ambiance the place is really nice and has quiet a few sections my favorite is the outside seating but if u reach late it will probably be full by then service if the number of people are less then the service is nothing short of amazing but when its crowded and if u are not it in a large group you will probably feel neglected at times the staff is courteous and quick to attend food definitely not something to talk about in the place as it is more of a party place where you can drink dance and have an amazing time food is ok and will not disappoint u drinks there is definitely something for the beer lovers here and liit is worth giving a try overall a good place to hangout and party just probably choose the day you want to go friday night or sunday night is what i would recommend and yes the more the merrier you are definitely going to enjoy if its a group overall 35 ambiance 4 food 35 drinks 4 service 4 value for money 35,4,"124 Reviews , 875 Followers",2019-01-31 21:59:00,2019,1516,303,False,False,False,10 Downing Street,4,General,"['probably', 'night', '35']"
KFC,Bala Krishna Reddy,even though i made the payment via paytm delivery boy asked for money as kfc is asked him to collect the money so i forwarded the screen shots related to the payment very disappointed this might be an app issue hope this wont repeat again,4,"0 Reviews , 1 Follower",2018-07-29 08:31:00,2018,238,45,False,False,False,KFC,4,General,"['asked', 'money', 'kfc']"
Jonathan's Kitchen - Holiday Inn Express & Suites,Samrat Chakrabarti,nice ambiance this place has a very good fine dining experience the food is good too a little expensive but is worth the price i used zomato gold so received a nice discount on food,5,"5 Reviews , 99 Followers",2019-03-13 13:04:00,2019,181,35,False,False,False,Jonathan's Kitchen - Holiday Inn Express & Suites,5,General,"['discount', 'nice', 'received']"
Yum Yum Tree - The Arabian Food Court,Annamravindrababu,wonderful food and ambiance best place for a family the food is exotic the staff courteous value for money my family had a very good time,5,"2 Reviews , 2 Followers",2018-10-21 09:27:00,2018,137,26,False,False,False,Yum Yum Tree - The Arabian Food Court,5,General,"['family', 'wonderful', 'value']"
NorFest - The Dhaba,Anuja Vengurlekar,best butter chicken very nice service and staff is really friendly will definitely visit again highly recommended for the people who are looking for north indian food,5,"1 Review , 11 Followers",2018-11-10 12:58:00,2018,166,27,False,False,False,NorFest - The Dhaba,5,Indian,"['north', 'highly', 'looking']"
Arena Eleven,Naresh Adabala,best place to hang out i am here with my friends nice ambiance and the live screening also good nice food music also pretty good and best part is out side,5,"2 Reviews , 8 Followers",2019-03-08 17:21:00,2019,154,31,False,False,False,Arena Eleven,5,General,"['nice', 'best', 'hang']"
Shah Ghouse Spl Shawarma,Raghu,been to this place plenty of times ordered special rumali and khubus falafel is also good very busy and should wait for sometime for the order parking is hectic overall worth a try,4,"443 Reviews , 1016 Followers",2019-01-11 19:28:00,2019,180,33,False,False,False,Shah Ghouse Spl Shawarma,4,General,"['rumali', 'parking', 'busy']"
Squeeze @ The Lime,Nikhil Khosla,excellent place for family get together very reasonable and awesome food staff is very friendly stromlngly recommend for a veg delight very nice arrangements,5,"2 Reviews , 2 Followers",2019-01-27 17:50:00,2019,157,24,False,False,False,Squeeze @ The Lime,5,General,"['delight', 'reasonable', 'family']"
Behrouz Biryani,Kittu Dee Rider,it is an delicious food old is gold old recipe is gold recipe awe some food delivery with this biryani they are serving desert was soo sweet n nice n also raitha they are served chilled with cutlery they are served with somp it is tasty,5,"3 Reviews , 18 Followers",2019-02-25 18:46:00,2019,236,46,False,False,False,Behrouz Biryani,5,Indian,"['old', 'gold', 'served']"
AB's - Absolute Barbecues,Nikhil Naik,we here to celebrate our 5th anniversary we had fun and tummy full of amazing food the starter main course side dishes and dessert were just rightwe end with the traditional celebration process of songs and cake to cut kind and helpful staff made the daythank you,5,"5 Reviews , 23 Followers",2019-05-14 00:12:00,2019,263,47,False,False,False,AB's - Absolute Barbecues,5,Steakhouse,"['songs', 'fun', 'end']"
Dine O China,Prachi,i ordered broccoli and baby corn gravy it was tasteless,2,"3 Reviews , 1 Follower",2018-07-06 16:22:00,2018,55,10,False,False,False,Dine O China,2,General,"['baby', 'broccoli', 'tasteless']"
Royal Spicy Restaurant,Khushboo Pandey,i had veg curry combo for 193 rupees and the review is based on that quantity it was so good 3 people ate in that quantity 55 quality taste was also very good i liked everything especially the curry 55 value for money 55 packaging 55 overall its 55 and a recommended place to have good food,5,"59 Reviews , 42 Followers",2019-03-06 21:08:00,2019,290,57,False,False,False,Royal Spicy Restaurant,5,Indian,"['55', 'curry', 'quantity']"
Zega - Sheraton Hyderabad Hotel,Kashyap,the food here is simply awesome the service is good and the best thing of this restaurant is lamb chops staff are very friendly with the guest especially rubina who helped us to select the best dish and the cocktails are awesome overall it was a lovely place with lovely food,5,1 Review,2018-09-05 15:02:00,2018,275,51,False,False,False,Zega - Sheraton Hyderabad Hotel,5,General,"['lovely', 'awesome', 'helped']"
Khaan Saab,Siva Gopichand Reddy Maruri,have been here multiple times because of the variety of dishes my mouth waters when i think about the dishes i like lal mirchi ka theekha tikka is a must try chcien dish,5,"3 Reviews , 268 Followers",2019-01-19 19:50:00,2019,169,33,False,False,False,Khaan Saab,5,General,"['dishes', 'ka', 'multiple']"
Paradise,Santu Jinaga,chicken biriyani is very good and service is very good and nice place so i am happy and enjoy the food and next time visit again with my family and friends,5,"1 Review , 7 Followers",2019-05-22 22:58:00,2019,155,31,False,False,False,Paradise,5,General,"['biriyani', 'enjoy', 'happy']"
GD's,Aditya Sood,i have taken 2 stars out only because of the time they took to make the burger no doubt the burger was very juicy and tasty but the time they took to make it was far too long,3,"42 Reviews , 142 Followers",2019-03-31 23:47:00,2019,174,38,False,False,False,GD's,3,General,"['burger', 'took', 'make']"
Pakwaan Grand,Pratap,ordered special mashad haleemit tasted good and was topped with kaju almonds pistachios and fried onions its a must try over here special mashad haleem 45 had also tried veg manchuria chicken biryani double ka meetha murg malai kabab chicken biryani was average not a big fan of this veg manchuria was ok murg malai kabab was good should definitely try this one double ka meetha was ok,3,"76 Reviews , 64 Followers",2019-05-17 12:15:00,2019,385,68,False,False,False,Pakwaan Grand,3,Indian,"['murg', 'double', 'malai']"
Amul,Shree,dry fruits was not upto the mark taste was not good,2,1 Review,2018-07-24 22:33:00,2018,51,11,False,False,False,Amul,2,General,"['fruits', 'upto', 'dry']"
Shah Ghouse Hotel & Restaurant,Bhumika,shwarma was really good biryani was average with hard huge chicken pieces paneer dish was also average they have seating for everyone from bachelors to family,3,"65 Reviews , 12 Followers",2019-04-30 00:32:00,2019,158,26,False,False,False,Shah Ghouse Hotel & Restaurant,3,Indian,"['average', 'hard', 'huge']"
Dunkin' Donuts,Ravi,its was very great service from you dunkin donuts and the ambience was really awesome and the taste was really yummy and we and our friends like visit again,5,"2 Reviews , 1 Follower",2017-10-05 20:36:00,2017,156,29,False,False,False,Dunkin' Donuts,5,General,"['really', 'donuts', 'yummy']"
Squeeze @ The Lime,Shreyoshi Mandal,sudden craving for chole bhature made me order their platinum combo for dinner priced at just rs 129 i felt it was a steal deal the sandwich and sweet were delicious chole bhature was kind of okayish overall this pack is good enough for two people also thumbs up for the efficient and hygienic packaging will i reorder yes ofcourse and would recommend others as well,4,"155 Reviews , 1802 Followers",2018-10-04 20:30:00,2018,366,66,False,False,False,Squeeze @ The Lime,4,General,"['chole', 'pack', 'okayish']"
B-Dubs,Abhishekdesai.166,its good place had a good gaming experience crazy place to hangout for any sports event also gaming experience is amazing on x box should try out once,5,"9 Reviews , 3 Followers",2019-05-08 22:54:00,2019,150,28,False,False,False,B-Dubs,5,General,"['crazy', 'sports', 'experience']"
Chinese Pavilion,Sandhya Menon,saturday afternoon we decided to try out this placei liked the ambience this place had ceiling mostly filled up with ceramic bowls very beautiful ordered soup jade chicken chicken manchow starterteriyaki chickenchicken banana leaves main coursewolly chicken chicken fried rice chicken haka noodles every dish i liked jade chicken soup was something new for me having spinach in i was wondering how it would taste but to my surprise in was too goodterriyaki chicken was excellent chicken fried rice was something that i dint like much but haka noodles was a good one would recommend to visit there once as they also serve small portion which is really very innovative helpful for customers to try more dishes ambience45 food45 service55 this is now my new chinese food point,4,"55 Reviews , 2380 Followers",2018-01-16 21:10:00,2018,773,128,False,False,False,Chinese Pavilion,4,Chinese,"['chicken', 'new', 'noodles']"
Cafe Eclat,Suraj Shenoy,we went in as a group and it is a small place and they had to arrange the tables awkwardly so it is definitely not a good place for groups the food was below par the worst part was that the chicken starter they served was not cooked the mushroom toast was not good too the sandwich burger and pizza was also below average tasting they also didnt have bottled water only good thing was the friendly service,1,"119 Reviews , 598 Followers",2018-09-29 00:37:00,2018,405,78,False,False,False,Cafe Eclat,1,Italian,"['toast', 'tasting', 'sandwich']"
Khaan Saab,Imran Shaik,excellent service and good ambiance tapan steward was extremely nice and gentle with his service on my table happy with the service more than food i should not forget mr prashant as well for the service and quality,5,"1 Review , 1 Follower",2019-03-17 23:30:00,2019,214,38,False,False,False,Khaan Saab,5,General,"['service', 'forget', 'mr']"
Squeeze @ The Lime,Prakash Vakharia,prepared customised food items on my suggestion loved the taste and value for money,5,"4 Reviews , 1 Follower",2018-05-09 15:34:00,2018,83,14,False,False,False,Squeeze @ The Lime,5,General,"['suggestion', 'prepared', 'value']"
Tiki Shack,Sam,we visited the place on thursday night after calling up to do the booking for 3 stag entry we got the response over the phone that we can just walk in at 7pm as soon as i entered the first response from a person nikhil at the front desk was stag not allowed when i showed my phone and explained that i did call to do the booking he said no i was allowed after they realized that one of my other friends was already inside the pub and taken the table it was so frustrating that treating someone so unprofessional and with a rude behavior if you dont want to allow stag say it straight forward or put a notice outside so that no stag would even wish to enter dont change your rules according to your convenience grow up,1,1 Review,2019-04-13 07:10:00,2019,717,141,False,False,False,Tiki Shack,1,Bar,"['booking', 'response', 'dont']"
Frio Bistro,Manidhar_pjr,food the food was goodeach and every item was deliciousthey are just awesomeits the best place for a quick lunch the shakes are good and they serve as the perfect drink for the mesmerizing food ambience its a small place but its beautifully maintained should visit this place during the evening to enjoy the ambience of this place service and the staff the service here is very fast you dont have to wait for anything the staff are very well mannered and are very quick in responding to your order they are well trained to handle the guests and make them feel comfortable quantity to price thank you,4,"45 Reviews , 116 Followers",2019-05-14 12:32:00,2019,599,108,False,False,False,Frio Bistro,4,General,"['quick', 'place', 'maintained']"
Delhi-39,Mahesh Khandelwal,no order was deliveredyour person fooling youhe told me to cancel orderlooks some fraud pl check or i will report to ceo,1,1 Review,2018-05-13 21:43:00,2018,120,22,False,False,False,Delhi-39,1,General,"['check', 'told', 'person']"
Tandoori Food Works,Asif Nawaz,i had ordered chicken tikka biryani and tandoori chicken it was delivered before timeonly good thing biryani was too cold looks like they serve chilled biryani and the lemon was rotten pathetic experience,2,1 Review,2018-08-12 15:28:00,2018,204,33,False,False,False,Tandoori Food Works,2,Indian,"['biryani', 'lemon', 'looks']"
Deli 9 Bistro,Mounikagampa,i wanted to go this place since long time it is one of the oldest cafe went there during lunch time along with my nri friend sat on the corner and loved the view it looks vintage beautiful ambience coming to food ordered lemon corainder soup nachos and fried rice which tasted good,5,"42 Reviews , 98 Followers",2019-03-02 14:02:00,2019,281,53,False,False,False,Deli 9 Bistro,5,Cafe,"['nachos', 'time', 'lemon']"
Mustang Terrace Lounge,Anuja Alkunte,this place has nice ambience good to hangout with friends they play really good music all decent crowd must try cocktails decent staff,4,"3 Reviews , 1 Follower",2019-02-03 02:10:00,2019,134,23,False,False,False,Mustang Terrace Lounge,4,General,"['decent', 'play', 'cocktails']"
Prism Club & Kitchen,Harshet Agarwal,this place a great feel to it very vibrant and loud good to have a pool party at this time of the year amazing place to party hoping to visit soon,3,"34 Reviews , 36 Followers",2019-05-04 18:05:00,2019,146,31,False,False,False,Prism Club & Kitchen,3,General,"['party', 'year', 'pool']"
Zing's Northeast Kitchen,Rupayan Banerjee,i was pretty excited looking at the 46 rating but quite disappointed i would rate the food at 4 though but service is extremely poor the staff isnt good at recommending dishes the beef curry with naga chilli isnt good probably because they had overused some condiment giving it a bitter taste the pork belly was good beef fry wasnt great because meat was undercooked the steam country chicken curry was good i would give this restaurant another chance and come back again because i really love the food from the north east and then order something which would be actually good and worth the rating it boasts right now,3,"11 Reviews , 80 Followers",2018-12-11 22:45:00,2018,617,110,False,False,False,Zing's Northeast Kitchen,3,Indian,"['beef', 'isnt', 'rating']"
The Lal Street - Bar Exchange,Bhuban Sa,went to this place it is a nice place but customer service is not good they accepted my table booking but later when i visit the place they did not allot me table u just have to hit the bar counter note to manager if u cant provide table just dont accept it,1,"3 Reviews , 7 Followers",2019-03-31 22:30:00,2019,257,53,False,False,False,The Lal Street - Bar Exchange,1,Bar,"['table', 'booking', 'just']"
Paradise,Arko Guha,very nice place to eat great food and great service value for money great ambience highly recommended prices a bit high but definitely worth it,5,"2 Reviews , 2 Followers",2019-05-23 21:10:00,2019,143,25,False,False,False,Paradise,5,General,"['great', 'highly', 'prices']"
Urban Asia - Kitchen & Bar,Gamya Goli,extremely bad food at the gachibowli location i had ordered food for a party and was delivered stale food despite informing that i am ordering the food for kids one of the child got food poisoned aswell i informed the management about this and they did not even get back to check on how the kid who fell sick was doing extremely poor food quality and hospitality was thoroughly embarrassed in front of the guests and regret having chosen this restaurant for my event,1,"3 Reviews , 15 Followers",2018-11-06 20:13:00,2018,466,84,False,False,False,Urban Asia - Kitchen & Bar,1,Bar,"['extremely', 'food', 'despite']"
Mohammedia Shawarma,Siddhartha Sural,sorry to say but got rotten tomato and cucumber in salad with rotten chicken was smelling very bad could not eat it waste of money and time,1,"1 Review , 1 Follower",2018-10-24 01:02:00,2018,139,27,False,False,False,Mohammedia Shawarma,1,General,"['sorry', 'tomato', 'waste']"
Udipi's Upahar,Jayadeep Devadas,this order was not delivered,1,"5 Reviews , 82 Followers",2018-07-13 13:47:00,2018,28,5,False,False,False,Udipi's Upahar,1,General,"['delivered', 'order', 'given']"
Hyderabadi Daawat,P.Nikhil Reddy,food quality is good with medium level of spice might feel little costly comparatively but must try for everyone had biryani multiple times but never disappointed,4,2 Reviews,2019-04-15 08:42:00,2019,162,26,False,False,False,Hyderabadi Daawat,4,Indian,"['medium', 'costly', 'level']"
Olive Garden,SHYAM SUNDER,went with family for dinner ordered soup and chicken satay it was very good main course ordered mutton organ josh and butter nan it was awesome ambiance is ok over all its good restaurant food 55 sevice 55 ambiance 55,5,"1 Review , 1 Follower",2019-03-04 15:58:00,2019,217,40,False,False,False,Olive Garden,5,General,"['55', 'ambiance', 'ordered']"
Zing's Northeast Kitchen,Jay Mehta,this was on our list of places to eat in hyderabad for a while but what kept us not going is the popularity with meat i am a vegetarian and wondered what i will get seeing bibimbap on the menu i had to try it we ordered fried tofu appetiser and bibimbop and freshlimesquare drinks were as displayed tofu was bit disappointingit was literally fried tofu with sauce on it and sesame seedscan miss this if you plan to go do definitely try the bap tasty and filling great portions of the veggies rice saucealthough rice wasnt sticky and i thought dolsot bap always came with hot claypotnevertheless tasty in the middle of the meal we asked for hot sauce and there came the sauce very tiny quantity we were like wtfthe sauce was hot made from naga chillies yet sooo goodburned my tongue but loved every bit of itso if you have rice remaining give this a try as well staff were courteous as well one star less just for the tofu rest was perfect will definitely visit again,4,"46 Reviews , 43 Followers",2019-04-13 14:31:00,2019,966,180,False,False,False,Zing's Northeast Kitchen,4,General,"['sauce', 'hot', 'rice']"
Cream Stone,Payal Khullar,well i love love love all the icecreams here having said that i have my favourites three to be precise death by chocolate chocolate overdose and karamel sutra when i am on a diet i get their diet fruit concept icecream i am that mad about their icecreams this is one of those places where i gawk on my food and forget to click pictures,5,"13 Reviews , 13 Followers",2018-11-18 01:33:00,2018,335,65,False,False,False,Cream Stone,5,General,"['love', 'chocolate', 'pictures']"
Domino's Pizza,Priyanshu Verma,are we fool here to order cheese burst when we can eat a simple base pizza always disappointed with the cheese quantity,1,"1 Review , 1 Follower",2018-09-23 13:12:00,2018,119,22,False,False,False,Domino's Pizza,1,Italian,"['cheese', 'simple', 'disappointed']"
"3B's - Buddies, Bar & Barbecue",Naveen,gobind is nice friendly and well coporated in serving and communicated well and explained well about the menu and the items anfd well disciplined,5,"1 Review , 2 Followers",2019-05-23 23:21:00,2019,145,24,False,False,False,"3B's - Buddies, Bar & Barbecue",5,Steakhouse,"['serving', 'items', 'friendly']"
Hyper Local,Supraja.prasad,this place is within the sln mall in gachibowli we took the outdoor seating the ambience is fantastic had couple of bears with fries chilli paneer dahi kabab and spring rolls the chilli paneer was very tasty kabab a bit sweet for my taste buds i feel the good options can be increased overall good experience,4,"62 Reviews , 189 Followers",2019-03-22 21:47:00,2019,308,56,False,False,False,Hyper Local,4,General,"['kabab', 'chilli', 'paneer']"
AB's - Absolute Barbecues,Raja Narra,i love the food and service mr chef pankaj and bhadur give excellent excprince today i like the most crispy corn and chef special mutone and paan shot ice cream,5,"1 Review , 2 Followers",2019-05-09 14:01:00,2019,160,30,False,False,False,AB's - Absolute Barbecues,5,Steakhouse,"['chef', 'mr', 'today']"
Collage - Hyatt Hyderabad Gachibowli,Srikar,visited the place at midnight the best thing is it has constant menu for all 24hours unlike most of the late night restaurants the place looks really great at night ordered pastas which were awesome although we got it 40min after ordering which needs to be taken care of will visit again,4,"48 Reviews , 112 Followers",2019-02-15 14:53:00,2019,287,52,False,False,False,Collage - Hyatt Hyderabad Gachibowli,4,Italian,"['night', 'taken', 'looks']"
Karachi Cafe,Sameer Kumar,ordered pasta and taste was not at all good,1,"7 Reviews , 39 Followers",2018-06-24 18:17:00,2018,43,9,False,False,False,Karachi Cafe,1,Italian,"['pasta', 'taste', 'ordered']"
Mathura Vilas,Rahul Agarwal,for some reasons unknown to me i decided to try this place the thali on the other zomato reviews seemed worth a try i thought i was told thali would take 15 min and i waited after 25 min of waiting when i started asking around they said thali isnt available right now and will take another 20 min minimum i lost it no shame no options to offer what could be served quickly just a plain no i walked up they asked me to pay for a bottle of water which i consumed and left the manager didnt even bother went to over the moon next door and had a great exp folkd there told me this outliet of mv is in bad shape and likely to close soon if you want to take a chance of really poor exp maybe no food maybe bad food,1,"34 Reviews , 233 Followers",2019-03-17 19:01:00,2019,708,147,False,False,False,Mathura Vilas,1,General,"['min', 'thali', 'maybe']"
Feast - Sheraton Hyderabad Hotel,Saurabh Verma,yesterday as always i went out for family dinner we wanted to try something new my wife searched for a highly rated restaurant and found this restaurant on google as im sheraton marriot platinum member 42216744521791050313 and had the best experience in past i thought this would be a good choice we booked the table we started the food but soon we realized that we have made the worst decision of our life ever for restaurant selection we opted to go with buffet there is definitely a great variety on the menu but the food was cold not even warm i did not like the food much it was not even okay as you would expect delicious and ravishing meals from sheraton that was not the case here only realtime cooked food was hot like pasta roti anyway we finished our food and came back now in the night my younger son started vomiting and he was finding difficulties to digest water as well the whole night he was vomiting and in the morning my wife stared do vomiting we rushed to the hospital continatal and the doctor clearly said it is food poising we went to flashback and realized my wife and younger son had come vegetable team which may have caused the vomiting eldor son had pasta so he was good very disappointing experience from sheraton i have to think about my relation with sheraton in the future,1,"2 Reviews , 1 Follower",2019-02-25 14:44:00,2019,1305,240,False,False,False,Feast - Sheraton Hyderabad Hotel,1,Italian,"['started', 'food', 'restaurant']"
Al Saba Restaurant,Farhad Tarapore,finally ate a biryani that i licked off the plate the portion size was perfect the biryani was flavorful and the salan was delicious again ambience of this place is horrible but the food is amazing will go again to try the haleem,4,"86 Reviews , 647 Followers",2018-11-29 18:02:00,2018,229,43,False,False,False,Al Saba Restaurant,4,Indian,"['biryani', 'ate', 'haleem']"
Cream Stone,Klakshmi Santhoshi,best ever ice cream i have ever had for the last few years and i have a lot of people who feel like me ijust love you so much for the great ice cream you have made for me,5,2 Reviews,2018-12-07 05:20:00,2018,170,39,False,False,False,Cream Stone,5,Dessert,"['ice', 'cream', 'years']"
Desi Bytes,Vikashtiwary1991,not good and my experience is not at all good the litti chokha is very hyped here but i do not feel the same it was below par the other food experience is also not good,1,"24 Reviews , 25 Followers",2018-12-26 22:40:00,2018,168,36,False,False,False,Desi Bytes,1,General,"['litti', 'experience', 'good']"
Collage - Hyatt Hyderabad Gachibowli,Sree Leela,went for a dinner buffet for a family gathering and the food is just average for the price we paymost of the items are not available on the buffet menu which are served at the table but with lots of delay,3,"25 Reviews , 14 Followers",2018-07-21 14:59:00,2018,204,41,False,False,False,Collage - Hyatt Hyderabad Gachibowli,3,General,"['buffet', 'lots', 'available']"
Royal Spicy Restaurant,Ashima Jena,ordered noodles and received without a fork how am i supposed to eat,2,1 Review,2018-08-14 04:45:00,2018,68,13,False,False,False,Royal Spicy Restaurant,2,Chinese,"['received', 'noodles', 'eat']"
Mathura Vilas,Rishabh Upadhyay,decent place with good ambience a bit overpriced and service is a little slowquality of food is good and the staff is well spoken a decent family restraunt,4,"2 Reviews , 3 Followers",2018-10-11 00:26:00,2018,155,28,False,False,False,Mathura Vilas,4,General,"['decent', 'overpriced', 'family']"
The Foodie Monster Kitchen,Anuj Rajani,as of now i have tried 2 rice bowls and 1 shawarma from here 1 non veg green slimy monster bowl 2 veg the iron monster bowl 3 desi original chicken shawarma all 3 of them i liked a lot especially 1 and 3 me being a healthy food eating person instructions of using less oil and less chilli were correctly taken into account by the restaurant and the taste also was great quality and quantity were both quite satisfying great job one suggestion from my side will be to add calories ingredients and nutritients information for ex protein fat carbs content micro nutrients information for each dish being offered this will be very helpful for everyone especially for people like me who want to eat clean and healthy,4,1 Review,2019-04-13 16:08:00,2019,711,129,False,False,False,The Foodie Monster Kitchen,4,General,"['healthy', 'bowl', 'shawarma']"
Kritunga Restaurant,Johny,worst biriyani ever had there was some small pieces of chicken curry dry placed over some rice i dont know whether you have learnt atleast how biriyani looks like even after being in the city of biriyanis that it is not just some pieces of chicken kept over a lump of basmati rice pls grow up no 0 option,1,"1 Review , 1 Follower",2018-07-29 22:54:00,2018,304,59,False,False,False,Kritunga Restaurant,1,Indian,"['biriyani', 'pieces', 'rice']"
Pot Pourri,Aishwariya Kawaii,our usual hangout place every time we think of eating out we always end up at this place great staff delicious food and calm ambience chicken drumsticks and veg pulav are a must try,5,"10 Reviews , 1 Follower",2019-01-14 16:43:00,2019,181,34,False,False,False,Pot Pourri,5,General,"['calm', 'pulav', 'usual']"
Triptify,Aditi Gupta,we ordered aaloo parantha for lunch from this place their packaging is really convenient compact handy and presentable the package had 2 big stuffed parantha butter curd and green chutney but the paranthas were very thick less cooked and under stuffed also i was expecting pickle in the package,2,"58 Reviews , 150 Followers",2018-10-09 12:00:00,2018,294,49,False,False,False,Triptify,2,General,"['package', 'stuffed', 'expecting']"
Tempteys,That Biryani Gal,couldnt help but indulge my sweettooth in this store located in the dlf lane indias first to introduce gelato as base of their shakes you can choose your base between gelato or avalanche which is basically yogurt based icecream new menu is interesting happy to see savoury items on the menu as well tried coffee hazelnut shake must say the coffee is neither mild nor overpowering just the right amount and was good its loaded with whipped cream topped with choco chips caramel brownie shake now this is a stealer would give a 5 just for this probably the best caramel shake i ever had total yumminess even the colour is drool worthy a must try here yes the sugar content is high and too sweet some pampering for your sweet tooth peri peri fries how interesting is it to get options for your fries when you even love them as such i opted for peri peri spice and it tasted good and is for someone who really like their fries spicy tried crushers passion fruit flavour which was okayish,4,"222 Reviews , 858 Followers",2018-10-06 20:17:00,2018,983,180,False,False,False,Tempteys,4,Cafe,"['peri', 'shake', 'fries']"
Diners Pavilion,Subhash Shahu,been here today with teammates and the food for non vegetarian was not up to the mark all the chicken starters had small pieces of bones every bite was with a bone the main course was just ok,2,"2 Reviews , 3 Followers",2018-10-05 19:13:00,2018,191,38,False,False,False,Diners Pavilion,2,General,"['bite', 'vegetarian', 'today']"
13 Dhaba,Khadijah Hussain,best punjabi corner in whole hyderabad compared to other punjabi restaurants i have been you can see the satisfaction on my face from parathas to kulchas to chole bhature everything is simply delicious must try paneer tikka soft full of spice and cooked with lots of love happy eating,5,"39 Reviews , 65 Followers",2018-10-04 20:09:00,2018,284,49,False,False,False,13 Dhaba,5,General,"['punjabi', 'parathas', 'chole']"
Sardarji's Chaats & More,Vikashtiwary1991,awesome food i tried chat and samosa and it is one of the best in hyderabad must try and zomato provide the facility to order online which adds to your likings,5,"24 Reviews , 25 Followers",2018-12-29 19:18:00,2018,159,31,False,False,False,Sardarji's Chaats & More,5,General,"['chat', 'provide', 'online']"
Shah Ghouse Hotel & Restaurant,Gurtejbir Sandhu,horrible biryani this is what we got when we ordered on swiggy it looks like you just want to make money selling biryani and left over pieces,2,"28 Reviews , 5 Followers",2019-03-22 22:07:00,2019,141,27,False,False,False,Shah Ghouse Hotel & Restaurant,2,Indian,"['biryani', 'swiggy', 'left']"
Being Hungry,Avinash Sunkara,they teached me how to eat the zeera rice with fork,1,1 Review,2018-07-22 21:55:00,2018,51,11,False,False,False,Being Hungry,1,General,"['eat', 'rice', 'fries']"
Urban Asia - Kitchen & Bar,Karan Dadure,it is two restaurants under the same roof really dont know why so because they present you the menu of both at either place not sure if they share the kitchen and chef too we ordered from urban asias menu and the food was good the service on the other hand is a little disappointing probably because of the confusion between the restaurants ordered some lamb starters and thai curry red the thai curry was great and the remained for hours in my mouth,4,"129 Reviews , 587 Followers",2018-11-04 23:49:00,2018,450,84,False,False,False,Urban Asia - Kitchen & Bar,4,Indian,"['thai', 'restaurants', 'curry']"
Labonel,Asmita Paul,everything here is delectable to the last bit prices are bit on the higher side which makes it a little difficult for people on budget however you should definitely try their samples which is kept at the counter to satisfy your taste buds for free d,5,"10 Reviews , 79 Followers",2018-08-30 20:01:00,2018,249,46,False,False,False,Labonel,5,General,"['bit', 'difficult', 'free']"
Absolute Sizzlers,Reema Arora,bad food bad ambience bad service clueless waiters and expensive food such a waste of money everything was bad i regret going to this place,1,"2 Reviews , 16 Followers",2019-03-22 12:55:00,2019,139,25,False,False,False,Absolute Sizzlers,1,General,"['bad', 'waste', 'waiters']"
American Wild Wings,Md Zakir,first burger experience really awesome taste of curly fries willing to spend every weekend with my family thank u american wild wings for giving a beautiful cusine,5,1 Review,2019-02-05 02:09:00,2019,163,27,False,False,False,American Wild Wings,5,General,"['american', 'spend', 'fries']"
Yum Yum Tree - The Arabian Food Court,Teja Dandigunta,the best part about this place is ambiance and seating arrangement very unique in style and an enjoyable experience especially when visited with friendsfamily we have to sit on sofas with legs crossed and food is served on short movable table placed on sofa people go here to have mandi the dish that they are meant for we too have ordered chicken stick mandi along with two other chicken starters chicken tikka and chicken wings of which the former was palatable we had mandi for the first time and were flabbergasted by the enormous size of plate and quantity of food five of us were unable to finish it off rice was soft and chicken pieces were tender and rightly marinated the feeling of multiple people having food from same plate is amusing their service deserves a special mention they just appear when we need them and give us privacy otherwise overall this is a must visit to have mandi,4,"108 Reviews , 2534 Followers",2018-08-18 08:28:00,2018,895,160,False,False,False,Yum Yum Tree - The Arabian Food Court,4,General,"['mandi', 'chicken', 'plate']"
Tiki Shack,Priyanka Paul,nice place for party good ambiance outside sitting is nice we went on wednesday for ladies night and had a great time tasty foodfriendly staff and great service,5,"62 Reviews , 57 Followers",2019-03-13 11:30:00,2019,160,28,False,False,False,Tiki Shack,5,General,"['ladies', 'nice', 'great']"
Zega - Sheraton Hyderabad Hotel,Sohan Reddy,i really love zegaits my all time favourite an its my weekend night outthe food is truly exceptional and the staff are really polite and helpful especially who assisted me mrarjunall the best zega,5,"2 Reviews , 2 Followers",2018-09-05 22:30:00,2018,196,34,False,False,False,Zega - Sheraton Hyderabad Hotel,5,General,"['truly', 'really', 'weekend']"
Biryanis And More,Sudhindra87,food is very good and tastyambience is good enough egg biryani and ulavavacharu biryani is superbi think price is bit highveg and egg starters are good enoughbongu lo chicken is fantastic,4,2 Reviews,2019-01-25 21:05:00,2019,187,31,False,False,False,Biryanis And More,4,Indian,"['egg', 'biryani', 'fantastic']"
Jonathan's Kitchen - Holiday Inn Express & Suites,Yoga,we went here for an afternoon buffet the place was a little crowded because of an office party buffet spread is good the food is tasty we enjoyed the soup paneer veg balls dhal makani veg biriyani dessert has variety and quite good we enjoyed the food ala carte seemed to take time the table next to us was occupied the same time as us but were served when we were on desserts,4,"62 Reviews , 1193 Followers",2018-12-28 21:21:00,2018,376,73,False,False,False,Jonathan's Kitchen - Holiday Inn Express & Suites,4,Dessert,"['enjoyed', 'buffet', 'veg']"
Eat India Company,Sriram Sumaithangi,horrible place nothing for vegetarians service is awful paneer was not properly cooked corn cubes were hopeless we had to wait for an hour to get vegetarian starters the main course for vegetarian dishes was empty,1,"3 Reviews , 1 Follower",2018-09-12 14:18:00,2018,213,36,False,False,False,Eat India Company,1,General,"['vegetarian', 'vegetarians', 'hour']"
Frio Bistro,Yum Yum YUMMY !,overall experience 255 service 35 food quality im not able to decide taste it was horrible for me value for money 35 i dont know why but i really didnt liked this place much usually i avoid bad ratings but for the first time i really left my fav chicken wings on table they were too bad in taste will attach the images soon y,2,"89 Reviews , 202 Followers",2019-01-23 22:58:00,2019,325,65,False,False,False,Frio Bistro,2,General,"['35', 'bad', 'fav']"
eat.fit,Vishwanth Reddy,why on earth would someone charge 185 rs for 3 regular sized thin chapathis and a bowl of chicken curry unless the buyers are fools terrible pricing and quantity for the money 2 stars just for decent taste of curry all those mentions of calories and stylish packaging are unnecessary if you cant have sufficient food inside oh boy will never try btw the dish name is chefs special nonveg thali,2,"23 Reviews , 14 Followers",2019-04-16 16:10:00,2019,393,71,False,False,False,eat.fit,2,Indian,"['curry', 'terrible', 'oh']"
Club Rogue,Shantanu Paul,visited the place on a weekday but it was jam packed with people the music was too loud to the point that we would not able to discuss on what to order across the table i have been to many places but never had such loud music my ears were ringing after coming out the service was the worst all of my friends went to the dance floor and i was stopped by the staff who asked not to leave the table and asked me to deposit my id card this was pretty humiliating this place probably sees too many dine dash incidents given the kind of crowd it caters to the food was average at best they entered 200 as tip on the pos machine trying us to pay that for this sty service the valet meddled with my cars infotainment system i will avoid this place from now on and stick to more classy places,1,"4 Reviews , 27 Followers",2019-02-20 22:56:00,2019,783,157,False,False,False,Club Rogue,1,General,"['loud', 'asked', 'places']"
Cascade - Radisson Hyderabad Hitec City,Rahul Agarwal,we went for the buffet lunch at radisson after a few years the overall experience was very average there were events going on and the place was overcrowded very few staff to helpassist coming to food some items on the buffet were decent the basics liike paneer curry lacha paratha etc were good salads and chaats were ok desserts were below average the one thing that is usually safe is a pizza they had pasta and pizzas as part of the buffet unfortunately they couldnt get the pizza to taste decent i had to leave pizza and eat something else which i never do poor experience overall and unlikely to return again,3,"34 Reviews , 233 Followers",2018-11-20 08:19:00,2018,613,112,False,False,False,Cascade - Radisson Hyderabad Hitec City,3,Italian,"['pizza', 'buffet', 'average']"
Khaan Saab,Asha Akunuri,the restaurant was quite big and maintained very clean and neat with best hospitality have been here on friday evening place was not much crowded and there was occupancy of only two tables ordered the below chicken tikka biriyani this was mentioned as must try in menu card it tasted good tawa mutton biriyani it tasted good with aromas of spices paya soup did not meet the expectations it was not up to the mark tried tomato soup too it did not taste well mushroom masala curry quantity was very less and taste ambience 45 food 35 hospitality was good they treated us as royal guest,3,"47 Reviews , 60 Followers",2019-04-13 10:27:00,2019,583,106,False,False,False,Khaan Saab,3,Indian,"['biriyani', 'hospitality', 'did']"
Collage - Hyatt Hyderabad Gachibowli,Saad Khan,we had dinner at this place last night the spread was quite lavish but we personally felt that nonvegetarian dishes were less when compared to the pricing of the buffet the food was average as compared to the other hyatt at banjara hills the only thing i enjoyed was the fresh ravioli pasta they were serving and also they had no soft drinks included in the buffet which is quite stingy but the service is top notch and the staff always keeps a tap at your table and was eager to serve us which was great,3,"12 Reviews , 8 Followers",2017-09-27 12:19:00,2017,504,96,False,False,False,Collage - Hyatt Hyderabad Gachibowli,3,Italian,"['compared', 'quite', 'buffet']"
The Fisherman's Wharf,Pratiksha Sable,visited this place about a month ago and they werent very accommodating as we had our 5 month old baby with us which led us to walk out asap they were relatively low on customer service with us but no complaints about the food tried the fishchips and prawn curry with rice last week and was decent,2,1 Review,2019-05-20 10:22:00,2019,297,57,False,False,False,The Fisherman's Wharf,2,Indian,"['werent', 'baby', 'prawn']"
Hitech Bawarchi Food Zone,Kumar Rathod,quitity was not sufficient good,1,2 Reviews,2019-05-14 18:02:00,2019,31,5,False,False,False,Hitech Bawarchi Food Zone,1,General,"['sufficient', 'good', 'given']"
Karachi Cafe,Priyanka,the retro theme ambience was classic but i didnt like the food over there it was average i even ordered ferrero rocher shake and would rate it 25,2,"9 Reviews , 18 Followers",2019-01-10 21:29:00,2019,145,28,False,False,False,Karachi Cafe,2,Cafe,"['theme', 'classic', 'shake']"
Delhi-39,Shubham Tiwari,quantity and taste is satisfactory lacchi paratha and missi roti is not good in compare to other items,4,"2 Reviews , 6 Followers",2018-05-02 17:37:00,2018,102,18,False,False,False,Delhi-39,4,General,"['paratha', 'roti', 'items']"
Frio Bistro,Abhinav,food quality 35 ambience 35 service 45 whenever a menu of a restaurant is limited we generally expect the taste to be phenomenon most of the things that we ordered were okay but the pasta had very thin sauce and also the pasta was not properly cooked,3,"16 Reviews , 21 Followers",2019-01-31 16:21:00,2019,250,47,False,False,False,Frio Bistro,3,Italian,"['35', 'pasta', 'limited']"
The Lal Street - Bar Exchange,Tirtha Das,went there on an ipl night music and ambience is nice we ordered drinks and a couple of starters such as stuffed mushroom chicken in black bean sauce jalapeno poppers and a fish dish all the dishes were good but the jalapeno poppers and stuffed mushroom were impressive the service is slow though and ordering drinks on the app might become a challange at times overall a nice place to hangout,4,"60 Reviews , 639 Followers",2019-04-20 15:51:00,2019,393,71,False,False,False,The Lal Street - Bar Exchange,4,Seafood,"['stuffed', 'mushroom', 'drinks']"
Mohammedia Shawarma,Richa Rathore,i would say it was one of the best shawarma that i have had till date thanks would definitely order again from this place,5,"5 Reviews , 7 Followers",2018-10-26 14:13:00,2018,121,24,False,False,False,Mohammedia Shawarma,5,General,"['date', 'shawarma', 'till']"
Over The Moon Brew Company,Sheela Ippili,i have been here quite a few times now this place is amazing the steward keshav was really polite and helpful and made sure we had a good experience the food is amazing,5,"2 Reviews , 2 Followers",2019-05-18 22:59:00,2019,168,33,False,False,False,Over The Moon Brew Company,5,General,"['amazing', 'helpful', 'sure']"
Tiki Shack,Manisha Panda,i had been with a friend on a weekday when the place was not much crowded all we had are pizzas and drinks the best part is you can customize your pizza didnt cost us a lot so would say its reasonable particularly loved the ambience we sat in the terrace area which was beautiful the service is a little slow but we didnt mind waiting,4,"19 Reviews , 53 Followers",2019-05-01 19:52:00,2019,334,66,False,False,False,Tiki Shack,4,Italian,"['didnt', 'terrace', 'weekday']"
KS Bakers,Mehuli Nag Biswas,really loved the place and the varieties they serve affordable and cheap prices with good quantity to serve freshly baked pizza and amazing taste,5,"72 Reviews , 225 Followers",2017-12-10 01:15:00,2017,145,24,False,False,False,KS Bakers,5,Italian,"['serve', 'cheap', 'affordable']"
Shanghai Chef 2,Rajsi Gaikwad,its a small place with nice ambience and comfortable sitting the service was quick and people were friendly the noodles we ordered were okay and the veg kung pao was good its a nice place for a casual hangout and chinese food,4,"50 Reviews , 69 Followers",2019-01-19 23:38:00,2019,225,42,False,False,False,Shanghai Chef 2,4,Chinese,"['kung', 'pao', 'casual']"
Sardarji's Chaats & More,Minocher Hansotia,oh ho this place serves amazing parathas and their combos are worth it you experience it to appreciate it lot of crowd at meal times so u might have to wait 1520 min for your parantha to be made but worth the waitthey have a small seating area inside too,5,"6 Reviews , 44 Followers",2019-05-18 06:18:00,2019,254,50,False,False,False,Sardarji's Chaats & More,5,General,"['worth', 'combos', 'oh']"
Cascade - Radisson Hyderabad Hitec City,Sumeet Bhasin,i came here with my team for lunch thank you guys for amazing service and soul delicious meal wish you and your team a very happy and prosperous new year hope to see you soon,5,"4 Reviews , 1 Follower",2019-01-03 15:15:00,2019,174,35,False,False,False,Cascade - Radisson Hyderabad Hitec City,5,General,"['team', 'year', 'wish']"
Eat India Company,Rahul Otreja,good ambience but average vegetarian foodit was just like any other restaurantwe order paneer tikka and nawabi handitikka was fine but handi was very average,3,"26 Reviews , 47 Followers",2018-10-02 21:00:00,2018,157,25,False,False,False,Eat India Company,3,General,"['average', 'vegetarian', 'fine']"
Ulavacharu,Nillu,i visited 3 month ago it was good but it was very spicy ans somewhat costly also interior is good as well behavior of stap members,4,"17 Reviews , 9 Followers",2019-01-16 01:04:00,2019,130,26,False,False,False,Ulavacharu,4,General,"['members', 'costly', 'interior']"
Deli 9 Bistro,Barnopriyo Barua,i recently visited here for lunch with my office team mates the food was really good and the staff were polite and quick to respond the ambience was pretty pleasing too one issue with this place is that the parking area is really really cramped it is small and since it is shared with the other eateries in the same building parking your car can be a bit of a headache here,4,"2 Reviews , 1 Follower",2019-01-05 13:11:00,2019,373,72,False,False,False,Deli 9 Bistro,4,General,"['parking', 'really', 'issue']"
Collage - Hyatt Hyderabad Gachibowli,Kapilbhat,nice ambience but far too less items as options for food in the dinner buffet would suggest the management to improve the spread as we hardly get couple of options per cuisine in this multicuisine spread that hyatt offers,3,"41 Reviews , 135 Followers",2018-07-08 13:05:00,2018,221,39,False,False,False,Collage - Hyatt Hyderabad Gachibowli,3,General,"['spread', 'options', 'hardly']"
Behrouz Biryani,Naveen Yavvari,i have ordered a biriyani and the restaurant took close to one hour just to prepare the food and the zomato delivery person took 30 more mins to deliver the food one of the worst service from zomato when it comes to the food it was pretty average i dint feel like i am having a biriyani,2,1 Review,2018-09-21 22:58:00,2018,286,57,False,False,False,Behrouz Biryani,2,Indian,"['biriyani', 'took', 'zomato']"
Labonel,AbstractFoodie,beautiful cake with great flavors we ordered carrot cake with cream cheese frosting it was really delicious it had a slight hint of cinnamon unlike usual cakes with overwhelming flavors it was mild and tasty it also had some amazing unique flavors which we would love to try on our next trip to this cute place,4,"76 Reviews , 113 Followers",2018-07-20 15:56:00,2018,310,56,False,False,False,Labonel,4,Dessert,"['flavors', 'cake', 'usual']"
Domino's Pizza,Malar Madhav Rao,late an food is cold an bad delivery boys shd carry change,2,"6 Reviews , 4 Followers",2018-08-12 22:48:00,2018,58,12,False,False,False,Domino's Pizza,2,Italian,"['change', 'late', 'cold']"
Khaan Saab,Ankit,one of those times when you actually regret for not able give ratings less than zeropathetic servicefoods way costlier than its quality over hyped description for the decor i can go on and on and jesus there are some basic differences between pinappleapple juice and pudina juice texture and smell u gotta understand that before demanding that you are one of the best in your genre,1,1 Review,2019-03-25 19:27:00,2019,381,66,False,False,False,Khaan Saab,1,General,"['juice', 'ratings', 'basic']"
Pot Pourri,Srikanth T,we went for dinner based on this 40 rating it did not meet bare minimum criteria food was over spiceyhot even after mentioning the spice levels in first course service was very bad they asked how the souppaya was and when we mentioned that it is too spicey that was not bothered and next course was even more spiceyhot i generally am ok with hotspicey food but this is very extreme i would not recommend going to this place,1,1 Review,2019-01-22 23:27:00,2019,423,79,False,False,False,Pot Pourri,1,Bar,"['course', 'meet', '40']"
The Lal Street - Bar Exchange,Raja Srivathsav,amazing place the ambience is good and the music is even great ive been here thrice in the past three weeks and it turned out to be pretty amazing experience always their exchange system of liquor pricing is quite good and affordable to most ive even had jameson for 140 bucks a peg their lit is effective ive tried their chicken tikka biryani and hot asian noodles chicken tikka biryani was amazing i loved it ambience 3 service 3 food 5 will i visit this place again yes yes yes btw they have liquor at mrp on every mondays,4,"43 Reviews , 93 Followers",2019-04-12 01:16:00,2019,525,99,False,False,False,The Lal Street - Bar Exchange,4,Chinese,"['yes', 'ive', 'amazing']"
The Foodie Monster Kitchen,Himanshu Singal,quantity is not upto the mark rice or biryani is not even sufficient for 1 person,3,"0 Reviews , 4 Followers",2018-07-28 18:15:00,2018,81,16,False,False,False,The Foodie Monster Kitchen,3,Indian,"['sufficient', 'upto', 'mark']"
The Tilt Bar Republic,Riz & Shanky,visited this place for an office party that was organised pretty good place considering very compact space and seating the smoking area is way too small the food is not that great but quite delicious nothing i can comeplain off egg munchuria was standout off all the dishes we ordered overall a onetime visit place lacks repeat value just because it is way too small,3,"74 Reviews , 97 Followers",2018-11-29 15:49:00,2018,366,65,False,False,False,The Tilt Bar Republic,3,Bar,"['way', 'small', 'considering']"
Banana Leaf Multicuisine Restaurant,Ankita,buffet system is so cool just loved the food specially the roasted pineapple dessert speciality of here i must say pocket wise very economic great varieties of non veg food satiate your hunger economically here,5,"10 Reviews , 179 Followers",2018-10-02 14:03:00,2018,210,35,False,False,False,Banana Leaf Multicuisine Restaurant,5,Dessert,"['roasted', 'hunger', 'wise']"
Marsala Food Company,Sudhir Raju,starters were served coldall they did was reheatspoons were dusty and not cleanwe had buffet and some of the items were missing overall food taste rating 15 ambience 35,1,"2 Reviews , 9 Followers",2019-04-05 14:16:00,2019,168,29,False,False,False,Marsala Food Company,1,General,"['missing', '15', 'rating']"
Shree Santosh Dhaba Family Restaurant,Amartha Dutta,ordered mix veg and tandoori roti twice in a gap of 10 days first time it was awesome food forcing us to repeat the order second time it was real disaster terrible food burnt roti and not so good subzi as well,1,1 Review,2019-03-13 06:31:00,2019,209,42,False,False,False,Shree Santosh Dhaba Family Restaurant,1,Indian,"['roti', 'terrible', 'burnt']"
Driven Cafe,Puja Agarwal,amazing place spectating the cars and bikes and the idea of renting your dream car is just superb ambience is perfectly crafted for the theme they have,4,"32 Reviews , 265 Followers",2018-12-11 22:13:00,2018,151,27,False,False,False,Driven Cafe,4,Cafe,"['cars', 'theme', 'perfectly']"
The Foodie Monster Kitchen,Megha Shukla,kindly try putting more stuffing in the waffles we ordered two but it was all bread hence couldnt eat any ice cream waffle was all melted kindly remove it from online if we are unable to deliver with dry ice banana caramel waffle was all dry expecting better qualities for the next order thanks a lot,2,1 Review,2018-09-22 14:51:00,2018,300,56,False,False,False,The Foodie Monster Kitchen,2,Dessert,"['waffle', 'dry', 'ice']"
Chinese Pavilion,Ch.ramya Krishna,been here for four times still didnt get bored of those dishes the best choice when craving for an authentic chinese food added only the dessert pic as i am busy while eating the main course,4,"14 Reviews , 33 Followers",2018-05-11 17:16:00,2018,190,36,False,False,False,Chinese Pavilion,4,Chinese,"['craving', 'added', 'busy']"
Tandoori Food Works,Harish,taste is goodchicken tikka biryani as per the quantity not value for money,3,0 Reviews,2018-07-27 13:36:00,2018,74,13,False,False,False,Tandoori Food Works,3,Indian,"['value', 'tikka', 'money']"
Ulavacharu,Rajesh Krishnan,went to this place with colleagues for a lunch good ambience and good food sums up this place bangla kodi was very unique chicken pinned with crispy fried potato we ended up ordering another plate of it must try at this place,4,"51 Reviews , 149 Followers",2018-12-01 13:23:00,2018,225,42,False,False,False,Ulavacharu,4,General,"['kodi', 'ended', 'unique']"
eat.fit,Karthik Reddy Katta,health consciously designed menu and quality food packing is also very nice keep up the good work provides you a daily dose of health taste and satisfying meal be it breakfast lunch or dinner,5,"1 Review , 4 Followers",2019-03-20 17:38:00,2019,191,34,False,False,False,eat.fit,5,General,"['breakfast', 'packing', 'meal']"
Driven Cafe,Karan Parseja,overrated and hyped this place is known for its rusty garagelike interiors where you can rent some top notch automobiles the cafe in driven cafe is rather disappointing staff isnt very friendly nor very observant to details they ask for extra money for everything even when the coffee costs similar to expensive coffee chains i had mocha and coffee crunch both of which were average at its best and werent something that i would remember,2,"49 Reviews , 716 Followers",2018-10-28 15:44:00,2018,437,75,False,False,False,Driven Cafe,2,Cafe,"['coffee', 'cafe', 'werent']"
Flechazo,Malathi Yarra,sabirservice is extremely good he is very courteous and fantastic nice ambience and super starters awesome food overall recommends this restaurant please try out,5,"1 Review , 10 Followers",2019-05-21 13:58:00,2019,161,24,False,False,False,Flechazo,5,General,"['fantastic', 'extremely', 'super']"
T Grill,Akanksha Prakash,horrible service tasteless food poor service worst ambience too costlywill never visit again to this restaurantveg and nonveg food both are worst,1,"2 Reviews , 9 Followers",2018-02-16 14:36:00,2018,145,22,False,False,False,T Grill,1,Steakhouse,"['worst', 'tasteless', 'nonveg']"
Hyper Local,Gupta,nice place awesome ambience food was really good actually i am coming first time in this place sanjay is taking care my table and given proper information about the menu so i like this place polite staff i recommended this place thank you guys,5,"1 Review , 2 Followers",2019-05-08 11:11:00,2019,243,44,False,False,False,Hyper Local,5,General,"['place', 'taking', 'proper']"
Mustang Terrace Lounge,Hari Krishna,very bad management is worst than whatever i visited till now since i was giving 1 start he started scolding me and threatening me i am totally disappointed,1,2 Reviews,2019-03-15 20:58:00,2019,156,28,False,False,False,Mustang Terrace Lounge,1,General,"['start', 'started', 'management']"
Deli 9 Bistro,Dattaraj Naik,tried the chicken stuffed steak and the fish steak which were genuinely impressive not only were the waiters friendly they had fast service as well with the zomato gold membership i could avail the 1 1 offer which destroyed my hunger pangs,5,"12 Reviews , 11 Followers",2018-12-22 18:56:00,2018,239,42,False,False,False,Deli 9 Bistro,5,Seafood,"['hunger', 'impressive', 'stuffed']"
Eat India Company,Jaganthini Padmanabhan,we had specially requested the waiter to make the paneer dish less spicy but the dish turned out to be just the opposite to top this we get a wrong bill to pay mostly our last visit to this restaurantneither will recommend,1,"1 Review , 11 Followers",2019-04-13 21:22:00,2019,222,42,False,False,False,Eat India Company,1,General,"['dish', 'requested', 'turned']"
Amul,Prabhjot Sandhu,it is quite good and decent place to have a variety of desert of amul the taste of india its pocket friendly and the services and quantity and quality offer is also best,4,"55 Reviews , 188 Followers",2018-09-08 10:22:00,2018,169,33,False,False,False,Amul,4,General,"['desert', 'services', 'india']"
Shah Ghouse Spl Shawarma,Suruchi Naik,i ordered a shah ghouse spl shawarma from this restaurant the chicken was quite spicy but the taste is good everyone can try it once the delivery was on time,5,"1 Review , 21 Followers",2018-12-26 18:12:00,2018,157,30,False,False,False,Shah Ghouse Spl Shawarma,5,General,"['ghouse', 'shah', 'shawarma']"
Mazzo - Marriott Executive Apartments,Kiran Tanwar,giving three stars only because of the good staff and the amazing ambiance near the pool completely disliked the food which i felt was half cooked and tasteless,3,"6 Reviews , 11 Followers",2019-04-15 21:32:00,2019,160,28,False,False,False,Mazzo - Marriott Executive Apartments,3,General,"['pool', 'tasteless', 'stars']"
Beyond Flavours,Farheen Shaik,waiters are not good enough and you will get items which you have not ordered overall a bad experience waiting time is more than expected,1,1 Review,2019-05-05 22:10:00,2019,137,25,False,False,False,Beyond Flavours,1,General,"['waiting', 'waiters', 'expected']"
T Grill,Farooq Shaik,bad ambience ok food soups were great had some non veg starters which were not very tasty and felt a bit raw naans and curry was nice horrible biryani roaches in sink x,2,"15 Reviews , 12 Followers",2018-06-06 20:24:00,2018,168,33,False,False,False,T Grill,2,Indian,"['soups', 'raw', 'horrible']"
Biryanis And More,Aditi Gupta,ambiance35 the place is simple and sober nothing fancy food 45 chicken 65 it has strong garlicy and gingery aroma medium spicy soft boneless starter paneer tikka smoky soft paneer ulvachuru biryani yummy rice along with some red colored gravy gave it a nice juicy touch however they used regular rice we were expecting basmati rice moderately priced 800 for the above three dishes quick service and courteous staff,4,"58 Reviews , 150 Followers",2018-08-27 12:08:00,2018,414,69,False,False,False,Biryanis And More,4,Indian,"['rice', 'soft', 'paneer']"
Hotel Zara Hi-Fi,Shanmukh Edupuganti,best food at a best price a low cost food cant be beaten by any other restaurants biryani and starters starting from 80 rupees only,5,1 Review,2018-09-04 14:17:00,2018,131,25,False,False,False,Hotel Zara Hi-Fi,5,Indian,"['starting', 'best', 'low']"
Domino's Pizza,Chanda,my order was delayed and not even delivered i went to dominos to collect it this was pathetic experience for the first time with dominos,1,"106 Reviews , 763 Followers",2018-08-02 12:10:00,2018,136,25,False,False,False,Domino's Pizza,1,Italian,"['pathetic', 'delivered', 'went']"
Over The Moon Brew Company,Japneet Singh,do ask for makhan if you visit great service good beer fermentation smell can get some people uneasy but beer lovers will surely appreciate,4,"5 Reviews , 195 Followers",2019-04-28 15:03:00,2019,139,24,False,False,False,Over The Moon Brew Company,4,General,"['beer', 'appreciate', 'smell']"
Feast - Sheraton Hyderabad Hotel,Surya Tej Kanuri,one of the best brunches people with a sweet tooth you should go food 67 ambiance 57 service 37 feast is one of the biggest spreads i saw in a buffet it has continental chinese and indian cuisine and chats with a huge variety the ambiance is decent but probably it could be improved i would like first start with the desserts section there are many the very sight can be deadly to a diabetic patient perfect place for ppl with a sweet tooth a big selection of pastries cheese cakes along with many indian specialties there was chicken fish and mutton for starters i couldnt see prawns chicken popcorn was so crispy on the outside and the chicken soft in the inside the best starter of all the other starters are okeyish in the main course chciekn biryani and lal maas were the best overall a very good experience the on table service was slow the only thing i hope could have been a lot better,4,"201 Reviews , 390 Followers",2019-03-12 07:25:00,2019,893,167,False,False,False,Feast - Sheraton Hyderabad Hotel,4,Chinese,"['sweet', 'best', 'indian']"
Hyderabad Chefs,Vikram,only one chicken piece for whole biryanisuch a shame,1,1 Review,2018-07-31 22:46:00,2018,52,9,False,False,False,Hyderabad Chefs,1,Indian,"['piece', 'chicken', 'gives']"
Mathura Vilas,Vijay Karthik,we have ordered veg chilly sticks and golden baby corn veg chilly sticks are good and must try golden fry baby corn and veg biryani are worst,3,"1 Review , 29 Followers",2019-03-31 12:57:00,2019,141,27,False,False,False,Mathura Vilas,3,Indian,"['baby', 'chilly', 'veg']"
Over The Moon Brew Company,Mithil Dave,the managers are so rude to the customers twice they declined the entry on two consecutive days we came here looking at the reviews but the behavior of the staff killed the mood they seemed bias towards the guests and prefer people whom they know at the entry,1,"3 Reviews , 10 Followers",2019-05-18 20:56:00,2019,259,48,False,False,False,Over The Moon Brew Company,1,General,"['entry', 'guests', 'mood']"
Yum Yum Tree - The Arabian Food Court,Avishek Chakraborty,the place is a bit isolated but the food and ambience is quite good even one of the best place to have the arabian mandi give a visit for sure i would say fahm mandi less spicy barbaque chicken mandi if you dont mind having a bit spicy my personal favourite it is,3,"38 Reviews , 172 Followers",2019-01-12 18:16:00,2019,263,53,False,False,False,Yum Yum Tree - The Arabian Food Court,3,Bar,"['mandi', 'spicy', 'bit']"
Hyper Local,Sudipta Routray,nice place to hang out food was really good as well as drinks ambience and music was really goodloved the dj for friday night worth visiting the place,4,"14 Reviews , 12 Followers",2019-04-22 14:25:00,2019,150,28,False,False,False,Hyper Local,4,General,"['really', 'hang', 'friday']"
Banana Leaf Multicuisine Restaurant,Avishek Chakraborty,this place is a good place to go out with your family food quality and ambience is quite good enough for its pricethey welcome everyone with a complimentary drink which is a quite warm gesture here you can go for a economical buffet meal with your friends and family alsoits a place you can visit and dine out without a pinch in your wallet cheers,4,"38 Reviews , 172 Followers",2018-06-23 03:39:00,2018,347,65,False,False,False,Banana Leaf Multicuisine Restaurant,4,General,"['family', 'quite', 'cheers']"
Dunkin' Donuts,Priyanka Yadav,favourite cafe for finger food as they have a variety of donuts and burgers surprisingly their burgers are better than their donutsi have tried almost all the donuts and they never disappointed me and so goes with the burgers veg mayo is the best as its different than routine burgers with a twist of mint mayo in it cool place to hangout with friends,4,"18 Reviews , 35 Followers",2018-04-15 21:18:00,2018,351,64,False,False,False,Dunkin' Donuts,4,Cafe,"['burgers', 'mayo', 'donuts']"
Barbeque Nation,Sai Prasad Koneru,food is good the service from the staff is excellent worth every rupee reasonable price when compared to other barbeque service from the staff is excellent,5,"9 Reviews , 35 Followers",2018-06-22 14:48:00,2018,155,26,False,False,False,Barbeque Nation,5,Bar,"['excellent', 'barbeque', 'staff']"
The Lal Street - Bar Exchange,Kandarp,nice place and competitive pricing i am always a fan of the the concept by which these guys operate food is good specially biryani didnt expect such great biryani at a pub,4,"13 Reviews , 3 Followers",2019-04-30 13:15:00,2019,171,32,False,False,False,The Lal Street - Bar Exchange,4,Indian,"['biryani', 'concept', 'pricing']"
Dine O China,Jayawanth Rao Kodumal,the ambience of the restaurant was very good the staff are very polite and their hospitality was very good their service was very professional we tried crab meat soup and fish sizzler they tasted yummy we also ordered wok fried chicken hakka noodles which came out very well the food was not expensive and value for money overall we had a splendid meal highly recommended and a must try restaurant,5,1 Review,2018-12-30 12:25:00,2018,397,70,False,False,False,Dine O China,5,Chinese,"['restaurant', 'sizzler', 'professional']"
Frio Bistro,Karishma Bhatt,i had very high expectations from this one but disappointed talking about food the taste was below average we ordered pasta and pizzas both were not at all good the only thing which i liked about this place is the ambience its very decent coming to service the waiters were very humble but our order took more than 1 hour to reach us to the table overall below average experience,2,"90 Reviews , 148 Followers",2019-01-20 16:17:00,2019,379,70,False,False,False,Frio Bistro,2,Italian,"['average', 'humble', 'pizzas']"
eat.fit,Ketan Bassi,if you want to eat something delicious without feeling guilty about eating unhealthy food then eatfit is your go to place delicious tofu keema parantha having no extra spices and perfect balance of flavors,5,1 Review,2019-04-20 12:42:00,2019,205,34,False,False,False,eat.fit,5,General,"['delicious', 'keema', 'feeling']"
AB's - Absolute Barbecues,Arindam Saha,visited this place with my friends strong recommendation and great reviews seen to be honest it didnt live up to the great reviews and great reputation it has food spread is huge and too many varieties are there so a big thumsup for the same quality of food is not wow but very average prawn barbeque and chicken was very average service is good and taken good care of ambience was ok it was feeling hot and we were sweating inside all in all a average ok experience,3,"4 Reviews , 41 Followers",2019-05-13 22:53:00,2019,466,88,False,False,False,AB's - Absolute Barbecues,3,Steakhouse,"['average', 'reviews', 'ok']"
Shree Santosh Dhaba Family Restaurant,Yera Navin Kumar,paneer too spicy manchurian an naan were great,3,"6 Reviews , 33 Followers",2018-07-28 06:14:00,2018,46,8,False,False,False,Shree Santosh Dhaba Family Restaurant,3,General,"['manchurian', 'naan', 'spicy']"
Over The Moon Brew Company,Vishnu S,over the moon name is not matching with ambience there is no roof top seating for this brewery outside seating was just average atleast the same ambience can be in the second are third floor service was very quick and fast because there is no other brewery in surroundings we can visit to this place,3,"69 Reviews , 178 Followers",2019-05-13 01:13:00,2019,299,55,False,False,False,Over The Moon Brew Company,3,Bar,"['seating', 'atleast', 'roof']"
The Indi Grill,Koushik Varma,we had lunch here with our friendsgot amaizing experience at the indigrillfood was awesome best barbeque grill in the city our server sahilsakilbala were very courteous and polite,5,"1 Review , 1 Follower",2019-05-12 14:58:00,2019,179,28,False,False,False,The Indi Grill,5,Steakhouse,"['barbeque', 'grill', 'server']"
Zega - Sheraton Hyderabad Hotel,Animesh Karn,my time in zega was fantastic from the food i ordered to the service i received to the minute little details of the place were truly inspiring like the name suggests i loved having banana toffee with salted caramel ice cream mouth watering dessert deepak suggested us the desserts his service was amazing i have added zega as the must visit restaurant in the city,5,"1 Review , 1 Follower",2018-08-12 17:36:00,2018,363,65,False,False,False,Zega - Sheraton Hyderabad Hotel,5,Dessert,"['caramel', 'truly', 'banana']"
Flechazo,Nishant Sharief Mohammad,great ambience and lovely food eating festival for food lovers like me service is excellent brothers hamid sanjit and jakirul have taken good care of us our baby enjoyed special status on spiceless food n painting playing time,5,"2 Reviews , 1 Follower",2019-04-20 15:40:00,2019,226,38,False,False,False,Flechazo,5,General,"['playing', 'baby', 'taken']"
Arena Eleven,Brajagopal Patra Gopal,such a great ambience it had food is damn tasty staff was courteous service was also good as well lots of variety in cocktail food 45 service 455 ambience 55,5,1 Review,2019-05-08 16:29:00,2019,157,30,False,False,False,Arena Eleven,5,General,"['damn', 'cocktail', 'lots']"
AB's - Absolute Barbecues,Vaishnav Vikz,best service and especially by mr bahadur who is a very pleasant gentleman helping us out overall was a very good experience with the food and the service,5,"1 Review , 2 Followers",2019-05-11 23:36:00,2019,154,28,False,False,False,AB's - Absolute Barbecues,5,Steakhouse,"['pleasant', 'mr', 'service']"
Triptify,Ashish Jain,not cooked properly no paneer in paratha,1,3 Reviews,2019-04-07 15:35:00,2019,40,7,False,False,False,Triptify,1,General,"['paratha', 'properly', 'cooked']"
The Indi Grill,Avinash Baratam,good place to have food here for a typical south indians who would like to enjoy barbeque food ambience and service are mesmerising which made us show interest towards having food,4,"2 Reviews , 73 Followers",2019-04-21 14:08:00,2019,179,31,False,False,False,The Indi Grill,4,Indian,"['typical', 'barbeque', 'south']"
Eat India Company,Sravani,nice ambiance and is a treat for people to watch and enjoy its on little expensive side here we will be offered 34 menu cards looks like its a combined centre for eat india and urban asia,4,"10 Reviews , 10 Followers",2019-05-22 14:10:00,2019,187,37,False,False,False,Eat India Company,4,General,"['asia', 'urban', 'offered']"
Owm Nom Nom,Vamsi Krishna Reddy,ordered chicken russian salad and chicken hot and sour soup soup is ok ok nothing special they didnt have chicken russian salad instead sent me mix veg salad overall i would rate 253,3,"19 Reviews , 60 Followers",2018-08-06 14:39:00,2018,182,33,False,False,False,Owm Nom Nom,3,General,"['salad', 'soup', 'ok']"
Barbeque Nation,Vivek Dasari,food is excellentambience is very goodloved the greek festivalazad hussian gave us a very good serviceoverall experience is excellent,5,"1 Review , 19 Followers",2018-08-09 23:03:00,2018,133,19,False,False,False,Barbeque Nation,5,Bar,"['gave', 'excellent', 'experience']"
Frio Bistro,Heemaal Kaul,really good food friendly staff the pork ribs are a must try the food was well cooked very well presented and the menu had a lot of interesting dishes,5,4 Reviews,2018-12-09 15:24:00,2018,150,29,False,False,False,Frio Bistro,5,General,"['ribs', 'interesting', 'pork']"
Eat India Company,Smit Verma,food is deliciouseven service is goodsk allauddin served very well we ordered 1 chicken sholay 2 paneer lababdar 3 peas pulao 4 tandoori roti and butter naan,5,"2 Reviews , 2 Followers",2018-08-12 15:21:00,2018,157,27,False,False,False,Eat India Company,5,Indian,"['pulao', 'naan', 'tandoori']"
Diners Pavilion,Pooja Patimeedi,went to this place recently it didnt reach upto my expectations its not at all like the pictures they showed in this app ambience was just okay its a small room with hardly 10 tables the staff didnt respond like they should coming to the food its not that great there were no boneless chicken starters also the items are very limited the main course was also disappointing the funniest part is there were only 3 deserts which includes vanilla icecream gulab jamun n some kind of sweet and the fruits tasted sour this is what i got after spending 550 on the buffet i would never recommend this place,2,"26 Reviews , 47 Followers",2018-12-30 20:26:00,2018,598,110,False,False,False,Diners Pavilion,2,General,"['didnt', 'boneless', 'app']"
Shree Santosh Dhaba Family Restaurant,Yogesh,worst quality and in veg biryani there is no any vegetables and i never order in shree santosh daba waste restaurant and packing also very nirmal like road side packing,1,1 Review,2018-11-05 00:27:00,2018,168,30,False,False,False,Shree Santosh Dhaba Family Restaurant,1,Indian,"['packing', 'vegetables', 'road']"
Cascade - Radisson Hyderabad Hitec City,Saif Khan,had a good lunch buffet in your hotel very polite and supportive staff enjoyed every dish pver here especially salim who helped us with everything,5,"3 Reviews , 6 Followers",2019-02-06 15:28:00,2019,146,25,False,False,False,Cascade - Radisson Hyderabad Hitec City,5,General,"['helped', 'hotel', 'enjoyed']"
Shah Ghouse Hotel & Restaurant,Affan Farooqui,amazing taste as compare to all other restaurants around gacchibowli telecom nagar hyderabadthey follow all instructions care fully so 5star,5,1 Review,2019-04-29 01:43:00,2019,140,20,False,False,False,Shah Ghouse Hotel & Restaurant,5,General,"['fully', 'follow', 'restaurants']"
Shanghai Chef 2,Sourav Roy,it is a good restaurant for chinese food in gachibowliwe did order food and starters from here and loved the quality and quantity the staff were all friendly n ambience was decent only problem was that their card swipe machine was not workingbut overall a good experience in hyderabad n will visit again to have chinese food in the landof biriyani,4,"65 Reviews , 1167 Followers",2019-01-06 00:32:00,2019,347,61,False,False,False,Shanghai Chef 2,4,Chinese,"['chinese', 'problem', 'biriyani']"
Chinese Pavilion,Arun Prasad,overrated place its a disappointment and below par as per taste we had panok prawns you could taste the batter its basically the deep fried prawns however the taste is not at al upto the mark schewan noddles and chicken garlic sauce is below par nothing great about the place,2,"5 Reviews , 41 Followers",2019-04-28 20:37:00,2019,275,50,False,False,False,Chinese Pavilion,2,Chinese,"['prawns', 'taste', 'disappointment']"
Tandoori Food Works,Sanjeet Kumar Bhukta,went with my wife ordered tangdi kebab butter naan and kadai chicken kadai chicken was really good but little disappointed on kebabs so my rating is 4 star here i would love to visit again and try the other items,4,"25 Reviews , 979 Followers",2019-01-19 02:31:00,2019,212,40,False,False,False,Tandoori Food Works,4,Indian,"['tangdi', 'kebabs', 'chicken']"
Hyderabadi Daawat,Afreen Sheik,murgh mussalam was too deliciouseven desserts were worth havingoverall had a good experience having dinner therei would suggst it to my frndz,5,1 Review,2018-10-31 01:31:00,2018,141,22,False,False,False,Hyderabadi Daawat,5,Dessert,"['murgh', 'having', 'desserts']"
Prism Club & Kitchen,S Nishu Reddy,prism the best place in hyderabad ive been twice loved it any event at it best well last time for holi been to rendezvous disappointed but prism holi party woo surprised me its amazing well organised arrangements decor holi stall stuff food all perfect i thoroughly enjoyed bit rush packed near ticket entry but overall superb experience,5,"2 Reviews , 69 Followers",2019-03-22 15:52:00,2019,337,57,False,False,False,Prism Club & Kitchen,5,General,"['entry', 'surprised', 'best']"
Biryanis And More,Abhiram Gowrav Xtran,fallback place safehouse been here so many times in the past 6 months taste ambience service no problem they talk about biryanis but we mostly order curries and rotis generally table is available the staff can recommend the dishes based on your liking veg jaipuri tikka masala garlic naans are worth a try,4,"17 Reviews , 47 Followers",2018-11-05 17:59:00,2018,305,53,False,False,False,Biryanis And More,4,Indian,"['problem', 'curries', 'talk']"
Frio Bistro,Jeevak Gupta,good food but not very friendly customer service the servers were way unfriendly overall average experience would request management to improve the quality of staff serving the food their attitude needs to improve,2,"11 Reviews , 49 Followers",2018-11-11 21:06:00,2018,213,33,False,False,False,Frio Bistro,2,General,"['improve', 'servers', 'attitude']"
Driven Cafe,Hemanth Emadabathuni,must visit place for supercars and super bike lovers these fantastic machines will definitely enthral your looks coming to the ambience the environment of the place looks like youre literally sitting in a garage between few superbikes the blackcurrant milkshake tasted really great but the pizza didnt taste that good if it was made a little spicy it would be great but the chilly flakes saved it from being a total disappointment can definitely give this place a try,4,"62 Reviews , 84 Followers",2018-09-13 22:46:00,2018,467,79,False,False,False,Driven Cafe,4,Italian,"['looks', 'definitely', 'total']"
Driven Cafe,Manas Dasari,to all bike and car lovers this is the best place to hang out and also to rent amazing sport cruiser naked street bikes and cars best place to chill and find many bikers here every food ordered is amazing and ambience makes fall in love with machines and the way they blend this into it food 4 staff 4 overall 4,4,"41 Reviews , 128 Followers",2018-09-22 15:24:00,2018,311,62,False,False,False,Driven Cafe,4,Cafe,"['amazing', 'cars', 'street']"
Eat India Company,SHYAM HANSALIA,so so place you can visit there if you have zomato gold otherwise place does not deserve a special visit location is good and food is average,2,"12 Reviews , 4 Followers",2018-09-13 19:53:00,2018,141,27,False,False,False,Eat India Company,2,General,"['visit', 'does', 'location']"
Karachi Cafe,Vinay Srivastava,this place is as perfect as a cafe can be its beautiful soothing and calms you down the ambiance walls furniture is all old fashioned would remind you of the old parsi cafes in goa or bombay they play old bollywood music of 1970s which blends perfectly with the mood the staff is extremely courteous we were two of us and we ordered so much irani chai bombay khari fruit nankhatai maska bun keema pav ricevegkhuchamber raita combo and a sweet lime juice everything tastes delicious the portions are limited and the prices are a bit on the higher side but all in all its totally worth it this is going to be my go to place in the city from now on,5,"68 Reviews , 185 Followers",2018-08-10 12:18:00,2018,645,123,False,False,False,Karachi Cafe,5,Cafe,"['old', 'portions', 'pav']"
AB's - Absolute Barbecues,Apoorv Roop Rai,very good experience todaywe were very satisfied with the service and foodali and shantanu were very good will visit againkeep it up love absthanx,5,"4 Reviews , 6 Followers",2019-05-11 23:51:00,2019,146,24,False,False,False,AB's - Absolute Barbecues,5,Steakhouse,"['satisfied', 'love', 'good']"
Marsala Food Company,NeHa NeHz,great ambience food was tasty ordered golden corn cookedd very well with spciy taste the staff was welcoming the seating arrangement was good they took review after in sticky notes and pasted it in the wall,5,"2 Reviews , 5 Followers",2019-02-17 19:44:00,2019,206,36,False,False,False,Marsala Food Company,5,General,"['arrangement', 'review', 'corn']"
PourHouse7,Foodies_Hyderabad,i have been to this place pour house 7 a week ago it was really good the ambience where its has both indoor and rooftop seating and really loved the rooftop seating do we just started off with mocktail vrigin mojito 55 virgin colada 45 sweet sunrise 45 the mocktail where kinda good but can be more better starters murgh lasooni kali mirch tikka 55 crispy chilli fish 55 and the sauce dip was really tasty classic chicken spring roll 55 tangadi kabab 55 onion rings with hot spicy sauce 55 all the starters where like really really good and tasty the flavors in it were so i can say just to have this i can visit this place again main course great nawabi pizza 45 the pizza can be more better as i didnt like it much pesto rice with chicken stroganoff 55 the flavored rice was really tasty desserts brownie with ice cream 55 the place and the ambience was really good and i can say its a good rooftop restro where you can go around with ur frnd on weekends to have fun ambience 55 taste 55 service 55,5,"44 Reviews , 51 Followers",2019-03-18 06:40:00,2019,1000,192,False,False,False,PourHouse7,5,Italian,"['55', 'really', 'rooftop']"
Hyderabadi Daawat,Neha Sree,awesome mocktails polite and friendly service i have tasted food in many restaurants so far but dawaat stands best for me in taste and varieties available we have our favourite waiter rajuddin always brings something new for us based on our taste,5,"1 Review , 3 Followers",2018-10-03 22:42:00,2018,246,42,False,False,False,Hyderabadi Daawat,5,General,"['based', 'far', 'mocktails']"
Gal Punjab Di,Nikunj Keshav,i went to this place for a lunch with my friend we were the first one to land at the restaurant sharp 12noon yeah we were actually hungry i liked the place decoration was awesome cool interior we ordered veg machaow soup masala papad butter naan paneer massallam and masala cold drinks please do note they give only masala cold drink and not a regular cold col drink we liked the food taste was good but the cold drink was tasteless i guess it was already opened one so couldnt get the taste bar that everything was good ambiance was actually the best decoration the and ample space but service could have been good and fast food 45 ambiance 55 service 45 overall 455 thanks for the hospitality though,4,13 Reviews,2019-05-11 13:24:00,2019,701,129,False,False,False,Gal Punjab Di,4,Bar,"['cold', 'drink', 'masala']"
Hyderabadi Daawat,Gowtham Baratam,been there seating was good but food wise ordered paya shorba it was too oily food made me unwell got rashes all over the body very bad experience,1,"4 Reviews , 3 Followers",2019-05-12 23:55:00,2019,146,28,False,False,False,Hyderabadi Daawat,1,General,"['wise', 'oily', 'seating']"
Hyderabadi Daawat,Asad Rana,ordered chicken biryani from this place last night and it was delivered within 45 min with good packing coming to the food biryani was not upto the mark rice was quite plain and dont have masala however it looks amazing but lacks the flavour there is one thing called less masala or spices but rice here was actually more on the bland side rice quality was superb but taste was missing which usually hyderabadi biryani have mirch ka salan was decent so as the raita chicken pieces were having some masala and spices but somewhere some of the pieces were little raw from inside and not completely cooked when eaten with mirch ka salan and pieces then only there was little bit of taste otherwise it wasnt decent enough also ordered from zomato on special prices otherwise the price tag which they have is high didnt found this biryani value for money,2,"362 Reviews , 4102 Followers",2019-01-31 18:18:00,2019,849,152,False,False,False,Hyderabadi Daawat,2,Indian,"['pieces', 'masala', 'biryani']"
Diners Pavilion,Alisha,this is an amazing place with a scrumptious food it looks so sophisticated and elegant in every corner lovely ambience polite staff great food nice decor of course,4,"20 Reviews , 21 Followers",2019-02-28 23:58:00,2019,163,28,False,False,False,Diners Pavilion,4,General,"['decor', 'looks', 'lovely']"
Flechazo,Snehalakshmi Vijayanandan,excellent service by shabir starters were very good especially the oriental devilled prawns the ambience of the place was lovely staff were very polite overall experience 55,5,1 Review,2019-04-29 21:37:00,2019,173,27,False,False,False,Flechazo,5,General,"['lovely', 'prawns', '55']"
PourHouse7,Madhus Kitchen,i visited this place on friday with my friendsthe roof top view was awesome and loved the food and drinks toothe staffs were very politewill visit again very soon,5,"1 Review , 3 Followers",2019-03-25 00:02:00,2019,162,29,False,False,False,PourHouse7,5,General,"['roof', 'staffs', 'friday']"
Shah Ghouse Spl Shawarma,Prakhar,one of the best shawarma joints in hyderabad the quantity is enough to satisfy ones craving for shawarma chicken is tender and juicy and mayonnaise does its work like a charm with the chickenmust try special rumali shawarmaif you are a north indian and love shawarma then this the place for you chicken lollipop is also one of their specialities,4,5 Reviews,2019-01-13 20:33:00,2019,345,60,False,False,False,Shah Ghouse Spl Shawarma,4,Indian,"['shawarma', 'rumali', 'craving']"
Faasos,Kajal Verma,the place offers amazing rolls if you are a foodie and eat a lot like me then trust me one roll is insufficient for you order two the mac cheese rolls are scumptious,5,"7 Reviews , 51 Followers",2019-04-29 10:53:00,2019,165,33,False,False,False,Faasos,5,General,"['rolls', 'foodie', 'roll']"
Momos Delight,Monica Pandey,ordered because i wanted to eat momos so much and dlf area is popular for street food but i am disappointed the momos were undercooked and dry had ordered two veg steamed momos and i felt sad because it neither fulfilled my cravings nor it filled my tummy the closings were hard and uneatable,1,"1 Review , 28 Followers",2019-05-18 23:26:00,2019,292,54,False,False,False,Momos Delight,1,General,"['momos', 'cravings', 'dlf']"
Pista House,Aijazmohammed1,out with family for dinner excellent food with exceptional service plenty of choices very good quality and quantity definitely will visit again,5,1 Review,2018-10-08 00:33:00,2018,143,22,False,False,False,Pista House,5,General,"['family', 'excellent', 'dinner']"
Zing's Northeast Kitchen,Debopam Majumder,the best place in hyderabad to have pork and beef together amazing taste quality of meat a paradise for north eastern cuisine lovers zings serves large varieties of nonveg dishes in a pocketfriendly budget just a reminder this is not a place to have vegeterian foods i have read many reviews explaining how the vegetarian people were apalled by the smell of raw cooked meat while visiting this restaurant they are very misleading and misinformative first of all you shouldnt be here if you are looking for veg momo or veg fried rice period i tried almost every pork starters and every mocktails available in their menu not once i have been disappointed every food items is tasty enough to deserve 5 rating the one little place for improvement could be to increase the number of staffs due to excessive demand they find it difficult to cater to everyone at the same pace hence youd find many reviews telling how their service is slow how people waited for 1 hour after ordering for food to show up personally ive never experienced such delay ps they cook amazing ramyun noodles,5,"13 Reviews , 141 Followers",2019-05-05 15:36:00,2019,1076,189,False,False,False,Zing's Northeast Kitchen,5,Chinese,"['pork', 'reviews', 'meat']"
Hunger Maggi Point,Amatullah (Lifeofafoody),its a very small food joint like a pan shop and very crowded since there are many other food joints in the same lane its nothing exceptional but if you really love maggi then you can give it a try we tried fried chicken maggi but are doubtful of it being halal if anyone knows about it please let me know,3,"40 Reviews , 33 Followers",2019-02-02 13:59:00,2019,304,61,False,False,False,Hunger Maggi Point,3,General,"['maggi', 'joint', 'pan']"
Gal Punjab Di,Lovely Sharma,food was really niceit was just traditional touch ofpunjabsince i am punajabi so the taste especially rasile rajmah management could work on more with ambiance n services amenities for food 5star,3,"52 Reviews , 527 Followers",2018-08-23 14:54:00,2018,195,31,False,False,False,Gal Punjab Di,3,General,"['touch', 'services', 'management']"
American Wild Wings,Anvith Devulapally,we happened to visit american wild wings on a friday evening and the place was desolated the place is tidy and can have a better ambiance keeping in view their concept we started with a lemon mojito though refreshing it was a tad too sweet for my liking we thought salad would be a good start but unfortunately our chicken ceasar salad was drenched in dressing it almost tasted like we ate the lettuce with the sauce and not otherwise then came in an array of wings each with their own signature sauces we tried 9 different sauces and liked most of them all the wings were fried well and had a good crunch of all the sauces my top picks were there barbeque konaseema amd mexican jerk barbeque had a perfect sweet to tang ratio the konaseema had a nice curry spice flavor with hints of pepper coriander and coconut and the mexican jerk had a garlicky periperi kind of flavor must try sauces while these sauces were good few sauces like the lemon garlic and original hot were disappointing the lemon garlic was doused with oil and it was floating around in our plate the original hot didnt taste of anything but spice and bitterness they also have a sauce names atomic the hottest on their menu it was indeed very hot for my liking we also tried a drumstick in atomic sauce and it was decent chicken nuggets were good nothing out of the ordinary though their usp is wings they succumbed to peer pressure and started serving biryanis fried rice and a few curries we tried their chicken frypiece biryani and it had a unique flavor the meat was cooked well amd the level of spice was apt but the bottom half of the biryani was an oil well chicken punjabi a sarson ka saag version was actually really good it had the perfect saag flavor again too oily upon their suggestion we tried their pasta in white sauce and chicken popcorn both of which were terrible the pasta was rancid and the popcorn felt like chewing on cardboard stay away another thing we noticed was the temperature of the dishes the first serving of our wings was dead cold when brought to their notice the second serving was mouthburning hot the biryani seemed like it was heated in the serving bowl the bowl was so hot we couldnt even pick it to put the food in our plates overall they do have potential but have a lot of areas to improve the quality of wings and sauces is good but the other areas like the usage of oil in dishes serving temperature and the freshness of ingredients needs to be worked upon they also need to quickly improve on the ambiance and vibe of the place to attract crowds price wise they are pretty pocket friendly taste 355 ambiance 35 service 45 value for money 45,4,"124 Reviews , 1035 Followers",2019-05-12 11:17:00,2019,2654,491,False,False,False,American Wild Wings,4,Italian,"['sauces', 'wings', 'flavor']"
Club Rogue,Swarna Gattu,bad reception and unprofessional staffdo not visit this place they are unfriendly they just loot your money and the prices are also very high,1,1 Review,2019-03-24 19:28:00,2019,141,24,False,False,False,Club Rogue,1,General,"['prices', 'high', 'money']"
Gal Punjab Di,Atul Kumar Kushwaha,ordered paneer tikka and tastes good and delivered on time but one thing was there is packaging packaging was not good as some of the tikkas got messed up but overall taste was good,4,"20 Reviews , 54 Followers",2018-12-10 17:42:00,2018,181,34,False,False,False,Gal Punjab Di,4,General,"['packaging', 'good', 'tastes']"
10 Downing Street,Harshet Agarwal,been here through the years its been so homely and great i would be happy to come every week if possible the prices are decent food is great alcohol is great music is not my kind though great going team,4,"34 Reviews , 36 Followers",2019-03-12 12:22:00,2019,202,40,False,False,False,10 Downing Street,4,General,"['great', 'alcohol', 'years']"
Driven Cafe,Ravish Arora,it has been my default place after my rides great coffee and tea options i personally love their floral teas lavender and peppermint food is ok not much options either also you get to check out cool superbikes and supercars and you can rest one as well,4,"8 Reviews , 41 Followers",2018-03-25 14:11:00,2018,252,47,False,False,False,Driven Cafe,4,Cafe,"['options', 'personally', 'tea']"
Triptify,Kuldeeprules,i got cheese corn parantha while i had ordered mexican corn,1,"1 Review , 1 Follower",2018-07-29 17:00:00,2018,59,11,False,False,False,Triptify,1,Mexican,"['corn', 'mexican', 'cheese']"
PourHouse7,Sai Krishna,decent food and good serviceour waiter subash was very nice and friendlyhis presence just improved the ambience of the placetime well spent,5,"3 Reviews , 5 Followers",2019-02-05 21:30:00,2019,139,22,False,False,False,PourHouse7,5,General,"['spent', 'improved', 'waiter']"
Cascade - Radisson Hyderabad Hitec City,Prerna,so its our first time in hyderabad and we thought of having a great meal at radisson we visited cascade and much to our disappointment we found the food not even close to being great the vegetarian spread was very less with just 4 starters and that too of similar type non vegetarian variety was better than vegetarian but was also not up to the mark thought of making peace with the situation by hoping that the desserts would at least be nice but they too werent nice one of the worst experiences of all times to top it all the air conditioner was not working definitely not going to visit again,1,1 Review,2019-05-22 23:29:00,2019,597,112,False,False,False,Cascade - Radisson Hyderabad Hitec City,1,Dessert,"['vegetarian', 'thought', 'werent']"
"3B's - Buddies, Bar & Barbecue",Akshay Jaladi,worst maintenancepfa and pathetic service they literally throw food in your plate everyone was so busy they took 15min to print a bill,1,"1 Review , 6 Followers",2019-05-13 13:17:00,2019,134,23,False,False,False,"3B's - Buddies, Bar & Barbecue",1,Steakhouse,"['literally', 'plate', 'busy']"
Cream Stone,Riz & Shanky,very good concept and unique flavours my personal favourite is fruit exotica and tiramisu would certainly again and again just to have these two flavours eagerly waiting for season special alphonso ice cream,4,"74 Reviews , 97 Followers",2019-03-27 09:28:00,2019,207,33,False,False,False,Cream Stone,4,Dessert,"['flavours', 'concept', 'personal']"
American Wild Wings,Rakhee Teja,its really yummy the best ever burger with slight konaseema chicken taste food enjoyment is absolutely great experience that i got with my friend jeyanth krishna the best taste of wings has been to us as a non veg foodie i am its a fantastic food experience we ourselves has been here for 5 times,5,"2 Reviews , 7 Followers",2019-01-14 23:46:00,2019,296,55,False,False,False,American Wild Wings,5,General,"['foodie', 'experience', 'best']"
Green Bawarchi Restaurant,Pramod Gatla,sorry for the late review ordered for mutton biryani hundi taste was good but not great good quantity with the high quality meat but they have to follow the instruction which the customer has placed i have ask them to give double spice but they did not followed one thing for that the rating will be 3 will see in next ordered how they react to the instructions,3,"41 Reviews , 50 Followers",2019-01-04 14:43:00,2019,361,68,False,False,False,Green Bawarchi Restaurant,3,Indian,"['sorry', 'follow', 'placed']"
B-Dubs,Priyanjali Pammi,tonight we visited bdubs gachibowli they have amazing gaming devices that was really really fun the food and service was awesome thanks for helping anilpatel i love bdubs wings and has become a regular hangout joint for usv,5,"1 Review , 27 Followers",2019-04-13 22:26:00,2019,223,38,False,False,False,B-Dubs,5,General,"['joint', 'really', 'fun']"
Sardarji's Chaats & More,RAHUL DEY,too bad service does not accept the order multiple times does not receive calls too and the best part they cancel the orders after money gets deducted very bad experience i mean worst experience,1,"5 Reviews , 999 Followers",2018-12-07 21:38:00,2018,194,34,False,False,False,Sardarji's Chaats & More,1,General,"['does', 'bad', 'experience']"
Over The Moon Brew Company,Jhanshi Mishra,nice service soothing music and great ambiance mr sarweshwar was very cordial and prompt at service had some different types of food and drinks for the first time would love to visit this gachibowli branch again,4,"107 Reviews , 394 Followers",2019-05-19 23:36:00,2019,211,36,False,False,False,Over The Moon Brew Company,4,General,"['soothing', 'types', 'branch']"
Over The Moon Brew Company,Saratharavapalli,excellent place for hangout with friends nice ambience sarveshwarthanks for your service overall good experience keep music loud guys,5,"1 Review , 2 Followers",2019-05-13 21:32:00,2019,133,19,False,False,False,Over The Moon Brew Company,5,General,"['loud', 'guys', 'hangout']"
Sardarji's Chaats & More,Krishnendu Kundu,wahh ji waah dilli ki yaad dila diya apne toh after staying in delhi for 3 years i was looking for a chatwala in hyderabad here i found the chatwala now the taste can be improved but something is better than nothing,4,"20 Reviews , 14 Followers",2018-09-23 17:20:00,2018,215,42,False,False,False,Sardarji's Chaats & More,4,General,"['ki', 'years', 'improved']"
Dine O China,Sreekanth NK,visited here for dinner it was well decorated as it was valentines day try 1 american chop suey it was just ok i can give it a try 2 seasame chicken starter this one was my favourite it was nice with the garlic sauce it was crispy too my rating food ambience service 5 must try 1 sesame chicken,4,"176 Reviews , 3786 Followers",2019-02-20 19:26:00,2019,294,59,False,False,False,Dine O China,4,General,"['try', 'american', 'chicken']"
Biryanis And More,Sree Leela,good food and a very crowded place on friday afternoonlemon coriander chicken and bamboo chichen are good in startersmutton dum biryani green chilli kodi pulav are the best,4,"25 Reviews , 14 Followers",2018-09-09 19:53:00,2018,172,28,False,False,False,Biryanis And More,4,Indian,"['coriander', 'pulav', 'bamboo']"
Hyper Local,Roshankumar198611@gmail.com,a great place to have fun good food variety of choices grand menu caring staffwonderful ambience the best part i liked about the place in the use of space for marketing and customer handling everything is just superb staff were very polite and friendly,5,5 Reviews,2019-04-09 12:47:00,2019,252,44,False,False,False,Hyper Local,5,General,"['use', 'fun', 'space']"
Hyper Local,Joy Ghosh,excellent drinks and some great starters suggested by the courteous staff superb ambience must visit for all and come long with family to have some good time,5,"21 Reviews , 163 Followers",2019-04-20 17:54:00,2019,157,27,False,False,False,Hyper Local,5,General,"['suggested', 'superb', 'long']"
Beyond Flavours,Malleshwari Seelam,the place is just beyond beautiful ambience is excellent and food is good the service by soumen das is extremely good highly recommended place,4,"3 Reviews , 12 Followers",2019-05-15 21:46:00,2019,142,24,False,False,False,Beyond Flavours,4,General,"['beautiful', 'extremely', 'highly']"
Tiki Shack,Karthik,wow wowwow who say hyderabad is not happening come and drop in tiki its a awesome place located at easy access to all the software companys 5th floor ratandeep building no word to talk about this place just come and feel it cheers guys,5,"18 Reviews , 44 Followers",2019-03-15 22:33:00,2019,235,44,False,False,False,Tiki Shack,5,General,"['come', 'easy', 'happening']"
Cream Stone,Sheshank Kumar,always love to swiggy this food nutella brownie and ferrero rocher is amazing well packaged and well sent no issues till date except i gain weight a bit fan,4,"4 Reviews , 7 Followers",2019-05-09 11:04:00,2019,156,29,False,False,False,Cream Stone,4,General,"['sent', 'swiggy', 'date']"
Behrouz Biryani,Sabyasachi Mohanty,one of the best biryani i have ever had in hyderabad the lazeez bhuna murgh biryaniboneless the chicken just melts in the mouth tried it the first time,5,"1 Review , 51 Followers",2018-09-22 16:15:00,2018,151,28,False,False,False,Behrouz Biryani,5,Indian,"['murgh', 'mouth', 'hyderabad']"
13 Dhaba,Arpit Shrivastava,quantity of the food is very less for a single person,2,"1 Review , 1 Follower",2018-08-22 15:43:00,2018,53,11,False,False,False,13 Dhaba,2,General,"['single', 'person', 'quantity']"
Mazzo - Marriott Executive Apartments,Kiran Venkatarayappa,really we enjoyed food here thanks for amazing food love to visted again and to have a tasty thank you sudhar for your tasty food you provide,5,1 Review,2019-01-13 13:59:00,2019,141,27,False,False,False,Mazzo - Marriott Executive Apartments,5,General,"['tasty', 'provide', 'food']"
"3B's - Buddies, Bar & Barbecue",G Niharika,loved the service ambience and the food govind and suraj service was really nicei like their starters maincource and deseart alsohad a superb experience,5,"1 Review , 4 Followers",2019-04-20 15:36:00,2019,152,24,False,False,False,"3B's - Buddies, Bar & Barbecue",5,Steakhouse,"['govind', 'superb', 'service']"
Asian Meal Box,Dangeti Anuraag,it would be great if even raitha is given with the food,4,"2 Reviews , 29 Followers",2019-02-13 22:35:00,2019,55,12,False,False,False,Asian Meal Box,4,General,"['given', 'great', 'food']"
American Wild Wings,Chandra Sekhar,great food polite and friendly environment and people perfect family hangout place peaceful atmosphere awesome combos and biryanis tasty,5,1 Review,2019-04-22 19:34:00,2019,136,19,False,False,False,American Wild Wings,5,Indian,"['combos', 'environment', 'peaceful']"
Cascade - Radisson Hyderabad Hitec City,Pink Ribbon,i was here for a day and enjoyed the buffet breakfast at cascade on a saturday morning unfortunately i didnt take any pics but i must say there was a decent array of foods to satisfy many a palate south indian north indian continental cuisine the staff stayed attentive throughout clearing plates and serving everything that was ordered promptly a great experience here,4,"240 Reviews , 2086 Followers",2017-09-09 11:01:00,2017,369,63,False,False,False,Cascade - Radisson Hyderabad Hitec City,4,Indian,"['indian', 'plates', 'foods']"
Kritunga Restaurant,Leher Sadhnani,reasonable while going healthy and done with enough of biryanis it was time for ragi muda ordered one ragi muda the quantity was good properly boiled and happy to satisfy me have gone with many orders from this place also visited their restaurant in madhapur branch and must say am very happy with the service food and ambiance they have given it a old town look butter and tandoori naan were amazing with the butavankay curry thick and 3 pieces of brinjal in it little spicy but absolutely homely food is what i can say about this place again ragi muda is my all time favorite from here no doubt the chutney served with it is deadly spicy but again you ask for some more ghee or take another curry,4,"139 Reviews , 685 Followers",2018-12-01 09:03:00,2018,698,130,False,False,False,Kritunga Restaurant,4,Indian,"['happy', 'curry', 'say']"
Marsala Food Company,Deepak Arora,i ordered paneer butter masala and paneer lababdar both of them were decent but one thing which shocked me was there was no kadhai paneer in the menu otherwise all the things were nice including ambiance and the serving and the taste of the food was good ill prefer to go once more and taste other things too,4,"24 Reviews , 8 Followers",2019-04-26 09:50:00,2019,308,58,False,False,False,Marsala Food Company,4,General,"['paneer', 'things', 'ill']"
Shanghai Chef 2,Sonal Sai,saturdays lunch from shanghai chef 2 didnt go bad i ordered chicken chilli garlic rice and oyster chicken the rice was perfectly cooked with the ingredients giving out their individual flavors the chicken soft and juicy was a great delight the quantity of food provided was definitely more than enough for 2 people with below average appetite would certainly recommend to try out this place,4,"34 Reviews , 131 Followers",2018-06-23 23:57:00,2018,390,65,False,False,False,Shanghai Chef 2,4,General,"['chicken', 'rice', 'ingredients']"
Club Rogue,Parijat Ray,the non veg starter items specially chicken comes on good quantity and are tasty too the ambience is little shady the service is satisfactory,3,"146 Reviews , 333 Followers",2019-01-31 23:48:00,2019,141,24,False,False,False,Club Rogue,3,General,"['comes', 'specially', 'starter']"
Kritunga Restaurant,Ankita,we had picked up sambar rice to satiate the craving for sambar daal the dish was quite spicy to our tatse but tasted heavenly with curd as side dish pretty easy on pocket too,3,"76 Reviews , 211 Followers",2019-04-15 12:28:00,2019,174,34,False,False,False,Kritunga Restaurant,3,Bar,"['dish', 'daal', 'easy']"
Paradise,Shiva Boddu,ordered one chicken and one mutton biryani and it was very good paradise is definitly a great restaurant for biryani restaurant ambinence is good along with quick service,5,1 Review,2019-05-25 14:32:00,2019,170,28,False,False,False,Paradise,5,Indian,"['biryani', 'restaurant', 'paradise']"
PourHouse7,Samujjwal Baruah,overrated average food limited menu served cocktails with alcohol content as that of mocktails service is also average not served until called upon 1015mins after arrival do not expect a great experience,2,"2 Reviews , 2 Followers",2019-05-17 21:25:00,2019,203,32,False,False,False,PourHouse7,2,General,"['average', 'served', 'alcohol']"
Pot Pourri,Prathy,ambience 4 food 4 staff 4 service is a bit slow but the best part is they make sure you are attended for and take down the order as you asked for i went here for dinner today to celebrate my parents anniversary my mother is never satisfied easily when it comes to food and picky she said she liked the food that was a huge shocker to me both veg and nonveg are good we ordered kheema pulavto cover the taste buds of spice andhra chicken tikka veg manchuriaomg awesome it was veg sheek kabab kadai paneer tastier and butter naans loved the glasses they use to serve water my over all rating 4,4,"3 Reviews , 3 Followers",2019-02-18 23:42:00,2019,591,115,False,False,False,Pot Pourri,4,General,"['veg', 'andhra', 'buds']"
"3B's - Buddies, Bar & Barbecue",Sudeep Pattanayak,wonderful service by shivam good starters and a very affordable price the staff is very friendly and cordial the food is good and served well,5,"2 Reviews , 42 Followers",2019-05-16 22:22:00,2019,141,25,False,False,False,"3B's - Buddies, Bar & Barbecue",5,Steakhouse,"['affordable', 'wonderful', 'price']"
Shah Ghouse Spl Shawarma,Shabahath Ali Sufi,ordered special chicken shawarma rumali and special chicken shawarma samoli the taste is amazing and the quantity is also good and sufficient for one person the online order facility is only available through zomato giving minus 1 for oil and the amount of spice as the shawarma is oily and spicy but its taste awesome feedback for this great place would be to make it a little bit less spicy,4,"32 Reviews , 343 Followers",2018-10-23 22:51:00,2018,392,70,False,False,False,Shah Ghouse Spl Shawarma,4,General,"['shawarma', 'special', 'spicy']"
Urban Asia - Kitchen & Bar,Soumi Mukherjee,this is my most favourite chinese asian cuisine joint here i have been to this place a couple of times and their food is absolutely to die for the buttet garlic rice and the green curry is lipsmackingly good in appetisers i love the pork dumplings which are white balls of juiciness and the pork ribs that completely melt in your mouth the staff is helpful and courteous absolutely love everything about this place,5,"55 Reviews , 123 Followers",2019-02-16 09:56:00,2019,414,74,False,False,False,Urban Asia - Kitchen & Bar,5,Chinese,"['pork', 'absolutely', 'love']"
The Indi Grill,Srinivasa Rao Yalamarthi,raza ritam ekrabul ambiance and food quality is good impressed with service also noof items also worth the money can visit with the family,5,"1 Review , 1 Follower",2019-05-25 14:51:00,2019,138,24,False,False,False,The Indi Grill,5,Steakhouse,"['impressed', 'family', 'money']"
Club Rogue,Laxmi Kanth,over all good experience but cons entry only for ppl who show corporate id is kinda too much and also rude behaviour of bouncers instead of making us feel safe they themselves scares the customers pros price for alcohol and food is at its best and the inside ambience is amazing the way dj plays music is awesome he makes even nondancers to dance till their body aches and also crowd is amazing,4,"3 Reviews , 2 Followers",2019-03-17 13:04:00,2019,394,73,False,False,False,Club Rogue,4,General,"['amazing', 'entry', 'kinda']"
Squeeze @ The Lime,Nishit Vakharia,i ordered a platinum combo today i requested the chef to prepare it jain it included chole bhature sandwich startermanchurian corn a dessert malai sandwichsalad and a juice frooti i must say taste was amazing especially manchurian corn and mouth watering malai sandwich chole bhature too tasted good there are few restaurants in gachibowli which are veg and out of them very few which prepares it jain squeeze veg is one of the finest veg restaurants which maintains its quality and service kudos to chef dinesh who customises the order on request keep up the good work,5,2 Reviews,2018-07-19 15:25:00,2018,569,97,False,False,False,Squeeze @ The Lime,5,Dessert,"['chole', 'malai', 'sandwich']"
Mustang Terrace Lounge,Td Dt,first they had some kind of rule like below 21yrs old i really respect that check so he asked for ids at the entrance we dint carry that but we had our soft copies so we showed thathowever one among 6of us wasnt having the soft copy we tried ensuring that our friend was 30yrs old but he dint believe and after lot many arguments finally we were allowed to enter people are aware where below 21 can go or not so too much nagging is not acceptablethen comes the service which was pathetically very slow and we were not even given plates to eat we were eating from the serveware itselfthere were so many waiters to serve but no one actually paid attention or were not interested i think to attend peoplethere are many small pubs where only handful waiters are present and yet the orders are attended pretty fast next food was okayishthe only good thing was the ambiencethe washroom was totally unhygienic and looked like havent been cleaned up since longwont recommend anyone to visit and i personally wouldnt visit the place again,1,"2 Reviews , 28 Followers",2019-05-13 15:05:00,2019,1029,186,False,False,False,Mustang Terrace Lounge,1,Bar,"['dint', 'old', 'waiters']"
Zing's Northeast Kitchen,Manisha Singh,this is my go to place i can never get bored of their food and ambience happy to see them in zomato food is always great love the ramyun noodles and bibimbap best time to visit is on weekdays on weekends theres too much rush and food orders get delayed i would suggest to add more items in their menu,5,"9 Reviews , 71 Followers",2018-12-05 18:11:00,2018,300,60,False,False,False,Zing's Northeast Kitchen,5,Chinese,"['theres', 'weekends', 'add']"
Hyper Local,Yaksh Kishore,pathetic experience i have had in recent times arrived for buffet at 2pm i saturday afternoon the food was cold as ice no starters at the food table and support staff least bothered about checking on food and customers the only thing that was severed as per its level was the welcome drink and unsatisfied food experience until raising voice at the restaurant and threarting them on not paying the is when they got the attention and realized that shit food was cold later is when they got the hot food which no variety and disappointed good experience will not prefer anyone to visit this place and was a disappointing experience for a office team lunch and regret choosing this place as option really disappointed,1,5 Reviews,2019-04-28 17:27:00,2019,714,125,False,False,False,Hyper Local,1,General,"['experience', 'food', 'cold']"
Triptify,Venkatesh Pandiri,veg items are good especially panneer there is hardly any chicken in the chicken cheese paratha,4,"1 Review , 8 Followers",2018-08-21 21:24:00,2018,95,16,False,False,False,Triptify,4,General,"['hardly', 'chicken', 'paratha']"
Pista House,Shree,tried their chicken biryani and haleem it was great in taste place is quite rushy so you have to wait in queue to get the seat ambience is not so fancy but you wont regret after going food was great as well as staffs are good,4,"6 Reviews , 33 Followers",2018-06-20 19:42:00,2018,225,46,False,False,False,Pista House,4,Indian,"['haleem', 'staffs', 'great']"
Zing's Northeast Kitchen,Oindrila Dutta,i would give a negative star if possible for their hygiene and service we ordered our food at 930pm and after an hours wait they come and say that what we ordered from the menu isnt available we had to order something else and wait for another 30mins and then to my surprise i found hair in the food so in short it a was a terrible experience,1,"6 Reviews , 2 Followers",2019-01-14 13:35:00,2019,342,68,False,False,False,Zing's Northeast Kitchen,1,General,"['wait', 'terrible', 'short']"
Hyper Local,Mithilesh Kumar Mithilehs Kumar,simple and elegant ambience polite staff food was really verry good music also good food menu verry less add more food menu service was verry good thanks roshan coming agen and agen,5,"1 Review , 3 Followers",2019-04-03 01:28:00,2019,181,32,False,False,False,Hyper Local,5,General,"['menu', 'add', 'simple']"
Driven Cafe,Rishabh Wahi,nice and relaxed ambience i wont mind chilling here for some time but thats it food is very average and the service is ok hazelnut cold coffee is something you can try,3,"94 Reviews , 278 Followers",2018-03-28 18:22:00,2018,167,32,False,False,False,Driven Cafe,3,Cafe,"['mind', 'wont', 'thats']"
Prism Club & Kitchen,Kanumilli.ravi,awesome placewas there last night great service food and ambiencemusic was too good best place to chill on a friday nighthighly recommended,5,"1 Review , 2 Followers",2019-03-02 13:54:00,2019,139,22,False,False,False,Prism Club & Kitchen,5,General,"['chill', 'friday', 'recommended']"
T Grill,Harshet Agarwal,the rating is such because of the name we had thought it was like an american grill restaurant shocked by the indian spread food was ordinary no choice in red meats and no grill pls change the name gives out the wrong idea,2,"34 Reviews , 36 Followers",2019-05-04 18:08:00,2019,222,43,False,False,False,T Grill,2,Indian,"['grill', 'ordinary', 'american']"
Zega - Sheraton Hyderabad Hotel,Himanshu Banavali,top class by the heart from the heart must visit for foodies loads of varieties and spoilt for choices great ambience and food served with loads of love,5,"10 Reviews , 36 Followers",2018-10-18 12:06:00,2018,152,28,False,False,False,Zega - Sheraton Hyderabad Hotel,5,General,"['heart', 'varieties', 'love']"
Flechazo,Ananya G,i went to this place for lunch buffet by seeing the high ratings in zomato good things first the service is excellent the waiters literally takes care of you when you are there food nothing great as am more of a starter person i love to have it in abundance but the starters were served on the table which ofcourse its not served the way you like it the sushi and pani puri were very okayish type main course was very normal nothing extra ordinary taste of the food was very normal in dessert the red velvet cake and jalebi was good service its very good and all the servers are trained very well ambience the place was jammed packed even for a tuesday lunch couldnt enjoy that much as there was rush in front of every counter all in all a very okayish lunch,3,"12 Reviews , 5 Followers",2019-05-12 19:49:00,2019,758,145,False,False,False,Flechazo,3,Japanese,"['okayish', 'lunch', 'normal']"
Domino's Pizza,Shubham,should give souce with delivery,4,1 Review,2018-07-22 12:55:00,2018,31,5,False,False,False,Domino's Pizza,4,Italian,"['delivery', 'gives', 'given']"
Beyond Flavours,Shopharsh29,had dinner at this place and the attendant was papiya the staff is very friendly and the ambiance is awesome good variety of food and beverages,5,1 Review,2019-05-14 21:24:00,2019,143,26,False,False,False,Beyond Flavours,5,General,"['variety', 'dinner', 'friendly']"
The Old Madras Baking Company,Pratiksha Priyadarshini,my absolute goto place this place is a blessing for me since it serves amazing coffee also absolutely near to my office so i can hop in whenever i want ambience love it not too fancy not too boring just about right food and coffee looooveee it everything you eat there is absolutely fresh i just love the donuts sandwiches and the coffee i have tried almost everything on their menu and i guarantee that nothing will disappoint you must try egg salad sandwich in focaccia bread any coffee and the nutella brioche price affordable with a guaranteed smile when you leave service amazing staff,5,"5 Reviews , 5 Followers",2018-09-01 01:37:00,2018,590,105,False,False,False,The Old Madras Baking Company,5,Cafe,"['coffee', 'absolutely', 'love']"
Udipi's Upahar,Yada Roopavathi,ambience is okay but the food is good regular idly sambar idly poori mysore bonda dosa are good sambar chutney are good in taste a definite place to try the food,4,"124 Reviews , 175 Followers",2019-02-28 16:12:00,2019,161,31,False,False,False,Udipi's Upahar,4,Bar,"['chutney', 'good', 'regular']"
Tiki Shack,Aruna Swetapadma,if you love to get lost in music and enjoy a real good ambience then my friend tiki shack is your place staff is quite food i used my zomato gold membership there and enjoyed 22 on drinks food was delicious too i would love to spend more such evenings there,4,"8 Reviews , 55 Followers",2019-02-14 17:54:00,2019,257,51,False,False,False,Tiki Shack,4,General,"['love', 'lost', 'real']"
Karachi Cafe,Salimuddin Ansari,i have ordered red velvet cake once they asked to change the order as red velvet was not available so i asked the available list of cake and on that list i ordered chocolate cheesecake after 50 min of waiting they again call me and told that cheesecake is not available what kind of behavior is this never order from here,1,"1 Review , 1 Follower",2018-11-15 21:45:00,2018,321,61,False,False,False,Karachi Cafe,1,Cafe,"['available', 'cheesecake', 'velvet']"
Cream Stone,Bharat Prakash,rich taste exotic flavours its my favourite place for desserts and birthday cakes would definitely recommend everyone to try their ice cream cakes,5,"2 Reviews , 1 Follower",2019-03-30 17:22:00,2019,146,23,False,False,False,Cream Stone,5,Dessert,"['cakes', 'rich', 'flavours']"
Amul,Shivanand K,amul brand is good for milk but not for ice creams they tried too hard to fit in but could not match the creaminess of other brands coming to the outlet they hardly have 5 varieties sadly had to choose one among them,3,"28 Reviews , 72 Followers",2018-10-31 08:57:00,2018,216,43,False,False,False,Amul,3,Dessert,"['creams', 'brand', 'milk']"
The Fisherman's Wharf,Rajen_6packfoodie,6packfoodie goes the fishermans wharf food55 why 35 in the main review then ambience 55 courtesy and staff 15 zomato gold experience 15 when we reserve table we expect to get the seat preference i booked the table for 2 with seat preference as outdoor seating the issue was the lady who was attending us directly said that youve booked indoor seating when i did show the details about my booking then she said outdoor seating cannot be reserved if this is the case can you guys please update the same in your page disappointed finally after the discussion we decided to sit on the upper floor with a good view since outdoor seating cannot be reserved even with the prior booking moving on lets go to food ambience the entire olace has goan vibe to it the area is huge and there is a lot space between tables the sections are divided into shack like structures named after the beaches in goa drinks liit one of the best liits i had in hyderabad the lime mint juice was also tasty food ordered beef chilly fry the tenderness of the meat was perfect spice level presentation was worth the price they have as per size menu for their specialities such as lobsters prawns pomfret we had chose the butter garlic tiger prawns again the presentation and the taste was class apart the spice balance was fantastic now comes the worst zomato gold experience before ordering as you woukd expect i unlocked my zomato gold which means the lowest priced dish is complimentary beef chilly fry in my case since it was lower priced among the two the guy who served us didnt come with the bill another guy came up saying we cannot give you the lower priced dish as complementary because as per size menu is not included in the zomato gold which means you have to pay for everything this was never mentioned anywhere neither it was informed to us by the guy who served us amd later camouflaged somewhere we had to pay for the entire bill irrespective of the zomato gold because of unawareness of the staff later ordered one more dish as a take away which was made complementary if potion size and value for money is what youre looking for then this olace is not for you if youre a sea food lover and want goan ambience in hyderabad then thumbs up peace,3,"55 Reviews , 682 Followers",2019-04-21 10:40:00,2019,2231,409,False,False,False,The Fisherman's Wharf,3,Seafood,"['gold', 'zomato', 'seating']"
"3B's - Buddies, Bar & Barbecue",Saiswapnil,good service by govind and feeling happy for the food and the management food was awesome and expect others to come and feel the comforts one thing to add about the cleaness and everything,5,"1 Review , 2 Followers",2019-05-23 23:21:00,2019,188,34,False,False,False,"3B's - Buddies, Bar & Barbecue",5,Steakhouse,"['govind', 'feeling', 'add']"
NorFest - The Dhaba,Ramu Bhattathiri,loved the service although their other outlet in madhapur has more seating available this place is going to be worth when you visit in a group of 45 people,3,"20 Reviews , 424 Followers",2018-07-04 13:30:00,2018,155,29,False,False,False,NorFest - The Dhaba,3,General,"['outlet', 'group', 'going']"
Paradise,Indira Prasanth,haleem is very very good and i am enjoying the food and nice place in paradise gachibowli and service is very good i like it next time visit again,5,"1 Review , 3 Followers",2019-05-18 21:30:00,2019,146,29,False,False,False,Paradise,5,General,"['paradise', 'haleem', 'gachibowli']"
Green Bawarchi Restaurant,Naresh Battul,very pathetic found two insects in the biryani how one can eat such an unhealthy food this is really unfortunate but they should also care about these things i will not ever try again,1,"1 Review , 1 Follower",2018-12-30 23:05:00,2018,183,34,False,False,False,Green Bawarchi Restaurant,1,Indian,"['things', 'care', 'pathetic']"
KS Bakers,Nancharla Lavanya,came with family here and went to first floor after 10 minutes of sitting we got to know that its self service restaurant after that we have ordered tikka chicken and chicken good taste tasted roll of chicken its hard but taste wise its okayish pastries were cool here forest pastry was good some other pastry i didnt remember that name but its amazing smooth visit for me and my family,5,"1 Review , 1 Follower",2018-07-15 20:35:00,2018,386,71,False,False,False,KS Bakers,5,General,"['pastry', 'family', 'chicken']"
Over The Moon Brew Company,Harshwardhan,this place was decently crowded for a thursday evening ambience was nice and with the perfect music on it just added life to the whole setup coming to the menu they have good amount of beer options to choose from we ordered apple cider beer and it was amazing and from the food options we ordered three cheese mushroom and california chicken pizza both the items were good it was great experience also i would like to give shoutout to keshav for his prompt service,5,"1 Review , 2 Followers",2019-05-03 10:42:00,2019,464,85,False,False,False,Over The Moon Brew Company,5,Italian,"['beer', 'options', 'setup']"
Flechazo,Shiva Sunny,one of the best place in terms of hospitality food and ambience everything was superb staters 55 ambience 55 main course 55 desserts 55 best of the buffet is their live counter pizza and smoky ice cream it has to be in ur list definitely,5,"46 Reviews , 59 Followers",2019-05-08 10:08:00,2019,237,45,False,False,False,Flechazo,5,Italian,"['55', 'best', 'list']"
B-Dubs,Vivek Sura,i loved this place akhil had been a very friendly person who came up with good suggestions ambience is very good with screens casting ipl gaming options were fun too coronarita is one drink that i am going to suggest to everyone i meet for the next few days,5,"1 Review , 87 Followers",2019-05-01 14:28:00,2019,257,49,False,False,False,B-Dubs,5,General,"['meet', 'ipl', 'fun']"
Hyderabad Chefs,Munna Chinna,provided more masala and less onions last week totally less masala and full of white rice,2,"0 Reviews , 10 Followers",2018-07-26 23:18:00,2018,89,16,False,False,False,Hyderabad Chefs,2,General,"['masala', 'onions', 'week']"
Flechazo,Karthik Chanda,best restaurant with great food satyajit team was fabulousmust visit placestarters are goodneed to improve in desserts especially icecreams,5,1 Review,2019-05-22 23:18:00,2019,139,19,False,False,False,Flechazo,5,Dessert,"['improve', 'desserts', 'especially']"
Pot Pourri,Tazz Alexis,really loved the ambience great music and of course the food agreed the menu is pretty simple less variety but the food tastes yummy do try their paneer majestic and kaju pulao always a smile on his face our server vijay kumar was very prompt in his service this place is worth your wallet,4,"10 Reviews , 15 Followers",2019-04-09 21:43:00,2019,289,54,False,False,False,Pot Pourri,4,General,"['kaju', 'server', 'pulao']"
The Glass Onion,Manasa Redi,i have been to this for saturday night dinner the ambiance and the locality makes it a pleasant sit out with lush greens and golf court all around the only thing which disappointed me is the service which was very very slow and the response was not up to the mark,3,"25 Reviews , 47 Followers",2019-03-24 23:02:00,2019,263,51,False,False,False,The Glass Onion,3,General,"['response', 'pleasant', 'sit']"
SKYHY,Nupur Rani,was there for dinner on a weekday the ambience is sombre they have a wide variety of menu ranging from european to chinese to hyderabadi biryanis tried the virgin guava mary mocktailwhich was really good the chicken quesadillas were delicious we also had spicy chicken sizzlers which was also good had an overall good experience,3,"70 Reviews , 173 Followers",2018-10-11 17:59:00,2018,328,55,False,False,False,SKYHY,3,Chinese,"['virgin', 'weekday', 'biryanis']"
Hyper Local,Abhijeet Mahapatro,visited this place while ipl screening they were running couple of bucket offers on drinks and food ambiance is nice and you get the botanical garden view free of cost music is too loud for me we ordered one pizza and a chicken starter both were good ambiance 55 music 35 food 455 service 455,4,"9 Reviews , 14 Followers",2019-05-14 12:01:00,2019,292,55,False,False,False,Hyper Local,4,Italian,"['455', 'music', 'ambiance']"
La La Land - Bar & Kitchen,Pooja Thakkar,we went here for 31st 2018 evening after reserving table for 3 they told us there will be 500 entry charge per person but that wont be a coupon inside to get anything so it was 1500 for us 3 and food drinks charges being seperate we saw the menu rates online and felt it to be fine when we went there for entry as they told 1500 we had to pay and that too they said they will only take cash 1500 cards will be accepted inside but not accepted to take it for entry fee we always keep cards mostly luckily we had that much cash paid and went inside got a table for 4 for us 3 so like first mistake of staff when ordered a mojito mocktail as i dont drink and they instead of mocktail send a cocktail alcoholic drink second mistake of staff as we are purely vegetarians in beginning itself we mentioned that and ordered a paneer starter and some crispy potato starter and they came and served non veg starter after complaining about this both to staff they apologised and said it wont repeat now when we repeated our starter and ordered crispy potato again again for the 3rd time they sent incorrect order and a non veg starter again to us i complained to manager and he said sorry and staff said sorry but they didnt even had courtesy to make it up to their 3 huge mistakes back to back by any discounts which they could do least not that i asked for any but that was courtesy on their side so when all this wrong orders were going on in between of that we were asked to adjust on the seat of 2 and they made other people sit on our table across us even after reserving table and paying for it ok and the last thing the dj mostly 70 of time was playing very old songs which i again didnt enjoy oh yes and forgot to mention that they had increased prices on drinks and all food and had a whole seperate new menu for 31st december 2018 with increased prices,1,"5 Reviews , 76 Followers",2019-01-07 15:59:00,2019,1852,364,False,False,False,La La Land - Bar & Kitchen,1,Bar,"['starter', 'said', 'entry']"
Hyper Local,Farzana Shaik,my peace of advice pls dont waste your money over pricy but buffet spread has very less items very much disappointed and the food was not even hot,1,1 Review,2019-05-19 19:21:00,2019,146,28,False,False,False,Hyper Local,1,General,"['waste', 'spread', 'hot']"
Desi Bytes,Vijay Tiwari,from long time was thinking to go this place for litti chowcha today was the day we went for dinner this was best litti chowcha i had after i left my home town just 100 must try litti chowkha people was thinking what is litti chowcha it is the famous dish of bihar food 55 value for money 55 service 45,5,"141 Reviews , 1639 Followers",2019-03-03 21:02:00,2019,302,61,False,False,False,Desi Bytes,5,General,"['litti', '55', 'famous']"
Ulavacharu,Karan Deep Geddam,been here with parents ordered hot and sour soup and pachi mirchi pulav the soup was a bit spicy but tasty the pulav was to the point neither spicy nor bland,4,"165 Reviews , 266 Followers",2019-03-20 19:38:00,2019,157,31,False,False,False,Ulavacharu,4,General,"['pulav', 'soup', 'spicy']"
Driven Cafe,Bharath Manoj,great coffee awesome rides ready to pick up and a great ambience must try around gachibowli for all of us who work in this area good food too,4,"38 Reviews , 17 Followers",2018-03-01 00:49:00,2018,141,28,False,False,False,Driven Cafe,4,Cafe,"['ready', 'great', 'coffee']"
Beyond Flavours,Anisha Rajput,the restaurant has an amazing ambience staff is polite and suggest good recommendations on food if you visit beyond flavours sometime do reach out to papiya and shuvro as she can suggest some really good dishes,5,"2 Reviews , 1 Follower",2019-05-16 22:31:00,2019,210,36,False,False,False,Beyond Flavours,5,General,"['suggest', 'flavours', 'polite']"
Cream Stone,Pavani Reddy,quality was bad they just scoop ice cream,1,"1 Review , 13 Followers",2019-04-10 20:55:00,2019,41,8,False,False,False,Cream Stone,1,Dessert,"['ice', 'cream', 'bad']"
Deli 9 Bistro,Abhinav Kulshrestha,this is the best place to have a casual outing with colleagues during office hours food tastes great menu is very well defined and have good amount of combos my favorite is punjabi puttar combo with lachcha parantha do try that of you go here,5,"10 Reviews , 4 Followers",2019-05-06 14:21:00,2019,242,45,False,False,False,Deli 9 Bistro,5,General,"['combos', 'casual', 'colleagues']"
Owm Nom Nom,Raghu Alluri,painfully slow delivery exceedingly oily and bland definitely not recommending it they gave us all kinds of odd and inconsistent reasons for the delay so not satisfied by the whole experience sorry,1,"58 Reviews , 78 Followers",2019-01-28 13:51:00,2019,197,32,False,False,False,Owm Nom Nom,1,General,"['sorry', 'oily', 'bland']"
Biryanis And More,Rabia Sultana,i visited the place with my colleagues we were around 15 people though the ambience was good and food tasted okay its not worth the money the real problem is that the place is quite congested in the first place you will have to go quite early to avoid wait time but that didnt help us either i was extremely disappointed with the service we waited for almost like 1 hour for the food to arrive by the time the veg food arrived add on is that the soup came after starters were brought our nonveg friends were having the maincourse the staff was not apologetic at all i would not prefer to have food here again plus you will find hell lot of flies around all the time i was waving over my food,2,"10 Reviews , 2 Followers",2018-07-16 21:57:00,2018,691,135,False,False,False,Biryanis And More,2,Indian,"['time', 'food', 'quite']"
Deli 9 Bistro,Rob Forza,lol i paid 345 bucks for what tasted like ready made pasta without any salt in it along with a tiny flaky piece of bread that had neither butter nor garlic wrapped in aluminium foil ive seen more effort from places that charge 200 bucks for a dish it was bad i counted three pieces of capsicum total most halfassed pasta ive had in years super disappointed,1,"43 Reviews , 97 Followers",2018-11-03 17:14:00,2018,356,67,False,False,False,Deli 9 Bistro,1,Italian,"['bucks', 'ive', 'pasta']"
The Chocolate Room,SONIYA SINHA,have been to the chocolate room at other locations so visit to this one was quite awaiting like the ambiance and the aroma of hot chocolate that fills the restaurant a good place to date definitely a little heavy on the pocket staff is friendly we ordered chicken cheese sandwich chocolate walnut sundae hot hazelnut the staff needs to focus on hygiene there were cockroaches around the billing counter which was really disappointing we pointed the same to the staff the washroom was bad no tissues or handwash,3,"90 Reviews , 118 Followers",2018-11-16 17:45:00,2018,510,88,False,False,False,The Chocolate Room,3,General,"['chocolate', 'staff', 'hot']"
The Glass Onion,Shubham Gupta,great ambience awesome cocktails delicious food fabulous service what more do you need from a place music could have been better recommend pennicilin for whiskey lovers,4,"25 Reviews , 135 Followers",2019-05-08 22:42:00,2019,168,26,False,False,False,The Glass Onion,4,General,"['cocktails', 'lovers', 'need']"
Behrouz Biryani,Parimal Khatri,ive order for home delivery the service was quick and hassle free ordered veg biryani from the restaurant as suddenly i was craving for veg i was so impressed by the packing also they give raita gulab jamun with it the biryani was properly packed and was warm enough to eat too it had a really good taste that other places with veg biryani dont its really different and its very tasty one can definitely try their veg biryani all vegetarians biryani lovers this is for you do try it out,4,"80 Reviews , 158 Followers",2019-03-12 02:18:00,2019,486,91,False,False,False,Behrouz Biryani,4,Indian,"['biryani', 'veg', 'vegetarians']"
Collage - Hyatt Hyderabad Gachibowli,Aishwarya Venkat,the breakfast buffet of collage is one thing i die for they have everything one could ask for from american to indian south and north to various beverages like coffee tea juices and what not its the perfect place for all those who have their breakfast like a king,5,"44 Reviews , 212 Followers",2018-09-03 16:37:00,2018,263,49,False,False,False,Collage - Hyatt Hyderabad Gachibowli,5,Indian,"['breakfast', 'various', 'american']"
13 Dhaba,Kanika Gautam,i have been there multiple times and have ordered food at home as well 13 dhaba has never let me down i love aloo parantha paneer tikka is mind blowing lassi is perfect chole bhature is osum poori sabzi rajma gobhi ka paranthe list is endless i have tried out everything there even i loved aloo ki sabzi and kachori but its no longer continued the place has been renovated and its nice to be there and have the real taste of punjab i make sure m there often 13 dhaba rocks and i love their hospitality these people never deny you for anything like extra pyaaz achaar or raitawhich makes it more friendly and comfortable one can pay for these extra little things but the way they show generosity in serving these asks without a frown for money make them very very friendly and makes people to go there more u ppl rock in phtos its tandoori roti lachcha parantha aloo gobhi ki sabzi and paneer dish,5,"22 Reviews , 14 Followers",2019-03-12 15:45:00,2019,896,168,False,False,False,13 Dhaba,5,Indian,"['aloo', 'ki', 'dhaba']"
Labonel,Mohammad Ali,what a amazing experience very delicious desserts staff is very friendly hurry to visit to try more treats very good ambience 1010 for everything,5,"10 Reviews , 9 Followers",2019-02-11 17:44:00,2019,145,24,False,False,False,Labonel,5,Dessert,"['desserts', 'friendly', 'delicious']"
Pot Pourri,Narendra,toooooo spicy food upset my stomach also some chicken is uncooked i am sorry to say this but we suffered so i am being honest here there is no intention to harm,1,"2 Reviews , 2 Followers",2019-02-26 11:06:00,2019,160,32,False,False,False,Pot Pourri,1,General,"['sorry', 'stomach', 'say']"
The Chocolate Room,Shivangi Jaiswal,this is one old good place to have deserts since years i have visited many outlets of chocolate room at himayat nagar banjara hills and this the best i feel is gachibowli chocolate room they have little app offers too oneone on pasta sandwichthickshake etc do checkout alfredo pasta isna must tryyy the paneer tikka sandwich could have been better,4,"40 Reviews , 445 Followers",2018-09-22 01:16:00,2018,347,60,False,False,False,The Chocolate Room,4,Italian,"['room', 'pasta', 'chocolate']"
Paradise,Dinesh Chandra,experienced the best haleem here murg musalam taste was good service was awesome they were too respectable good ambiance i recommend to my family and friends,5,"2 Reviews , 34 Followers",2019-05-10 22:26:00,2019,157,26,False,False,False,Paradise,5,General,"['murg', 'haleem', 'family']"
Frio Bistro,Meenu Garg,we ordered food for home delivery with one line instruction garlic bread to be prepared without spices which was not fulfilled this was ok what wasnt was delivery of chicken we ordered vegetarian cheese balls and we received chicken can we ever trust you again frio bistro,1,1 Review,2019-01-22 22:48:00,2019,272,47,False,False,False,Frio Bistro,1,General,"['delivery', 'trust', 'prepared']"
The Indi Grill,Smita Vyas,raza is the most humble and sweet person at the restaurant would love to come to the place againfood is awesome excellent sevice and staff members were helpful,5,"2 Reviews , 2 Followers",2019-05-21 14:38:00,2019,159,28,False,False,False,The Indi Grill,5,Steakhouse,"['members', 'humble', 'helpful']"
NorFest - The Dhaba,Bhavi Solanki,suggested by one my best friend this place is on fire when it comes to taste north indian food what we ordered amritsari kulcha with chole veg combo paneer combo with a sweet lassi must say the dishes were so damn yummy being in hyderabad i was missing good punjabi food and so was this place came to the rescue superb taste specially the paneer sabji the amritsari buttery kulcha the food court is well ambient and had a great time must visit if one misses north indian food,5,"85 Reviews , 301 Followers",2018-10-28 23:54:00,2018,475,89,False,False,False,NorFest - The Dhaba,5,Indian,"['kulcha', 'combo', 'north']"
Zega - Sheraton Hyderabad Hotel,Rudra Pratap Sing,wow zega you people are best in city rock ice innovations in cocktails attract me all the time thank you so much for giving me surprise all the time,5,"1 Review , 1 Follower",2018-05-28 00:52:00,2018,148,29,False,False,False,Zega - Sheraton Hyderabad Hotel,5,General,"['surprise', 'wow', 'time']"
Asian Meal Box,Kaushal Rg,too many veggies for a non veg box,3,"9 Reviews , 71 Followers",2019-02-27 14:31:00,2019,34,8,False,False,False,Asian Meal Box,3,General,"['veggies', 'box', 'non']"
Mazzo - Marriott Executive Apartments,Akshay,this place has an awesome ambiance it is really worthy to spend money on this place it is the best place to chill out with girlfriends but the food it just average,3,"3 Reviews , 1 Follower",2019-04-09 23:37:00,2019,163,32,False,False,False,Mazzo - Marriott Executive Apartments,3,General,"['worthy', 'place', 'chill']"
Hunger Maggi Point,Susmitha Illa,the quantity is very less,2,"4 Reviews , 2 Followers",2018-12-16 20:02:00,2018,25,5,False,False,False,Hunger Maggi Point,2,General,"['quantity', 'ginger', 'ghouse']"
Club Rogue,Nikitha Reddy,okay this place seems okay not so great tables are too small in which we cannot put more than three food items and it was saturday night the dj supposed to start at 8pm we were waiting for the songs to be played till 930pm yet no music nothing and we left the place,3,"2 Reviews , 16 Followers",2019-04-26 17:57:00,2019,265,54,False,False,False,Club Rogue,3,General,"['okay', 'songs', 'left']"
Cream Stone,Ceejay,cream stone is the best hangout place when it comes to latenight drives only issue is the place can become a bit crowded and order takes a bit extra time to come,5,"16 Reviews , 12 Followers",2018-11-18 22:17:00,2018,161,32,False,False,False,Cream Stone,5,General,"['bit', 'stone', 'takes']"
Banana Leaf Multicuisine Restaurant,Priti,great pocket friendly restaurant we went for the buffet there were good number of options the food was great great for partying with group as it goes easy on pocket ambience is nice amust try place,5,"43 Reviews , 97 Followers",2019-03-07 06:28:00,2019,197,36,False,False,False,Banana Leaf Multicuisine Restaurant,5,General,"['pocket', 'great', 'easy']"
Asian Meal Box,Md Balal Raza,have been ordering recently from here i find this place serves good quality food with proper packaging have ordered noodles and fried rice from here multiple times quality is good comes neatly packaged with spoons taste is good as well happy with the food here,4,"12 Reviews , 12 Followers",2019-05-01 21:54:00,2019,260,45,False,False,False,Asian Meal Box,4,Chinese,"['quality', 'recently', 'proper']"
Arena Eleven,Prem Kumar,food was awesome and the staff abhishek and jithendra was very good enjoyed a lottplease visit with your gang especially must visit place,5,1 Review,2019-03-18 22:31:00,2019,137,23,False,False,False,Arena Eleven,5,General,"['visit', 'enjoyed', 'especially']"
KFC,Mahesh Paka,cant review it as the order and the delivery are not matching disappointed,1,"3 Reviews , 14 Followers",2018-08-22 14:08:00,2018,74,13,False,False,False,KFC,1,General,"['review', 'disappointed', 'delivery']"
Kritunga Restaurant,Ramya,best place to eat taste south indian touch and environment is nice great place keema biryani is all time favourite nice taste and service is excellent,5,1 Review,2019-01-10 13:37:00,2019,150,26,False,False,False,Kritunga Restaurant,5,Indian,"['keema', 'touch', 'environment']"
Frio Bistro,Akanksha Jain,ambience 4 food 45 service 3 value for money 45 came here for a quick lunch ordered mezze platter wild mushroom fricassee and peach iced tea hummus tasted good but the pita bread was a little hard the pasta was heavenly perfectly cooked pasta and lots of mushroom with an amazing sauce iced tea tasted nice but was a little too sweet make sure you mention it to them if youre not a fan of super sweet drinks could improve on the service bit the staff is a little slow and less responsive even when it isnt crowded 55 in terms of value if youre a gold member surely trying this place again,4,"73 Reviews , 411 Followers",2019-05-09 12:50:00,2019,588,113,False,False,False,Frio Bistro,4,Italian,"['little', 'tea', 'youre']"
Behrouz Biryani,Ankija Agarwal Deorah,i have ordered the veg falafal biryani irrespective of the ratings givenbut to surprise it came out so tastyfrom the first bite to the last rice in your plate u will get the royal tasteit had alot of vegetables and the mint raita too tastes welli am not from hyderabadtastes first time biryani herenow i can say why its so famousfull marks to awesome packagingon time deliveryat the end i must sayadd on it to ur bucket list,5,7 Reviews,2019-02-02 14:59:00,2019,424,78,False,False,False,Behrouz Biryani,5,Indian,"['biryani', 'royal', 'ratings']"
Momos Delight,Celestina Metalda,great place and yummy momos try chicken steam momos taste great worth the price great people to severe awesome momos to fill an hungry stomach,5,2 Reviews,2018-07-07 15:21:00,2018,142,25,False,False,False,Momos Delight,5,General,"['momos', 'great', 'stomach']"
Mathura Vilas,Vbohra2009,bad service and the attitude of the staff is bad as well the food was good both in terms of taste and quality had they been good service would have been good experience,3,"6 Reviews , 1 Follower",2018-12-04 14:56:00,2018,168,33,False,False,False,Mathura Vilas,3,General,"['bad', 'attitude', 'terms']"
Diners Pavilion,Mr. Ego,beginning with the ambience its okay nothing to great about it but the food here is good the quantity in starters are less the main course is good the food items that are worth trying chilli cheese naan shrimp fettuccine for sea food lovers only thread chicken butter chicken and lal maans was okay not that great under mocktails i tried the pino orange it was just a plain orange juice the starters especially the fish was too salty need improvement there the service is really good the food prices are affordable and overall a good place to have dinner,4,"57 Reviews , 513 Followers",2018-07-20 22:05:00,2018,554,100,False,False,False,Diners Pavilion,4,Seafood,"['orange', 'okay', 'starters']"
Shah Ghouse Hotel & Restaurant,Nikhil Mucherla,i ordered an egg biriyani and got a chicken piece in it disgusting never ever going to order from this restaurant again disappointed,1,1 Review,2019-04-28 17:44:00,2019,132,23,False,False,False,Shah Ghouse Hotel & Restaurant,1,General,"['piece', 'egg', 'biriyani']"
Chinese Pavilion,Prakrita Kapoor(CrackDownFlavors),no nonsense interiors add an elegant touch to the ambiance quick feetfriendly and humble staff make your visit a memorable one we ordered jade soupthis could seem a lil bland according to manybut for me spinach broth with sliced garlic was packed with oriental touchfor a change shredded meat in soup was not rubbery sea wars this appetizer was blend of fried prawnsfish and squid the chilli soy sauce and sweet coriander sauce served on side added a wonderful touch to this delightful dish fook chook fried rice white sauce not cream based topped fried rice had a subtle flavorit was loaded with vegetables honey noodles with ice cream texture of the noodles here was nothing like the ones i tasted earlierfried noodles had a fudgy texture with went along real well with thick creamy ice cream fruit punch was decentbut pinacolda has to be improved i recommend you to visit this place if you enjoy oriental cuisine sparcely infused with indian flavors crackdownflavorscom,4,"121 Reviews , 1007 Followers",2017-09-16 19:02:00,2017,972,164,False,False,False,Chinese Pavilion,4,Chinese,"['sauce', 'noodles', 'cream']"
Aromas@11SIX,Kshiti Dubey,starters were good the main course lacked salt and a bit of lemon juice we ordered the palak paneer ive had food here once before and it was amazing then so this time it was a slight disappointment last time i had the chicken tikka which was really amazing,3,"35 Reviews , 161 Followers",2018-10-07 16:45:00,2018,256,49,False,False,False,Aromas@11SIX,3,General,"['amazing', 'juice', 'time']"
Cascade - Radisson Hyderabad Hitec City,Singhkanika.singh010,came for sunday brunch food was really nice and we liked complimentary massagechampi it was part of buffetservice was really goodwill recommend to our friends,5,"1 Review , 1 Follower",2019-03-31 15:12:00,2019,158,25,False,False,False,Cascade - Radisson Hyderabad Hitec City,5,General,"['brunch', 'complimentary', 'really']"
Labonel,Tumpa Roy,customer service is zero they dont know how to behave and dude they dont even have an extra box the entire store is under renovation how do we know the cookies and cookies are freshly baked its expensive too the least you can do is speak properly with the customers well these people they definitely cant this place only has the hype,1,"72 Reviews , 367 Followers",2019-03-22 14:31:00,2019,333,62,False,False,False,Labonel,1,General,"['cookies', 'know', 'dont']"
Khaan Saab,Rajesh Kumar,woooow i found a place with great food and excellent service taste 55 ambience 55 staff55 all the 5 stars are for the food and service they provided light music and nawabi style,5,"3 Reviews , 3 Followers",2019-02-28 18:29:00,2019,177,33,False,False,False,Khaan Saab,5,General,"['55', 'light', 'style']"
Cascade - Radisson Hyderabad Hitec City,Coneenika Choudhuri,exquisite buffet breakfast spread covering south indian north indian a bit of american and italian cuisine with gouda cheese i had my first pesarattu there and yes i loved it i really wish they would serve pancakes too and most importantly have labels for dishes which are to be made to order you must try their range of english desserts croissants donuts and biscuits they also have an array of unique jams which would melt your heart with the soft bread overall a delightful experience service 4 ambience 5 food 4,4,"70 Reviews , 89 Followers",2018-01-03 16:40:00,2018,515,91,False,False,False,Cascade - Radisson Hyderabad Hitec City,4,Italian,"['indian', 'pancakes', 'biscuits']"
American Wild Wings,Sateesh Golthi,heard through word of mouth that this is best place in gachibowli to taste quality chicken wings special wings and drum stick biriyani at an economy price been there for a dinner with my family ordered chicken wings hulk comes with bulky wings they did served us with about 10 sauces of american asian and mediterian like paataya thai texas bbq amazon wild parmesan garlic spicy garlic and also with a touch of local flavours like achari konaseema served we enjoyed great taste of juicy wings along with fresh lemonade orange and strawberry mojitos ordered main course special wings and drum stick it was so delicious and tasty with perfect dhum flavour along with juicy tender wings and chicken drum sticks would like to visit again,5,"1 Review , 3 Followers",2019-05-21 14:01:00,2019,733,126,False,False,False,American Wild Wings,5,Thai,"['wings', 'juicy', 'garlic']"
Karachi Bakery,Shafia Shams,clearly this place lives upto the name and reputation it has one of the best pastries which is economical aswell i have tried almost most of the item here be it pastries or snacks and mostly all of them have been upto the mark i really like the pizza and ceaser salad sandwich here and in pastries the chocolate roulade is a must,4,"95 Reviews , 299 Followers",2018-09-07 12:26:00,2018,329,63,False,False,False,Karachi Bakery,4,Italian,"['pastries', 'upto', 'snacks']"
Domino's Pizza,BE Happiee,it is waste to order pizza from this restaurant i forgot that i have preferred a cheese burst pizza there is no cheese in pizza and moreover the diameter of uttappam is far better than this pizza i will never prefer this,1,"1 Review , 1 Follower",2019-01-04 11:00:00,2019,220,42,False,False,False,Domino's Pizza,1,Italian,"['pizza', 'cheese', 'forgot']"
Behrouz Biryani,Achyuth,always at its best service or tasteyummmmmmmmmmmmmmmmmyyyy,5,"2 Reviews , 1 Follower",2018-09-15 13:06:00,2018,58,7,False,False,False,Behrouz Biryani,5,Indian,"['best', 'service', 'given']"
Absolute Sizzlers,Rudhir Kakoti,mostly overrated went with my wife today by seeing the 39 stars the place is small and too much crowded there are very less number of servers compared to footfalls now coming to food ordered chicken drumsticksbut taste was not that great then ordered one non veg sizzler which was also not that great noodles in the sizzler were tasteless overall did not find the experience which we were expecting,3,"9 Reviews , 118 Followers",2019-03-21 22:37:00,2019,398,70,False,False,False,Absolute Sizzlers,3,Chinese,"['sizzler', 'servers', 'expecting']"
Driven Cafe,SS,please dont use penne pasta in your mac and cheese dish we ordered cheese toast and brownie as well but the food was not up to the mark the ambience was good though,1,"3 Reviews , 12 Followers",2018-11-11 10:58:00,2018,164,33,False,False,False,Driven Cafe,1,Italian,"['cheese', 'toast', 'use']"
Zing's Northeast Kitchen,Sai Kiran Bolloju,forget the 4 or 5 rating given for this restaurant this place is crap i will say except plating nothing will please your appetite customer service i will give 10 for 15 tables it a single guy who was taking orders in between all this he is also the one who is at bill desk too believe me they didnt served water until we are forced to ask for customer service they dont deserve a rating for it food 1,1,"4 Reviews , 26 Followers",2018-12-01 09:59:00,2018,400,80,False,False,False,Zing's Northeast Kitchen,1,General,"['rating', 'customer', 'believe']"
Dine O China,Venkat Varma Indukuri,ordered chicken bamboo rice via zomato i liked the flavour of the chicken bamboo rice food was good in quality and quantity,4,"24 Reviews , 40 Followers",2018-08-31 12:00:00,2018,123,22,False,False,False,Dine O China,4,General,"['bamboo', 'rice', 'chicken']"
Arena Eleven,Asad Khan,overall a good place for hanging out during cricket and football matches cause of the ambiance the food is good as well we had the kebab platter which was delicious the masala french fries were hot and crispy the egg noodles were a good option for the main course the chicken tikka biryani was disappointing though the air conditioner was not open at 4 30 in the afternoon which made it a humid experience,3,"35 Reviews , 107 Followers",2019-03-13 17:16:00,2019,405,74,False,False,False,Arena Eleven,3,Chinese,"['air', 'french', 'afternoon']"
Khaan Saab,Phani Dileep,staff is super friendly and the great ambiance will give you the good feeling coming to the taste its good with masala quotients so pretty much indulgence finally could be a 4 of 5 value for your money,4,"99 Reviews , 106 Followers",2019-04-30 00:44:00,2019,201,38,False,False,False,Khaan Saab,4,General,"['feeling', 'finally', 'super']"
T Grill,Ankit Aggarwal,it amazes me to see the current rating of the restaurant on zomato the taste of food service and unhygienic foodambience describes a holistic and gloomy conditions of the restaurant the food quality has degraded with time i would never visit it again,1,"23 Reviews , 9 Followers",2018-07-20 00:21:00,2018,250,43,False,False,False,T Grill,1,Steakhouse,"['restaurant', 'rating', 'zomato']"
American Wild Wings,Raj Kumar,hello hyderabadmy review of the place comes after multiple visits that have spanned over 4 months and now i can safely say that its one of the awesome food court around hitech city and gachibowli it is located near the dlf signals and beside creamstone gachibowli above thick shakes the ambiance is a bit dim after dark and the seating is divided into various options including a pdr section the menu design with array spans of continental chinese and indian cuisines heres the list of things that i have tried across all my visits red hot roasted chicken wings juicy chicken wings are coated and fried along with mexican jerk suces yummy unforgettable crispy chilli corn kernels the usual favourite this one has a slightly different presentation here drum stick dum biryani omg very different as i never experienced trust me you guys will fall in love with it drum sticks nachos topped with red sauce and i just loved it combos the true fact i have ever seen even in kfc mcdonalds such awesome combi within a convincing budget loved it i cannot stress enough on how i have loved all that i tried here i have also tried out all kinds biryanis so far the variety may not be as elaborate as other places but with the food quality and the discount that they offer for bulk bookings it is at least a onetime try but what i really adore here is their mocktails sluches chocolate flav is an absolute delight also a fan of coke float the staff is ever so courteous awesome place to hangout with friends it really fills not only your tummy but also you heart,5,"1 Review , 2 Followers",2019-05-18 16:25:00,2019,1550,282,False,False,False,American Wild Wings,5,Mexican,"['visits', 'loved', 'tried']"
Pakwaan Grand,Arun,i ordered kaju panner biryani today in biryani the paneer is not fresh and predestined the restaurant cooks are not cooking properly i think need to change your cooking staff,2,2 Reviews,2018-10-04 14:24:00,2018,174,30,False,False,False,Pakwaan Grand,2,Indian,"['biryani', 'kaju', 'panner']"
Cascade - Radisson Hyderabad Hitec City,Anand Radhakrishnan,came here for some late night dinner and my experience can be termed pathetic to say the least they do not believe in serving a glass of water unless specifically asked for after 20 minutes of being there the smell of the cleaning liquid was so strong that i lost my appetite and to top it gave me a splitting headache although they claim it to be open 24 hours they apparently start cleaning up the place around midnight customers be damned i asked them to pack up the food because there was no way i was going to eat from there bearing the mind numbing smell after the food parcel was given they wouldnt give me the cheque unless of course again specifically asked for the kind of experience you would expect from a place that serves biryani for rs 50 and not rs 800 endured the 40 minutes of torture grabbed the takeaway and left,1,3 Reviews,2017-05-14 01:10:00,2017,832,157,False,False,False,Cascade - Radisson Hyderabad Hitec City,1,Indian,"['asked', 'rs', 'smell']"
Arena Eleven,Rakesh Marella Rakhi,very polite good service great atmosphere and ambience staff is well knowledgeable eatable is pretty tasty suggested place for everyone rocking guys,5,2 Reviews,2019-05-21 23:41:00,2019,148,22,False,False,False,Arena Eleven,5,General,"['suggested', 'atmosphere', 'guys']"
Komatose - Holiday Inn Express & Suites,Produtoori Ankith,you know what is the best part of hospitality fulfilling every silly need of the customer absolutely loved the service kudos to the staff i cant say enough of their service well done there a small suggestion add some dishes other than panner in vegetariani want you to take this seriously and implement it in the buffet other than that no complaints you guys are awesome we will keep coming back there no stopping us keep feeding us the way u r doing it great stuff,5,"19 Reviews , 101 Followers",2018-07-28 23:54:00,2018,465,86,False,False,False,Komatose - Holiday Inn Express & Suites,5,General,"['kudos', 'panner', 'suggestion']"
Behrouz Biryani,Esli Jacinth,i dont have the exact words to describe how amaaaaaazzziinnggggg the chicken kheema biryani was it felt like food which gods eat mouth watering explosion of flavors in the mouth literally diwali came early inside my mouth the complimentary gulab jammun thanks for that best packaging ever best cutlery ever ive been in hyderabad since 18 years and ive a new favorite place for biryani praises and blessings thank you so much,5,"20 Reviews , 7 Followers",2018-09-20 17:44:00,2018,424,72,False,False,False,Behrouz Biryani,5,Indian,"['mouth', 'ive', 'biryani']"
Kritunga Restaurant,Manasa Modi,afood is not as per recipe so you guys dont name it as per the area like nellore fish pulusu before naming it just find the traditional recipesi am from nellore i know how tasty the food isjust for marketing purposes dont use the names for the dishes,1,1 Review,2018-07-22 14:32:00,2018,250,48,False,False,False,Kritunga Restaurant,1,Seafood,"['dont', 'use', 'guys']"
Behrouz Biryani,Jigar Soni,dont order anything extra coz they wont deliver,1,"3 Reviews , 12 Followers",2018-08-12 22:29:00,2018,47,8,False,False,False,Behrouz Biryani,1,Indian,"['coz', 'deliver', 'extra']"
American Wild Wings,Romil Aggarwal,id rate it 25 i ordered the original patty burger and wings the burger was quite average or maybe even on the lower side the buns felt dry the patty wasnt anything special the fries that came with it were too salty the wings however were tasty45,3,"15 Reviews , 51 Followers",2018-10-27 17:12:00,2018,245,47,False,False,False,American Wild Wings,3,General,"['wings', 'burger', 'salty']"
Collage - Hyatt Hyderabad Gachibowli,Venkatesh OD,not so friendly staff very less items in buffet difficult to find a food of your choice in the buffet its little unorganized the waiter says i ll find out whatever you ask but he never turns back,1,"11 Reviews , 43 Followers",2018-10-09 22:45:00,2018,195,38,False,False,False,Collage - Hyatt Hyderabad Gachibowli,1,General,"['buffet', 'difficult', 'choice']"
Asian Meal Box,Chakra2508,food is awesome but delivered food after 130 hours latewhen called and asked they replied there are lot of ordersthis is not farewe waited almost 90mins for 20mins delivery,1,1 Review,2019-02-08 15:21:00,2019,172,29,False,False,False,Asian Meal Box,1,General,"['waited', 'called', 'hours']"
Hyderabadi Daawat,Chandu Sekhar,there is no appropriate response from them for any issues they served me spoiled food if i ask the same question they were not replying anything im not interested to one star also,1,"4 Reviews , 16 Followers",2019-05-05 08:20:00,2019,179,33,False,False,False,Hyderabadi Daawat,1,General,"['spoiled', 'response', 'im']"
Flechazo,Deep Sanghani,soothing ambience admirable hospitality by shabir and buffet was delicious in every sectionperfect place for family friends and office colleagues,5,3 Reviews,2019-05-04 15:36:00,2019,145,20,False,False,False,Flechazo,5,General,"['soothing', 'colleagues', 'office']"
American Wild Wings,Adithya Varun,hello i just ordered from your place on zomato i just dont want to comment on food that is up to your standards but the softdrink which you have sent is smelling like bathroom cleaner please let me know are you serving soft drinks or any harpicbathroom cleaner kind of thing,1,"1 Review , 1 Follower",2018-11-08 23:30:00,2018,274,51,False,False,False,American Wild Wings,1,General,"['sent', 'standards', 'just']"
Pot Pourri,Asha Tejaswini,i had the worst experience with the food and the servicefood is not great and the service took so longthe place is not totally airconditioned and the staff is a bit rude to customers,1,"14 Reviews , 10 Followers",2019-05-17 20:36:00,2019,182,34,False,False,False,Pot Pourri,1,General,"['rude', 'totally', 'customers']"
The Indi Grill,Varun Reddy,serveing is too good suvendu shair are too good in serving and coming to the food its good lemon chicken and crispy corn are too good,5,"1 Review , 32 Followers",2019-05-22 14:44:00,2019,133,26,False,False,False,The Indi Grill,5,Steakhouse,"['good', 'lemon', 'crispy']"
Dine O China,Rishank Gupta,pathetic chilli potatolooks like someone put sugar ayrup in it,1,"3 Reviews , 10 Followers",2018-07-22 23:50:00,2018,62,10,False,False,False,Dine O China,1,General,"['sugar', 'pathetic', 'chilli']"
Komatose - Holiday Inn Express & Suites,ASH&B2,please dont visit this place as a part of official team lunch we sat in komatose but food buffet was from johnathans kitchen seating is comfortable for drinks but not for having food staff was busy serving alcohol as it churns more money we were ignored big time and were even charged 100 rupees for one kinley bottle air condition was switched off probably hence we were sweating profusely my first experience of komatose and johnathons kitchen was bad and would neither visit or recommend anyone for this place,3,"98 Reviews , 6931 Followers",2018-10-02 23:18:00,2018,512,89,False,False,False,Komatose - Holiday Inn Express & Suites,3,General,"['kitchen', 'alcohol', 'air']"
Prism Club & Kitchen,Raviteja Mallozala,great place to party really good experience lights music and visuals everything was pretty awesome we went on friday it was bollywood night so had great fun must visit pub and expensive too,5,"1 Review , 14 Followers",2019-03-25 10:46:00,2019,189,33,False,False,False,Prism Club & Kitchen,5,Bar,"['bollywood', 'lights', 'pub']"
Hyderabad Chefs,Shiva Kota,i have book prawns biryani but in that i have received chicken bones with some small chicken piecesgot disappointed,1,"2 Reviews , 7 Followers",2018-08-27 07:10:00,2018,115,19,False,False,False,Hyderabad Chefs,1,Indian,"['book', 'received', 'chicken']"
Pot Pourri,Lakshmi Prasanna,here i cant say the food is so tasty it was okay you can enjoy some specific items in chicken those are nice and the ambience also normal but it was nice in the nights we can enjoy the outside view,3,"3 Reviews , 6 Followers",2019-05-06 11:45:00,2019,197,41,False,False,False,Pot Pourri,3,General,"['enjoy', 'nice', 'normal']"
Biryanis And More,Vishu Varanasi,having heard a lot about this place specially their triveni biryani i came here once and ordered food 34 times the last time i purchased food here would actually be the last time i would eat from here this restaurant is a classic example of how it started on a grand note and ended up being just another restaurant with hygiene issues to cut the long chase short i had purchased 2 items 1 paneer tikka biryani and bhimwaram pulav take aways in spite of telling them both items were very spicy my wife and i were struggling with the food now to top it i found a flying insect not a cockroach but something else with wings that got cooked with the paneer tikka biryani alas that was so repulsive that i left the food mid way and satiated my hunger with curd rice im never going back to them,1,"14 Reviews , 155 Followers",2019-03-24 11:35:00,2019,788,151,False,False,False,Biryanis And More,1,Indian,"['biryani', 'tikka', 'paneer']"
Olive Garden,Snehakumari,really averagehad buffet lunch served everything on table nothing great about it really average interiors food was just not bad but just above bad passing marks u could say in terms of food ambience and money wouldnt recommend it and big no for a 2nd timetried and forgotten,2,"7 Reviews , 3 Followers",2018-11-03 16:19:00,2018,274,48,False,False,False,Olive Garden,2,General,"['bad', 'just', 'wouldnt']"
Banana Leaf Multicuisine Restaurant,RAJENDRA PRASAD,taste and quality was good and quantity was as fine,4,1 Review,2018-07-12 14:05:00,2018,51,10,False,False,False,Banana Leaf Multicuisine Restaurant,4,General,"['fine', 'quantity', 'quality']"
Komatose - Holiday Inn Express & Suites,Anish Mahapatra || Thefoodpotato,located inside holiday inn this place is decorated decently well i enjoyed the seating music and decor the service for me was average unfortunately it was difficult to catch the waiters attention the drinks were decent and the food was a little oily for my liking overall it was a nice place and isnt as expensive as i had initially expected also zomato gold is always a wonderful added advantage,4,"99 Reviews , 958 Followers",2018-08-26 19:03:00,2018,396,70,False,False,False,Komatose - Holiday Inn Express & Suites,4,General,"['difficult', 'attention', 'isnt']"
Triptify,Yasaswi Kaza,the packing of the restaurant was patheticthe boxes were crushed and wet when reached me,1,"4 Reviews , 2 Followers",2018-07-13 22:52:00,2018,88,15,False,False,False,Triptify,1,General,"['reached', 'packing', 'restaurant']"
Zing's Northeast Kitchen,Medha Parashar,first of all they dint have main dish for which i went bibimbap and kimbap but still i got teteiyaki chicken and noodles sweet and simple place with pretty cozy ambience people who serve food are very friendly but there were only 2 people who were serving food so our order came really late place is really famous so people were even waiting outside for seats tip please call them beforehand if you are specially looking for bibimbap,3,"24 Reviews , 8 Followers",2019-01-19 22:56:00,2019,433,78,False,False,False,Zing's Northeast Kitchen,3,Chinese,"['people', 'dint', 'really']"
The Indi Grill,Nikhil Choudary,the food and the ambience is good special thanks to the service they are good it is recommended for the people who like to have food peace and spicy,5,1 Review,2019-04-17 21:31:00,2019,148,29,False,False,False,The Indi Grill,5,Steakhouse,"['recommended', 'thanks', 'special']"
The Chocolate Room,Siv Souvam,a nice place to hangout with friends a lot more to explore about chocolate dishes here a place with good ambience a place with late night food chocolate dishes upto 12 in night,5,"20 Reviews , 459 Followers",2018-07-25 03:22:00,2018,176,33,False,False,False,The Chocolate Room,5,General,"['chocolate', 'night', 'dishes']"
Cafe Eclat,Rahul Gupta,the place is near the gachibowli flyover the ambience and decor is brilliant i had tiramisu here it was good though i expected espresso flavour but the taste of mocha was strong in tiramisu you can make your own gelato in a jar here sitting arrangement is good and staff courtesy is fine i went there on a wednesday evening and cafe was empty crowd must come on weekends i believe prices are on the higher side but then again its one of the best dessert shop in the area,4,"145 Reviews , 674 Followers",2018-04-27 00:34:00,2018,470,90,False,False,False,Cafe Eclat,4,Cafe,"['arrangement', 'strong', 'believe']"
Behrouz Biryani,Sanjeet Kumar Bhukta,i heard about behrouz biriyani many times from my friends so finally ordred dum ghost biriyani as i am a mutton lover the best thing what i attracted is the packeging and looks it was came with a box consist of a gluab jamun and flavoured biriyani rice with 4 mid size boneless mutton pieces fried onions and small almond pieces the taste was some thing different it was not like the others biriyanis what common and normal n taste and easily available everywhere in hyderabad i would love to order or visit the place again highly recommended for biryani lovers who are looking for some new taste,5,"25 Reviews , 979 Followers",2018-09-08 13:40:00,2018,596,108,False,False,False,Behrouz Biryani,5,Indian,"['biriyani', 'pieces', 'mutton']"
Sardarji's Chaats & More,Akhil Puri,if there was an option of putting up 0 stars i wouldnt have hesitated look at the kind of food they offer i had ordered this aloo kulcha combo from this restaurant a burnt kulcha and not even a bowlful of dal was served the combo mentioned pickle as well but that wasnt sent either despite complaining them with requisite proofs no action was taken terrible,1,"1 Review , 180 Followers",2018-10-06 12:27:00,2018,357,66,False,False,False,Sardarji's Chaats & More,1,General,"['kulcha', 'combo', 'terrible']"
Collage - Hyatt Hyderabad Gachibowli,Anvesh Chowdary,i dont expect how people are maintaining the place the service here was such pathetic i think irani cafes on the roads have better service and delivery time of the service keeping the service aside the food is decent and the ambience and the pricing is decent but service is one of the worst i can expect from a star rated hotel if someone from the management is reading it kindly improve your service if you think there is a need,2,"1031 Reviews , 1654 Followers",2019-04-04 22:37:00,2019,430,81,False,False,False,Collage - Hyatt Hyderabad Gachibowli,2,Cafe,"['service', 'expect', 'think']"
Dunkin' Donuts,Nisha Bachhawat,it was quite late in the night when we reached here had opted for veg burger french fries and fruit berry smoothie the service was prompt and the food was good,3,"174 Reviews , 524 Followers",2018-09-30 11:22:00,2018,159,31,False,False,False,Dunkin' Donuts,3,General,"['opted', 'french', 'reached']"
The Chocolate Room,Anamay Tamrakar (Aman),didnt really enjoy much here its a dessert place so you go with a mindset to increase some kilos but the desserts were not so good the ambience quiet dull and boring havent gone there since,3,"82 Reviews , 512 Followers",2019-04-06 15:26:00,2019,189,36,False,False,False,The Chocolate Room,3,Dessert,"['havent', 'gone', 'quiet']"
The Foodie Monster Kitchen,Sai Teja,the service was goodits a new brand and i think they are developing nowthey have good variety of shawarmamy favourite is tex mex shawarma,4,"42 Reviews , 63 Followers",2018-07-11 09:40:00,2018,137,24,False,False,False,The Foodie Monster Kitchen,4,General,"['brand', 'shawarma', 'favourite']"
Urban Asia - Kitchen & Bar,Supriya Chowdary,great staff niranjan has been a great help and great in doing his job thumbs up starters are of great choice desserts can be more,5,"2 Reviews , 12 Followers",2018-10-08 14:37:00,2018,129,25,False,False,False,Urban Asia - Kitchen & Bar,5,Dessert,"['great', 'help', 'job']"
Shree Santosh Dhaba Family Restaurant,Gopi Krishna Rayudu,i have ordered for kaju biryani through zomato but i received paneer biryani the taste was good but quantity was very less and they have used excise of oil,3,"2 Reviews , 13 Followers",2019-03-30 14:43:00,2019,155,29,False,False,False,Shree Santosh Dhaba Family Restaurant,3,Indian,"['biryani', 'kaju', 'oil']"
Cascade - Radisson Hyderabad Hitec City,Mahesh,it was really amazing experience went there for our wedding anniversary with my kid thoroughly enjoyed the food great ambiance and amazing hospitality they have decorated the table and arranged a candle light dinner they didnt charge anything for my kid gave some specially prepared food for her and a very good welcome drink i want to mention special thanks to salim who is the head of the hospitality there and nischit who took care of us for almost 2 hours 30 mins i dont have any complaints from the starters to deserts everything was so perfect it was a perfect wedding anniversary never forget this thoroughly enjoyed to the core i would recommend everyone to try bill was just 2100 rs as he gave discount of 20 which i didnt believe initially thanks again salim it was amazing,5,1 Review,2019-01-28 22:30:00,2019,783,139,False,False,False,Cascade - Radisson Hyderabad Hitec City,5,General,"['amazing', 'gave', 'hospitality']"
Mathura Vilas,Neelamraju Srikanth,absolutely delicious food telugu lo cheppalante kammaga undi after several years i have found a south indian thali in hyderabad that is a perfect blend of taste and spices surprisingly every dish is tasty its very rare that restaurants dare to include karelabitter gourd in their thali i should admire the expertise of the chef who included this fry by mixing it with podi the brinjal curry bagaira baingan is exceptional i should mention the choice of the tender and tiny brinjals used in this curry aloo bajji pulihare anna paravannampongal puri papad tomato curry with hot white rice made me get sleep right after the lunch i give 5 out of 5 to the awesome chefs who can be an example to other restaurants by keeping a simple menu and still impress the food lovers even without lot of spicesgheeoil,5,"1 Review , 18 Followers",2018-11-03 20:40:00,2018,801,141,False,False,False,Mathura Vilas,5,Indian,"['curry', 'thali', 'restaurants']"
10 Downing Street,Smrati Saxena,ive been to this place about two times and i really liked the ambience interior will give you feels of london streets talking about food only good thing was lasagna other than that we ordered veg platter and lasagna rolls which were really bad in taste dj was not too good,3,"18 Reviews , 41 Followers",2019-05-23 21:04:00,2019,272,51,False,False,False,10 Downing Street,3,General,"['rolls', 'really', 'interior']"
Olive Garden,Madhup,a really nice place the ambience was very very good the views from here are killer but honestly for me and my friends their menu was not enough still worth a look,4,"16 Reviews , 10 Followers",2019-04-18 20:05:00,2019,162,32,False,False,False,Olive Garden,4,General,"['look', 'worth', 'menu']"
10 Downing Street,Rmandava70,place is awesome so their craft beers liked belgian wit and belgian strong ale both are amazing food taste and quality is good they must improve a bit on quantity after all they are charging good price for food lot to improve in service they are not vigilant about customer needs no cutlery was kept on the table until repeatedly asked for it overall it is a good experience,4,"92 Reviews , 727 Followers",2019-05-09 18:56:00,2019,374,69,False,False,False,10 Downing Street,4,General,"['improve', 'strong', 'beers']"
10 Downing Street,Arha Krishna Inamdar,its in the other side of the sln terminus out door seating is great ambeince is good but you feel bored sitting inside food was good ladies night on thursday worth the visit,4,"71 Reviews , 162 Followers",2019-04-13 18:14:00,2019,173,33,False,False,False,10 Downing Street,4,General,"['ladies', 'terminus', 'sln']"
10 Downing Street,Azarudeen Akthar Batcha,a nice noisy eventful saturday night happens here well typically if you are stags very difficult to get entry on saturdays and by luck you are in you have to dance outside of the dance floor food was above average if youre a party guy go on weekends,4,"22 Reviews , 68 Followers",2018-10-18 20:58:00,2018,249,48,False,False,False,10 Downing Street,4,General,"['dance', 'entry', 'difficult']"
Paradise,SAI KARTHIK BURANPUR,we ordered tandoori chicken as starters thats very tasty and light and then butter naan with mutton masala and as main course we ordered chicken biryani egg and mutton biryani those are very very tasty and light mutton piecs cooked with perfection,4,"1 Review , 1 Follower",2019-05-24 22:20:00,2019,247,42,False,False,False,Paradise,4,Indian,"['mutton', 'light', 'tasty']"
Cafe Eclat,Vivani,i was so glad when we shifted to our new house because it was so close to this place this is our favourite breakfast place on a lazy day especially when we are hungover the eggs benedict with salmon is my favourite our visit to cafe eclat is never complete without eating the amazing french toast do try it and you would cherish every single bite i hardly have pictures because as soon as the food arrives we just attack the one i have attached was taken to make my sister jealous,5,"14 Reviews , 5 Followers",2019-04-11 15:30:00,2019,480,92,False,False,False,Cafe Eclat,5,Cafe,"['favourite', 'toast', 'pictures']"
Olive Garden,R A,it was nice experience with team they have lovely ambience good spread of buffet need to work on service service is not up to mark what we expect from this kind of restaurants ambience 55 food 45 service 255,4,"73 Reviews , 1936 Followers",2018-11-05 21:29:00,2018,207,39,False,False,False,Olive Garden,4,General,"['service', 'expect', 'lovely']"
SKYHY,Chandann Reddy,great ambience and perfect roof top bar good service and decent variety of liquor and super pocket friendly must visit to unwind the food what ever i ordered was ok no complaints visit here to unwind one suggestion pls change the live band if the original artists hear them they will all kill them selves,4,"302 Reviews , 228 Followers",2018-11-04 21:06:00,2018,304,55,False,False,False,SKYHY,4,Bar,"['visit', 'suggestion', 'roof']"
The Fisherman's Wharf,Ranodeep Sen,goa in hyderabad these guys have cracked this juggernaut ambience 910 service 1010 food drinks 910 value for money 810 if you love goa this is the place to be in hyderabad no wonder they were packed on a weekday wednesday,4,"10 Reviews , 37 Followers",2019-03-28 11:27:00,2019,221,41,False,False,False,The Fisherman's Wharf,4,Seafood,"['hyderabad', 'weekday', 'packed']"
Tiki Shack,Prachi Pant,great ambience and music good service even though a crowded club nice rooftop as well as interiors had a good time would recommend one visit chili guava martini is really chilli no kidding,4,"25 Reviews , 133 Followers",2019-04-28 02:12:00,2019,188,33,False,False,False,Tiki Shack,4,General,"['club', 'interiors', 'rooftop']"
SKYHY,Pratipurna Panda,good for group outings they provide rooftop seating arrangements music can be better for the dance floor ambience is okay food is average good staff though they are helpful and friendly,3,"47 Reviews , 145 Followers",2018-11-29 22:32:00,2018,185,31,False,False,False,SKYHY,3,General,"['provide', 'rooftop', 'helpful']"
KS Bakers,Jameel Ali,chocolate truffle is great here ferrerro rocher pastry melts in your mouth like lava pleasant placesets the mood for a cake yummmmmyyyyyyyyyyyyyyyyyyyyyy,3,"21 Reviews , 13 Followers",2017-12-10 22:48:00,2017,153,22,False,False,False,KS Bakers,3,Dessert,"['pastry', 'mood', 'pleasant']"
Zega - Sheraton Hyderabad Hotel,Ramaiah Chowdary,hospitality by mr sai customised food by chef manisha and ambience made the dinner a perfect set i strongly recommend this place for asian cusine and wonderful fine dine experience the support staff are very courteous and understanding they were very patient with my little daughter many thanks for that,5,"16 Reviews , 14 Followers",2019-03-02 23:20:00,2019,303,50,False,False,False,Zega - Sheraton Hyderabad Hotel,5,General,"['asian', 'set', 'mr']"
Paradise,Sid,ordered mutton haleem it was awesome taste of it has been really exceptional while comparing with the big names as pista house shah ghouse definitely try if you are found of haleem,5,"15 Reviews , 3 Followers",2019-05-16 19:42:00,2019,180,32,False,False,False,Paradise,5,General,"['haleem', 'pista', 'ghouse']"
Marsala Food Company,Rishabh Kumar,i found this restaurant on zomato and also i can see the ratings of this restaurant is good i visited for lunch and ordered loose prawns chicken biryani tandoori fish tikka and tandoori prawns biryani all the dishes were superb in taste even their quality and quantity are excellent tandoori fish tikka wins my heart amongs whatever i ordered ambiance is good and loved their hospitality,4,"155 Reviews , 683 Followers",2019-03-01 12:08:00,2019,387,66,False,False,False,Marsala Food Company,4,Indian,"['tandoori', 'prawns', 'tikka']"
Tempteys,Akansha Satyam,usually i order the same shake from this place it used to be so good today i felt that the whipped cream being added had very bad smell and taste couldnt finish even half of it,3,"1 Review , 8 Followers",2018-08-29 18:01:00,2018,176,36,False,False,False,Tempteys,3,General,"['finish', 'smell', 'shake']"
eat.fit,Smrati Saxena,the food was amazingly delicious i ordered the food online and the packing and delivery service was quite impressive they even sent a complimentary cake which was delicious the best part about this app is you can order delicious food without thinking about health because everything is nutritious,5,"18 Reviews , 41 Followers",2019-03-10 11:23:00,2019,296,48,False,False,False,eat.fit,5,Dessert,"['delicious', 'app', 'sent']"
Squeeze @ The Lime,Dimple Bhatia,we have gone for office party food was excellent service was also good they have options for rooftop party we have chosen ac hall it had 45 people capacity overall good experience,5,"2 Reviews , 2 Followers",2018-10-17 13:03:00,2018,179,32,False,False,False,Squeeze @ The Lime,5,General,"['party', 'gone', 'ac']"
13 Dhaba,Sonali,visited to this place yesterday on one of my friends recommendation found it one of the best punjabi dhaba in hyderabad the tastes remind me of punjab it offers a variety of delicious home made food pice is affordable loved the cold lassi a must visit place if you are a food lover,4,"15 Reviews , 18 Followers",2019-04-15 10:14:00,2019,281,53,False,False,False,13 Dhaba,4,General,"['dhaba', 'affordable', 'lassi']"
Gal Punjab Di,Kapil Kumar Avrp,great place been there more than a couple of times loved the food especially the lassi would definitely want to go again sometime at least for the lassi p,5,"7 Reviews , 9 Followers",2019-01-24 13:27:00,2019,154,29,False,False,False,Gal Punjab Di,5,General,"['lassi', 'couple', 'especially']"
Triptify,Raj Rohit,oh my my what great parathas these guys know their game when it comes to parathas the corn and cheese parathas are brilliant their sides blend so perfectly with the parathas brilliant packaging too,5,"124 Reviews , 372 Followers",2018-08-25 12:58:00,2018,197,34,False,False,False,Triptify,5,General,"['parathas', 'oh', 'perfectly']"
The Lal Street - Bar Exchange,Anand Singla,the drinks were good the food was mediocre the service was pathetic the waiter asked us when are we leave apparently they overbooked and even the service was slow,3,"3 Reviews , 22 Followers",2019-03-29 03:42:00,2019,162,29,False,False,False,The Lal Street - Bar Exchange,3,Bar,"['leave', 'waiter', 'pathetic']"
Desi Bytes,Swati Jaipuria,very avg litti chokha was worse or stale paneer tikka was painted in orange color and everything was packed in plastic bags very inexperienced way of delivering overall not recomend,2,"4 Reviews , 35 Followers",2018-05-05 19:24:00,2018,181,30,False,False,False,Desi Bytes,2,General,"['litti', 'orange', 'worse']"
Amul,Shafia Shams,this place is a savior for mid night cravings i have tried the chocolate sundae brownie with ice cream and many basic flavours like mangobelgium chocolatechoco chip chocolatebutterscotch and strawberry taste is good i am only disappointed with the brownie its more like chocolate sponge cake the portion size is appreciable for the price looking for budget ice cream this place is great for it,4,"95 Reviews , 299 Followers",2018-09-07 18:49:00,2018,393,65,False,False,False,Amul,4,Dessert,"['brownie', 'chocolate', 'ice']"
Hotel Zara Hi-Fi,Ashwini Masaram,its good quick deliveries i like it and i used it first time feels good but need some lemons and onions more please try to do that,4,"1 Review , 1 Follower",2019-03-03 14:37:00,2019,130,27,False,False,False,Hotel Zara Hi-Fi,4,General,"['onions', 'used', 'need']"
SKYHY,Ram Prakash Reddy,the name resembles this place with their pricesskyhyvery bad experience worst food worst service we ordered spicy grill chicken we couldnt differentiate whether it was chicken or some other cheap meat the fish fingers were oily as hyderabads summer sweat i would rate 05 for this place,1,"2 Reviews , 1 Follower",2019-05-12 20:50:00,2019,285,47,False,False,False,SKYHY,1,Seafood,"['worst', 'cheap', 'grill']"
Barbeque Nation,Sunil Tatipelly,visited it along with my friend for dinner buffet last week most of the starters were served slowly even after repetitive reminding no response from the staff fish starters were not well cooked chicken starters crispy corn were good mains and desserts were good as usual not much different from others,3,"9 Reviews , 19 Followers",2018-07-05 16:17:00,2018,301,51,False,False,False,Barbeque Nation,3,Seafood,"['starters', 'response', 'week']"
Diners Pavilion,Shankarkumar21,the food was not up to the mark the mexican dish had too much chilli and mexican rice was like indian veg fried rice the thai dish had strong flavours overall did not like the food,3,"5 Reviews , 8 Followers",2019-02-04 07:00:00,2019,180,36,False,False,False,Diners Pavilion,3,Mexican,"['mexican', 'dish', 'rice']"
Tandoori Food Works,Age Of Foodies (Suraj Karambe),tandoori nights ambiance tandoori food works is located at food court available at sln terminus gachibowli it is a small outlet having sitting area common for whole food court food we placed an order for stuffed tangdi kebabs having 2 fully stuffed chicken leg pieces and topped with mayonnaise stuffed tangdi kebabs cost approximately inr 230 we also placed an order half tandoori chicken which was served with green pudina chutney which cost approximately inr 230 both the tandoori items were good in both quantity and taste tandoori food works offers 11 dish on zomato gold membership service service was good and the staff was very polite,4,"104 Reviews , 334 Followers",2019-01-14 02:34:00,2019,642,107,False,False,False,Tandoori Food Works,4,Indian,"['tandoori', 'stuffed', 'tangdi']"
Being Hungry,Siddu Kote,ordered special chicken biryani and hallelujah i can feel im blessed with one good meal thank you so much for this amazing meal and i definitely am ordering from you guys,5,1 Review,2018-09-26 16:33:00,2018,170,31,False,False,False,Being Hungry,5,Indian,"['meal', 'im', 'ordering']"
Diners Pavilion,Sidharth Singal,35 went here for dinner on saturday night almost empty only two other tables occupied so were sceptical anyways got seated inspite of this it took good 15 min anyone could attend us the reason cited was heavy rush in the partner restaurant above wiered however the food was served quickly we had tomato shorba veg pizza and crispy veg all items were good nothing wow to say about availed zomato gold overall ok experience nothing compelling to visit again,3,"135 Reviews , 255 Followers",2018-10-31 21:46:00,2018,455,80,False,False,False,Diners Pavilion,3,Italian,"['veg', 'min', 'heavy']"
Pakwaan Grand,"Moha,ed Jalaludeen",worst thing i got 4 dinner i ordered full grill it was not all grilled unable to eat also full like a flesh the worst grill in my life i hate,1,1 Review,2019-02-24 22:11:00,2019,141,31,False,False,False,Pakwaan Grand,1,Steakhouse,"['grill', 'worst', 'life']"
Eat India Company,Aarti Passi,decent ambience with light music taste of food not that great no much varieties in buffet in all it is not worth the money spent they really need to keep more varieties no salads only 3 desserts including ice cream so it was an average experience,3,"8 Reviews , 4 Followers",2018-09-24 23:20:00,2018,246,46,False,False,False,Eat India Company,3,Dessert,"['varieties', 'salads', 'including']"
Karachi Cafe,GoSouGo,this place is lost in the row of cafes and restaurants in gachibowli cute little cafe with vintage indian vibes having posters of old hindi movies and early air india adorning their wall can be a good spot for a casual date or a catch up we ordered an irani chai and nankatai both of them were yum,4,"38 Reviews , 43 Followers",2018-11-13 07:20:00,2018,297,58,False,False,False,Karachi Cafe,4,Indian,"['lost', 'spot', 'air']"
Urban Asia - Kitchen & Bar,Lokesh Jain,ambience decent parking to the place is an issue tom yum soup good paneer tikka ok lotus stem ok service average steward sk was not upto the mark he looked totally off mood chilli garlic noodles was outstanding manchow fried rice was delicious,3,"136 Reviews , 211 Followers",2018-12-13 22:46:00,2018,243,43,False,False,False,Urban Asia - Kitchen & Bar,3,Chinese,"['ok', 'manchow', 'issue']"
Labonel,Hardshock,i have never denied i have sweet teeth you read that right not tooth teeth i take every opportunity to indulge in sweets because it makes me happy this bakery makes me happy cupcakes that edge sweet without being overpowering so i can share with the i dont like desserts that are actually sweet crowd dont be surprised if you gulp down the entire box in a sitting a fine carrot cake cupcake that almost makes you feel like youre eating healthy until you eat the luscious cream cheese frosting thats one of my top favorites life is short eat sweets buy them here be happy,5,"11 Reviews , 11 Followers",2018-08-22 21:43:00,2018,570,106,False,False,False,Labonel,5,Dessert,"['makes', 'happy', 'sweet']"
SKYHY,Saurabh Kumar,they did not allow entry at 1107pm today just saying that they allow till 11pm why then its mentioned that we can enjoy till 1 am that too on saturday,1,"3 Reviews , 5 Followers",2018-12-08 23:13:00,2018,150,30,False,False,False,SKYHY,1,General,"['till', 'entry', 'saying']"
Hyderabad Chefs,Deepika Deepu,ordered food was not delivered we ordered fried piece biryani though bill states the same but it was normal dum biryani that was delivered,1,"6 Reviews , 5 Followers",2018-07-18 21:17:00,2018,138,24,False,False,False,Hyderabad Chefs,1,Indian,"['delivered', 'biryani', 'dum']"
Hyderabadi Daawat,Ayoub Mohammed,visited hyderabadi daawat along with 8 friends for dinner surprisingly found this place far too good to my expectations the ambience service food were really gr8 was really happy to dine at this hidden gem ordered paya shorba which was deliciously made succulent paya with equally tasty shorba for starters we ordered murgh ke sholay phuket fish rounakhi sheekh kebabs every item was a revelation gr8 care had been given to maintain the authenticity of each item for mains we ordered chelo kebab and murgh musallam chelo kebab was presented with chicken kebab and sheekh kebab with tasty ruce it being a persian dish rice was little bland which was complemented perfectly by the combination of both the kebabs perfect and the murgh musallam was as perfect as it could be wondered why we have not visited this place before a definite must visit from me keep it up team hd you rock,4,2 Reviews,2019-02-02 10:47:00,2019,879,153,False,False,False,Hyderabadi Daawat,4,Seafood,"['kebab', 'murgh', 'kebabs']"
Hitech Bawarchi Food Zone,Srikanth Kuramana,i ordered a chicken biryani at a cost 120rs which is an affordable price to have food for one person but in this restaurant immediately when the order came i am really frustrated to see the quantity and quality first talking about quantity it doesnt satisfy the hunger of atleast one person and then talking about quality it was not served hot readily packed food and looks like as it was not cooked fresh may be cooked atleast a day before i guess i suggest my friends and colleagues never select this restaurant and ill never order from this restaurant i am even wondered how come this restaurant get 26 rating which is too high waste of money and time going to this restaurant and ordering from this restaurant,1,1 Review,2018-11-20 00:56:00,2018,713,129,False,False,False,Hitech Bawarchi Food Zone,1,Indian,"['restaurant', 'atleast', 'person']"
The Foodie Monster Kitchen,Singh Pratibhaa,bad cold waffle stretched like rubber,1,"46 Reviews , 176 Followers",2018-07-24 00:20:00,2018,37,6,False,False,False,The Foodie Monster Kitchen,1,General,"['waffle', 'cold', 'bad']"
Beyond Flavours,Tejaswi Rao,we went for a team lunch such a worst restaurant food was tasteless service was very slow and ac was not working weve requested them multiple times but its of no use please dont waste your money and i strictly recommend not to prefer beyond flavours,1,"1 Review , 24 Followers",2019-05-15 03:26:00,2019,249,46,False,False,False,Beyond Flavours,1,General,"['requested', 'working', 'ac']"
KS Bakers,Subbarao Aleti,i went to this for the first time and i took a cake of 500gms chocolate pastryi loved the taste and for the first time in my life we didnt wasted the cake since it is also a birthday,4,"9 Reviews , 29 Followers",2017-11-23 01:42:00,2017,182,39,False,False,False,KS Bakers,4,Dessert,"['cake', 'time', 'life']"
Asian Meal Box,Datla Raveendra Varma (ravi Varma),not spicy as opted plain noodles not even tasting good,1,"2 Reviews , 1 Follower",2018-12-29 13:38:00,2018,54,10,False,False,False,Asian Meal Box,1,Chinese,"['plain', 'opted', 'tasting']"
Mustang Terrace Lounge,Nithinesh Bodhanapu,worst place to hang out pathetic customer service the place is money minded and the waiters there dont care for customers at all not a good place to hang out,1,"1 Review , 1 Follower",2019-05-05 00:12:00,2019,157,30,False,False,False,Mustang Terrace Lounge,1,General,"['hang', 'place', 'waiters']"
The Fisherman's Wharf,Gowtham Mahesh Balina,we have visited the place for thursday dinner buffet and kindly do not try it they have very limited options of starters and the choice of spread was really poor even the selection of alcohol was very basic service could be much better in the buffet section as the drinks order need to be provided overall its a total disappointment food 25 service 35 ambience 45 kindly do not try the evening buffet as its very bad,2,"11 Reviews , 140 Followers",2019-04-04 23:40:00,2019,416,77,False,False,False,The Fisherman's Wharf,2,Seafood,"['buffet', 'selection', 'total']"
Pista House,Dhruv Gupta,this place serves the best chicken and mutton biryaani in entire hyderabad i always go back to pista house for my biryaani cravings must try once,5,"12 Reviews , 13 Followers",2018-08-12 19:50:00,2018,145,26,False,False,False,Pista House,5,General,"['pista', 'cravings', 'entire']"
Collage - Hyatt Hyderabad Gachibowli,SM,we were there to celebrate our anniversary there was a set menu welcome drinkvery refreshing tomato shorbapassablecrispy paneer chicken tikka both were very yummy butter chicken paneer butter masala both passable daal fry yummy roti soft and steamed ricethe pasta in white sauce was good but the absolute let down was the pan seared fish with tomatoes the fish was not done properly no crispy skin and was a bit smelly there was icecream too the service was amazing and so was the ambiance,3,"66 Reviews , 192 Followers",2019-05-06 11:02:00,2019,489,84,False,False,False,Collage - Hyatt Hyderabad Gachibowli,3,Italian,"['yummy', 'butter', 'fish']"
Hitech Bawarchi Food Zone,Saikumar5555.sk,completely dry and not at all tasty it is,1,"5 Reviews , 1 Follower",2018-07-31 22:56:00,2018,41,9,False,False,False,Hitech Bawarchi Food Zone,1,General,"['completely', 'dry', 'tasty']"
Pakwaan Grand,Leosatse,very good service and guy who deliverd was very professional thanks,5,"6 Reviews , 8 Followers",2018-10-02 21:42:00,2018,67,11,False,False,False,Pakwaan Grand,5,General,"['professional', 'guy', 'thanks']"
Arena Eleven,Raja Gopal Reddy Chereddy,enjoyed the atmosphere and ambience especially i visited this place on a rainy day they have small lobby with upto 20 seating i enjoyed that moment with drizzle and my drink i tried some fish item i forget the name of the dish its finger licking dish and tangidi biryani was taste less no salt no masala may cheif might forgotten to add all these ipl or pl or uefa in arenayou love it with crowd,5,"20 Reviews , 27 Followers",2019-04-09 22:47:00,2019,395,76,False,False,False,Arena Eleven,5,Indian,"['enjoyed', 'dish', 'finger']"
Driven Cafe,ChicLifeByte,if bikes cars and coffee are your weaknesses then the driven cafe is no less than heaven for you their luxurious collection of supercars and bikes includes fantabulous fordmustang5 premium porsche911 carrera4s0 the hulk of bikes triumphrocketiii speedy suzukihayabusa and the kinetic kawasakizx14r which is also one of the worlds fastest bike to name a few and guess what one could also rent these amazing creations from their website at present their fleet consists of 150 cars 50 motorcycles and 7 bicycles if this doesnt satisfy the gearhead inside you then theres some delicious food and coffee for killing your hunger cravings even in those odd hours of the night the place is a brilliant amalgamation of a cafe and a bike museum the ground floor of this establishment is a quaint cafe which sells food and beverages it is very vintage in feel and decor and you will be treated by a very well spoken staff the cafe also has a store which sellsrents biking accessories including biking jackets helmets and other accessories coming to the food now the first thing we had here was the chili cheese toast which is a cheddar melt on white bloomer with an orange mayo it was quite filling and really tasty next up was the flavourful apple pie with icecream that totally melted in mouth and tasted heavenly with icecream this was complemented with a selfie coffee and a regular coffee the selfie coffee has your selfie printed on the coffee foam purely made of edible ink this is oneofakind experience you click a selfie and whatsapp that on a number theyll print that particular selfie on the coffee lastly we had the turkish baklava twins which were crunchy nutty flaky and really delicious the place has a lot of variety in terms of coffee which included colombian coffee death wish illy monka birch coffee araku tribal coffee organic decaf peppermint mocha and many more the place is definitely a must go review credit karan bhyana chiclifebytecom,5,"151 Posts , 2709 Followers",2018-06-10 09:48:00,2018,1949,335,False,False,False,Driven Cafe,5,Cafe,"['coffee', 'cafe', 'cars']"
Hyderabadi Daawat,Aravind Naraharishetti,the worest haleem i have never tasted its been like chewing just half cooked meat with no ingredients there is no flavor of eating haleem this was my bad experience of eating haleem in 2k19,1,1 Review,2019-05-09 23:53:00,2019,189,35,False,False,False,Hyderabadi Daawat,1,General,"['haleem', 'eating', 'ingredients']"
Gal Punjab Di,Niharika Nayak,if you are looking for punjabi food then this restaurant deserves to be in your list the place was small but with a nice ambience nice place for dinner ordered for starters nri nanja 45 its a form of desi pizza kind good combination of tastes and something innovative for main course aloo onion paratha amritsari kulcha and judwa paneer 45 one plate of parathakulcha is enough for one person the side serving are also good in taste judwa paneer was also good last but not the least the patiyala lassi this is something one should try for sure if u r a lassi lover overall had a good experience would visit again soon,4,"7 Reviews , 6 Followers",2019-02-22 22:49:00,2019,616,114,False,False,False,Gal Punjab Di,4,Italian,"['lassi', '45', 'paneer']"
Karachi Bakery,Ramesh Kalavala,been a fan of karachi bakery since my childhood the best place for snacks ie biscuits sandwich pastas chocolates recently ive been to the gachibowli outlet and tried out their cheese egg club sandwich and some muffins which where absolutely spot on as usual good place and wl definitely recommend,4,"33 Reviews , 887 Followers",2019-03-04 16:48:00,2019,296,50,False,False,False,Karachi Bakery,4,Italian,"['sandwich', 'karachi', 'biscuits']"
Being Hungry,Sreedhar1609,taste less biriyaninot following delivery instructions,1,"1 Review , 1 Follower",2018-07-20 07:23:00,2018,54,6,False,False,False,Being Hungry,1,General,"['delivery', 'taste', 'ginger']"
Barbeque Nation,Vivek Kumar Dubey,5 star standard specially mentioning rm mr bivison and staff mr gopal we were welcomed served and treated with high standard quality also the chef basudev make sure that our prefrance is fulfilled thank you bivison and for taking care,5,"4 Reviews , 19 Followers",2018-11-04 22:26:00,2018,234,40,False,False,False,Barbeque Nation,5,Bar,"['standard', 'mr', 'taking']"
Delhi-39,Yogesh Bhalerao,delicious food in terms of taste quantity value for money,5,"6 Reviews , 2 Followers",2018-06-02 22:14:00,2018,57,10,False,False,False,Delhi-39,5,General,"['terms', 'value', 'money']"
The Fisherman's Wharf,Moge Basar,good for a nice sunday brunch the buffet for two is 1500 inr and worth the deal id say the ambience is also great and you do get a lot of seating options would recommend,5,"7 Reviews , 5 Followers",2019-05-08 23:17:00,2019,169,35,False,False,False,The Fisherman's Wharf,5,Seafood,"['id', 'brunch', 'sunday']"
Eat India Company,Sagar Netha,went for dinner party with my friendsi was amazed with the service recievedwe took buffet which was well preparedamazing place to visitservice staff were polite and promptoverall excellent service and good foodhighly recommended and i would surely be back in a short timecheers,5,"1 Review , 1 Follower",2019-05-24 23:04:00,2019,277,43,False,False,False,Eat India Company,5,General,"['short', 'surely', 'party']"
Mohammedia Shawarma,Nilabh Kumar,this place serves you one of the worst shawarma in hyderabad neither the chicken is properly roasted nor the roti is properly made one of the worst i have had,1,"2 Reviews , 62 Followers",2018-09-08 02:22:00,2018,158,30,False,False,False,Mohammedia Shawarma,1,General,"['properly', 'worst', 'roasted']"
Urban Asia - Kitchen & Bar,Anirban De,the service is very bad they are not offering the seats when they have whole restaurant empty the food is good but the manager and staffs are not that encouraging,2,"4 Reviews , 184 Followers",2018-12-10 02:00:00,2018,162,30,False,False,False,Urban Asia - Kitchen & Bar,2,Bar,"['staffs', 'manager', 'bad']"
Amul,Raj Rohit,amul has a nice creamstonelike creamery which does excellent deliveries too they got the packaging perfect so that the gelato remained intact the ferrero rocher based gelato is a musttry,5,"124 Reviews , 372 Followers",2018-09-19 07:13:00,2018,186,30,False,False,False,Amul,5,Dessert,"['based', 'does', 'packaging']"
Zega - Sheraton Hyderabad Hotel,Ishan Verma,one of the best asian restaurants in the city promising food and service as well liked the hospitality offered by ms rubina that was amazing,5,"4 Reviews , 94 Followers",2018-06-21 23:01:00,2018,140,25,False,False,False,Zega - Sheraton Hyderabad Hotel,5,General,"['offered', 'asian', 'restaurants']"
NorFest - The Dhaba,Parijat Ray,a must try place for north indian food lovers the kebab items are highly recommended the only problem is it is a part of a food court the items are decently priced and very tasty,4,"146 Reviews , 333 Followers",2019-01-31 23:51:00,2019,178,35,False,False,False,NorFest - The Dhaba,4,Indian,"['items', 'problem', 'priced']"
The Tilt Bar Republic,Harsha Jonnala,the food and drinks are really good so is the service but the place lacks the aura to drive you repeatedly its too mundane to be a weekend place,4,"5 Reviews , 95 Followers",2019-01-07 11:55:00,2019,144,29,False,False,False,The Tilt Bar Republic,4,Bar,"['weekend', 'drinks', 'place']"
Arena Eleven,"Ashisha, The 'Bon Viveur'",visited here during dine out offer period ambiance the ambiance here is nice and pleasant the restaurant is a sports themed restaurant with live screenings of match there is an outside sitting area as well with the pleasant view of the botanical gardens t food soup chicken hot and spicy soup i have to admit that this is one the items that i loved the most of this place there is no shortage of chicken pieces in the soup unlike other outlets and the soup is also a perfect combination of spiciness and sourness starters honey baby corn chicken tikka paneer fry fish a dessert loved the gajar ka halwa and it was melting in mouth with the perfect sweet taste garnished with cashew nuts ice cream was another item,4,"110 Reviews , 227 Followers",2019-03-11 18:56:00,2019,713,130,False,False,False,Arena Eleven,4,Seafood,"['soup', 'pleasant', 'perfect']"
Mazzo - Marriott Executive Apartments,Siriisha Mulpura,the moment we enter in we will fall in love with the place especially in the nights great view friendly staff and yummy food try their chat and cheese balls,4,"27 Reviews , 183 Followers",2018-12-17 18:41:00,2018,156,30,False,False,False,Mazzo - Marriott Executive Apartments,4,General,"['enter', 'chat', 'view']"
Udipi's Upahar,Ashok Prabhakaran,one of the best places to have south indian tiffin varieties in gachibowli area most cost effective and tasty quick fast food on offer i enjoyed the food here and have tried out many times and on almost daily too if anyone have any doubt the crowd that is present here almost all of the time should indicate the popularity of the joint here situated in a busy area on the gachibowli main road near to the orr interjunction you cannot miss the place i have tried out their meals tiffin varieties the bhajji pakodas in the evening and also their tea have been satisfied with all of it and do not have any complaints absolutely zero ambiance and its self service too be prepared for the rush and once you get the token be prepared to be squeezed in a corner to give out your token to the waiters inside there is no queue system here and they just collect your tokens at random when your food item is ready they spot you and give it to you be prepared for some hassles out here as you get jostled around finding a spot to eat your food during rush hour is also a problem there are a couple of tables to sit but majority of the others stand at the tables and eat just eat your food quick and rush out my fav of theirs is the dosa i just loved the chutney and the sambar taste even though it was a bit sweeter to my taste also loved the kerala parotta which is a fav dish of mine back home here in chennai,4,"119 Reviews , 469 Followers",2018-12-31 01:50:00,2018,1399,275,False,False,False,Udipi's Upahar,4,Indian,"['prepared', 'fav', 'spot']"
Hitech Bawarchi Food Zone,Jon Snow,dont order chicken biryani handi they provide just one chicken piece in handi and the taste was average rice was not tasty at all will never order again,2,1 Review,2019-05-22 19:44:00,2019,152,28,False,False,False,Hitech Bawarchi Food Zone,2,Indian,"['order', 'piece', 'provide']"
Shah Ghouse Spl Shawarma,Sweta Singh,the best shawarma to have when in town i had a rumali malai chicken shawarma which was just right amount of spicy and well flavoured filling for a dinner,5,"2 Reviews , 4 Followers",2018-09-22 12:10:00,2018,153,29,False,False,False,Shah Ghouse Spl Shawarma,5,General,"['shawarma', 'flavoured', 'rumali']"
Club Rogue,Sardarpreetpalsingh,awesome place one of the best places in hyderabar girish was awesome he made sure we had great timethe dj was the best ive seen in hderabad,5,"1 Review , 1 Follower",2019-04-18 23:59:00,2019,139,27,False,False,False,Club Rogue,5,Bar,"['awesome', 'best', 'seen']"
Beyond Flavours,Sunil.bollineni,ambience is good and staff are polite and friendly food is super good and had nice time having lunch keep up the good work thank you for your nice hospitality loved it,5,"2 Reviews , 1 Follower",2019-05-11 16:32:00,2019,167,32,False,False,False,Beyond Flavours,5,General,"['nice', 'good', 'hospitality']"
Chinese Pavilion,Mad Foodie,veg review i have visited its other branch in banjara hills many times and have always liked their food so wanted to give this branch a try food here is great too dishes ordered pepper fried paneer i personally dont like starters if they are very crisp so couldnt enjoy it much pan fried noodles amazing loved it mushroom pepper chilly good but felt it didnt go very well with noodles brownie very soft and juicy,4,"60 Reviews , 107 Followers",2016-07-28 22:44:00,2016,412,76,False,False,False,Chinese Pavilion,4,Chinese,"['branch', 'pepper', 'noodles']"
Over The Moon Brew Company,Ruchi Tiwari,its been always great to be at otm kaishav has been a delight every time great host highly recommended for food and drinks very responsive team and try to do whatever they can to make customer feel happy,5,"3 Reviews , 17 Followers",2019-05-14 13:25:00,2019,203,38,False,False,False,Over The Moon Brew Company,5,General,"['delight', 'great', 'highly']"
KS Bakers,Suhail Hadi,ks bakers budget friendly anda taste is fantanstic came with friends and family we loved it its home like i felt thank you ks bakers,5,"1 Review , 2 Followers",2017-11-20 18:07:00,2017,132,25,False,False,False,KS Bakers,5,General,"['budget', 'home', 'thank']"
Asian Meal Box,Srujan Jetty,worst egg noodles i ever had please stop making such shit,1,2 Reviews,2018-10-05 20:53:00,2018,57,11,False,False,False,Asian Meal Box,1,Chinese,"['stop', 'making', 'egg']"
The Glass Onion,Jay Mehta,2 stars for the place for rest 3 need good food service presentation and experience lets start with the good part for which the two stars ambience location and the place is amazing nothing like other places in hyd the rain today made it even better outdoor has this chil lounge vibe with good house music and indoor being this good energy family or dinner vibe thats it to the place and good part service was bad food was ok if a restaurant does not serve filter water it is a huge problem buying water is a choice not force doesnt matter if you are local udipi or a five star we were told we dont have filter water something is broken so you buy while leaving we did see other tables served normal water we did have zomato gold to use but the experience was not so great to use it first turnoff dont have kingfisher beers we ordered veg tandoor platter margherita pizza tiramisu and cheesecake pizza was the best part and yet i would say a 355 generous amount of sauce and cheese but 3 basil leaf to count we asked for mustard and denied the platter had many things but of of which was paneer tikka n no grilled onion or peppers or tomato whole platter didnt come with any onion et al side extra chutney took forever to come tiramisu was average will not try again or recommend cheesecake was pretty bad packed to throw i guess the blueberry on it is red color which is super confusing the creamcheese itself i would guess will be cheaper kind making it hard they gave a birthday brownie which frankly was average too however the server comes and tells me during payment i have not charged you for brownie wtf overall i will recommend to go to njoy the place and have few drinks hop to jonathans for food or some place in indiranagar,2,"46 Reviews , 43 Followers",2019-05-11 22:12:00,2019,1734,327,False,False,False,The Glass Onion,2,Italian,"['water', 'platter', 'cheesecake']"
Prism Club & Kitchen,Manthena Sandeep,fantastic place for an eventawesome servicespecial shout to vijay prism for taking good care of us definitely goin back great vibes,5,"3 Reviews , 13 Followers",2019-04-16 12:36:00,2019,131,21,False,False,False,Prism Club & Kitchen,5,General,"['fantastic', 'taking', 'care']"
Komatose - Holiday Inn Express & Suites,Rwitaja Banerjee,it is always a pleasure to go back the food seems to get better every time the desserts specially are something to die for this time we tried tiramisu and blueberry cheesecake they were both so moist and melt in the mouth,5,"13 Reviews , 37 Followers",2019-03-04 07:52:00,2019,221,42,False,False,False,Komatose - Holiday Inn Express & Suites,5,Dessert,"['cheesecake', 'melt', 'time']"
Absolute Sizzlers,Mani Jha,i have had high expectations of food there but then my green salad with mint sauce was not very good while the chicken wings i ordered were nice but they ruined the american chopsuey it was more like eating a soupy noodles than a chopsuey i wish they would have made that better ambience was good staff were okay,2,"11 Reviews , 5 Followers",2019-02-24 18:57:00,2019,312,59,False,False,False,Absolute Sizzlers,2,Chinese,"['american', 'mint', 'wish']"
The Chocolate Room,Amit Hansani,the chocolate room as name suggests should have variety of chocolate flavour products but variety is quite less very few cakes and drinks the place should be only place for chocolates and its products so live upto your name food 35 ambience 45 closes at 12 am hence good place for late night cravings,4,"6 Reviews , 58 Followers",2018-05-07 20:21:00,2018,300,54,False,False,False,The Chocolate Room,4,Dessert,"['chocolate', 'variety', 'cravings']"
Barbeque Nation,Ankita Kumari,the staffs at bbq gachibowli are very good from start to end they took care which dish is goodany modifications needed food was very tastystartermain course you can try fish fingerchefs special made on request,5,2 Reviews,2019-01-31 05:49:00,2019,209,35,False,False,False,Barbeque Nation,5,Seafood,"['request', 'bbq', 'staffs']"
Mathura Vilas,Rajinish Kumar,super place for vegans the food quantity is good enough quality is also great but the old boring musicambience is nice it is an efforable place for families,4,"5 Reviews , 1 Follower",2019-01-17 22:47:00,2019,156,28,False,False,False,Mathura Vilas,4,General,"['old', 'super', 'place']"
Faasos,Clem,i wish faasos would reconsider their prices 150 bucks for an omlette and some meat i wouldnt say that your food is not tasty but your outrageous prices are driving me away sincerely someone who would like to enjoy your sausage roll once again without having to take another loan,2,"27 Reviews , 3 Followers",2018-07-04 11:55:00,2018,278,50,False,False,False,Faasos,2,General,"['prices', 'bucks', 'roll']"
Hyderabadi Daawat,T V Satyanarayana,went for a casual with my roomie to this place the ambience was nice and looked like a good restaurant ordered chicken shorba which is similar to soup prepared in chicken stew and pepper for starters ordered tandoori murgh adraki it was served hot and really delightful the taste was awesome and chicken was properly tandoored in the same course we ordered the usual tandoori roti and murg tikka lababdar murg tikka was awesome it was not too spicy nor too blunt it was perfect gravy with boneless chicken only word of advice for the management is please stop applying gst on products sold at mrp such as cold drinks and water bottles gst should not be calculated on those products food55 ambience45 hospitality45 hygiene35table was not properly cleaned value for money355,4,"74 Reviews , 1738 Followers",2018-11-22 21:56:00,2018,772,132,False,False,False,Hyderabadi Daawat,4,Indian,"['murg', 'chicken', 'properly']"
Faasos,Shrikant Deo,the one i ordered chicken wrap would have been 5 star but the amount of salt you added was unbearable do something about it and also the rice dish was fine,3,"8 Reviews , 33 Followers",2018-10-04 06:19:00,2018,155,31,False,False,False,Faasos,3,General,"['wrap', 'salt', 'added']"
Komatose - Holiday Inn Express & Suites,Sandeep,great service as the staff is very friendly and gives a personalised touch to your evening the ambiance here is outstanding it gives a different vibe all together this is one of the only bars in the city where even if you come alone you will end having a great time and find great company for yourself without fail food is something to try the new menu is out of this world i tried the kumbh ke galaoti and murgh malai tikka and they were finger licking i would give them a 6 star,5,1 Review,2018-08-04 19:35:00,2018,480,94,False,False,False,Komatose - Holiday Inn Express & Suites,5,Bar,"['gives', 'great', 'company']"
Hunger Maggi Point,Urmila Mamidi,chicken maggie doesnt have any chickenit is like veg maggiewithout masala,1,"4 Reviews , 4 Followers",2018-11-30 22:47:00,2018,73,11,False,False,False,Hunger Maggi Point,1,General,"['maggie', 'doesnt', 'masala']"
The Foodie Monster Kitchen,Hussainm318,we have ordered a chicken strips and chicken popcorn the chicken was yummy we like to order more from this restaurant we recommend this place,5,"1 Review , 1 Follower",2019-01-05 11:08:00,2019,141,25,False,False,False,The Foodie Monster Kitchen,5,General,"['chicken', 'yummy', 'recommend']"
Tempteys,Yum Yum YUMMY !,overall experience 355 seating 45 taste 45 service 35 slow quality 25 quality was good but there was a plastic cover piece in my shake value for money 45 i tried almost every shake here i liked the raspberry gelato base mango moon shake sithaphal flavoured shake oreo lichi were average in taste i found a plastic cover in my shake while drinking thats why 25 im a regular customer of tempteys and i will be,4,"89 Reviews , 202 Followers",2018-09-04 10:57:00,2018,407,76,False,False,False,Tempteys,4,General,"['shake', '45', 'plastic']"
Tandoori Food Works,Vaibhav Mehta,some great indian food delivered at my doorstep the paneer jahangiri is an absolute favourite with me my dad being paneer enthusiasts soft and tenddr paneer and the gravy tasted more of spinach than colored cream kulchas surprisingly were hot with a good layering of masala and were extremely filling all in all a good little home delivery experience,4,"36 Reviews , 76 Followers",2018-09-10 15:03:00,2018,350,59,False,False,False,Tandoori Food Works,4,Indian,"['paneer', 'spinach', 'absolute']"
Hyper Local,Rakesh Gudipudi,u will not find many veg items here but the biryani quantity wise it will be adequate quantity for both people we ordered green veg gulati not so good and one veg biryani,3,"15 Reviews , 2 Followers",2019-03-22 19:37:00,2019,170,33,False,False,False,Hyper Local,3,Indian,"['veg', 'quantity', 'biryani']"
Mohammedia Shawarma,Mohd Ahmed,plz dont buy this shawarma very cheap quality of food items they used and not fresh if ther is negative maarking i will give them 10000 and very cheap paking,1,1 Review,2019-04-06 23:53:00,2019,157,30,False,False,False,Mohammedia Shawarma,1,General,"['cheap', 'shawarma', 'used']"
Domino's Pizza,Malar Madhav Rao,1 1 pizza was bad an tastelessit was cold,1,"6 Reviews , 4 Followers",2018-08-21 21:24:00,2018,41,9,False,False,False,Domino's Pizza,1,Italian,"['cold', 'pizza', 'bad']"
The Fisherman's Wharf,Chef Tiwari,beutifull indoor and outdoor sitting delicious foodwe ordered man how chicken soup ok loose prwans was good crispy chilly pork so yummy service is good,5,"4 Reviews , 32 Followers",2019-04-23 04:52:00,2019,151,25,False,False,False,The Fisherman's Wharf,5,Seafood,"['man', 'pork', 'indoor']"
Frio Bistro,Spandana Bhoomolla,i really enjoyed lunch at this place our server mr sachin was really nice he helped us order and his recommendations were just on topthe pizza is the best a must have here try the ravioli too if you like pasta the place has a laidback friendly vibe,5,1 Review,2019-02-10 18:52:00,2019,248,48,False,False,False,Frio Bistro,5,Italian,"['helped', 'really', 'server']"
Cascade - Radisson Hyderabad Hitec City,Manikanda Pai,we went to cascade for birthday dinner and opted for buffet ambiance very beautiful not clustered and has a relaxed atmosphere to it service the moment you go in they had all the details as i had booked through a app and we were escorted to our table the service has been prompt and excellent with polite staff and courteous behavior food very good spread lot of options for salad i went for the egg salad and the chicken salad very tasty starters good spread of veg and non veg very happy with the hong kong fish and zaffrani chicken both were very tasty and must have in veg crispy veg was a must have most of the starters were cold considering we went almost at the beginning not sure how it can be cold so fast moving on to the main course another great spread and good options for veg and non veg fish was very salty so i had to pass that other dishes were very good and mashed potato is a must try chettinad chicken was another must have they had rotis and nans to order live i tried the mongolian rice from the live counter did not excite my taste buds much another problem with the main course some items were cold or lukewarm some more options in main course was one veg biryani mutton biryani chicken curry chicken curry was something i would go for again but not so much happy with the biryani but again being a hyderbadi the taste buds for biryani is absolutely different desserts another vast variety and i will give it 1010 overall if not for the food being cold and fish item being salty the rating would have been better overall i would recommend this place for a casual dining if you are looking for a place to have a relaxed atmosphere and have food at leisure away from the hustle and bustle this is a good place to be suggestion i some how feel the placing of the spread was not apt i mean it was very confusing at time and we had to take help again and again for example soups is placed after the biryani a little more organized would be good,3,"24 Reviews , 22 Followers",2017-10-23 06:06:00,2017,1963,376,False,False,False,Cascade - Radisson Hyderabad Hitec City,3,Indian,"['veg', 'spread', 'cold']"
Prism Club & Kitchen,Avinash A Naidu,one of the best place in hyderabad gud service and ambience best dj around the world r playing the magic circles make u mad lights gives u to bounce on the floor liquor prices r little high but u wont care to spend money for prism,4,"21 Reviews , 178 Followers",2019-02-14 17:27:00,2019,230,46,False,False,False,Prism Club & Kitchen,4,General,"['playing', 'lights', 'best']"
Behrouz Biryani,@foodie.amy6 | AMNA,behrouz biryani is listed on zomato and offers online ordering via zomato scrumptious food you can eat in the comfort of your home we ordered lazeez bhuna murgh biryani quantity and taste fragrance is goodflavorsome and non spicy price is on the higher side but totally worth it what i really loved is received a complimentary dessert gulab jamun the presentation and packaging was amazing a must try for all biryani lovers,5,"69 Reviews , 703 Followers",2018-12-04 03:42:00,2018,423,72,False,False,False,Behrouz Biryani,5,Indian,"['biryani', 'zomato', 'complimentary']"
Triptify,Sauptik Saha,i found dead cockroach in food it ruined everything hygiene needs to be improved a lot cant guarantee about food quality sometimes food is extra salty,1,"5 Reviews , 2 Followers",2019-01-14 20:23:00,2019,150,26,False,False,False,Triptify,1,General,"['salty', 'hygiene', 'extra']"
Absolute Sizzlers,Prithvi Krishna,awesome food great taste and great people good ambiance waiters are soo kind sravan is really soo nice my fav is pasta here read sauce creamy pasta,5,"15 Reviews , 19 Followers",2019-03-24 22:11:00,2019,147,27,False,False,False,Absolute Sizzlers,5,Italian,"['soo', 'pasta', 'fav']"
Labonel,Asha V,seems like your in a classic movie from the 60s when you walk in what a decordeserts are splendid worth the money you pay ordered the classic chocolate cake yummmmm,4,"24 Reviews , 17 Followers",2016-10-03 11:11:00,2016,164,30,False,False,False,Labonel,4,Dessert,"['classic', 'pay', 'cake']"
Shree Santosh Dhaba Family Restaurant,Nagamalleswararao Lakshmisetti,very very warest food wasted money dont order this restaurent quality is very low less than 20 show rich and delivery very poor quality dont ordered,1,"1 Review , 1 Follower",2018-11-23 23:38:00,2018,148,26,False,False,False,Shree Santosh Dhaba Family Restaurant,1,General,"['dont', 'quality', 'rich']"
Momos Delight,Satyajit Mahapatra,5 tiny veg momos is what you get for rs75 hyderabad is paradise for food lover but this place is a blot on hyderabad added a pic this is what you get in momos please avoid,1,"1 Review , 1 Follower",2018-11-21 22:46:00,2018,171,36,False,False,False,Momos Delight,1,General,"['momos', 'hyderabad', 'paradise']"
Mathura Vilas,Vijay,worst service and behaviour we ordered schezwan noodles we were served spoiled ones from the morning it smelled stale sticky to touch and yak in taste worst experience asked the waiter to taste a spoon so that he will come to know the pathetic taste he tasted and took away calmly though i just had one spoon of it and returned back still they charged for it we spoke to the short fat manager for the charge levied on the spoiled food served which we didnt even have he spoke very carelessly and extremely rudely will never ever visit this again strongly not recommended,1,"13 Reviews , 6 Followers",2018-10-27 21:28:00,2018,570,104,False,False,False,Mathura Vilas,1,Chinese,"['spoiled', 'worst', 'taste']"
The Fisherman's Wharf,Soumyajeet Bharadwaj,sea food cravings close your eyes and reach this place in hyderabad a very wide spread variety of sea food cant pen it here coz you have to visit here i have always been here for the love for 2 things crabs and only crabs it is a must try speciality of the restaurant the goan preparation made with recheado masalawould rate that as the best as after eating that it will look like you have been feeding on blood as your hands and mouth would look bloodied thats the fun of it ambience awesome staff too good feels homely love this restaurant more than anything 55 for everything,5,"8 Reviews , 24 Followers",2019-03-12 23:16:00,2019,578,109,False,False,False,The Fisherman's Wharf,5,Seafood,"['sea', 'look', 'love']"
Khaan Saab,Steve Rogers,the ambience of the place is great the food was not to my liking i have had better biriyani in hyderabad i ordered a mutton roman josh the meat was really hard,3,1 Review,2018-11-04 22:07:00,2018,159,32,False,False,False,Khaan Saab,3,General,"['meat', 'hard', 'biriyani']"
Hyderabadi Daawat,Silpa Acharya,i have ordered paneer pasanda yesterday night and received totally burnt paneer and uncooked gravy with a ton of turmericwhich was smelling disgustingi couldnt even took a biteworst food i have every received,1,"2 Reviews , 11 Followers",2019-03-22 08:50:00,2019,208,33,False,False,False,Hyderabadi Daawat,1,General,"['received', 'paneer', 'burnt']"
Paradise,Ajaygoud,service was good and food also good ambiance good i had chicken biriyani and egg biriyani both are really good nice service with good food overall good,5,"1 Review , 1 Follower",2019-05-24 21:17:00,2019,151,27,False,False,False,Paradise,5,General,"['good', 'biriyani', 'egg']"
Banana Leaf Multicuisine Restaurant,Kalyan Madduru,banana leaf has a good options for veg and non veg buffet ambience was good as it was a saturday brunch we have stick to the veg and ordered some from the menu garlic naan and pudina paratha along with spicy kadai paneer gravy was our choice all of them were good and gravy texture was perfect definitely worth trying,4,"46 Reviews , 23 Followers",2018-08-25 16:44:00,2018,317,60,False,False,False,Banana Leaf Multicuisine Restaurant,4,General,"['veg', 'gravy', 'texture']"
Hotel Zara Hi-Fi,Danish Sb,he was so punctual and cooperative,5,2 Reviews,2018-09-23 15:20:00,2018,34,6,False,False,False,Hotel Zara Hi-Fi,5,General,"['10', 'zomato', 'yummy']"
Chinese Pavilion,Sandhya Juluri,very fast service and the food is delicious everyone must try the restaurants food really loved the food very tasty authentic chinese dishes,5,1 Review,2019-04-11 21:11:00,2019,140,23,False,False,False,Chinese Pavilion,5,Chinese,"['fast', 'restaurants', 'food']"
Cascade - Radisson Hyderabad Hitec City,Ron Mendes,we are staying in radisson and haveing fud daily past 20days its awesome all staff are cooperative just want to thank chief manoj and chief tanuirma so helping out and giving us tasty food daily and serving,5,"1 Review , 6 Followers",2019-05-23 21:33:00,2019,206,37,False,False,False,Cascade - Radisson Hyderabad Hitec City,5,General,"['giving', 'thank', 'serving']"
Absolute Sizzlers,Kurmarao Kuna,its nice place to dine for team lunch great service great food nice ambiance we want to visit again we loved service thanks team absolute,5,1 Review,2019-05-17 18:39:00,2019,137,25,False,False,False,Absolute Sizzlers,5,General,"['team', 'nice', 'absolute']"
Pakwaan Grand,Sudheer Reddy,delicious special chicken biryani they will serve with four chicken pieces sufficient for two or three people just for rs 250 and we ordered paneer 65 it was very yummy,4,"7 Reviews , 7 Followers",2019-01-16 18:11:00,2019,168,30,False,False,False,Pakwaan Grand,4,Indian,"['sufficient', 'rs', '65']"
Paradise,Sravani,mutton biryani is amazing as always expecting to increase the quantity ambience is good staff is good quick response to everything food was served within no time which is really appreciated,5,"7 Reviews , 3 Followers",2019-05-17 21:26:00,2019,189,31,False,False,False,Paradise,5,Indian,"['expecting', 'response', 'quick']"
The Old Madras Baking Company,Pavan Madhini,great breads been buying regularly and the consistency is amazing in the breads my only gripe wish the dark chocolate cookie was equally consistent on some days its great but feels stale on other days fantastic place nonetheless,5,"12 Reviews , 162 Followers",2018-07-30 10:47:00,2018,228,38,False,False,False,The Old Madras Baking Company,5,General,"['breads', 'days', 'fantastic']"
Hotel Zara Hi-Fi,KUMAR CHOUHAN,its a good restaurant and immediately deliver it and self pick up is within five minutes its ready to zara hifi restaurant its a good restaurant and nice delivery good quality and maintain is this restaurant is very clean and fastest delivery to accept and et cetera et cetera,5,"1 Review , 2 Followers",2019-04-13 12:55:00,2019,276,49,False,False,False,Hotel Zara Hi-Fi,5,General,"['restaurant', 'delivery', 'ready']"
Shanghai Chef 2,Nishant Singh,it was a ok ok,3,"8 Reviews , 1 Follower",2018-07-06 20:01:00,2018,14,5,False,False,False,Shanghai Chef 2,3,General,"['ok', 'given', 'ginger']"
Labonel,Naresh Kodebathula,have tried cup cakes from so many other places but i havent got the cup cakes anywhere like here red velvet and chocolate are our favourites,5,"22 Reviews , 14 Followers",2017-02-27 10:20:00,2017,140,26,False,False,False,Labonel,5,Dessert,"['cup', 'cakes', 'havent']"
Dine O China,Himalini Singh,today 19th dec 2018 i ordered assorted veggies with soft noodles unfortunately food quality wasnt good at allreally disappointed as its 3rd or 4 th time i ordered same itemslast orders looked fresh and taste was awesome but this time not happy hope quality of food is maintained,1,"1 Review , 1 Follower",2018-12-19 23:39:00,2018,278,48,False,False,False,Dine O China,1,Chinese,"['quality', 'maintained', 'time']"
Dine O China,Mitesh Gupta,had gone for dinner ordered veg manchow sour veg manchuria chilly paneer dry schezwan rice and chilly garlic noodles and assorted vegetables in choice of sauce all veg the soup had too much of cornflour was not that nice manchuria was ok ok chilly paneer rice and the gravy were good could have been a little more spicy as had already requested them at the time of ordering the service was quick and good and fresh as the restaurant was half occupied and they had good take away orders too overall a nice experience,4,"5 Reviews , 19 Followers",2018-11-25 14:17:00,2018,515,94,False,False,False,Dine O China,4,Chinese,"['chilly', 'veg', 'ok']"
Behrouz Biryani,Praveen Sai,delivery poor customer support both me and zomato were unable to contact restaurant restaurant didnt update status in app as well after 3 hours a guy called me that he is out to deliver the food which is hours after i requested zomato customer care and cancelled my order and it happened second time earlier they answered but said it will take one and half hour i waited and not delivered this is my second bad experience very sad about it,1,"1 Review , 1 Follower",2018-08-27 11:56:00,2018,439,81,False,False,False,Behrouz Biryani,1,Indian,"['second', 'hours', 'customer']"
Yum Yum Tree - The Arabian Food Court,"Ashisha, The 'Bon Viveur'",this branch is in one of the interior areas in the hitech city ambiance the ambiance is rich and has good feel and better ambiance compared to the other branches food we had the mixed mandi platter which is like 1k but really huge with good variety of chicken grill tandoori mutton french fries etc the rice is also fine and is accompanied by good amount of fried onion and cashew nuts and other sides like mayo and tomato chutney we also had the teriyaki burger which was not upto the mark of the long lost taste of the original yum yum tree overall ambience 910 food 8510 value for money 910,4,"110 Reviews , 227 Followers",2019-01-08 16:48:00,2019,593,112,False,False,False,Yum Yum Tree - The Arabian Food Court,4,Indian,"['yum', 'ambiance', 'lost']"
Frio Bistro,Varun K,wonderful restaurant absolutely fabulous food ambience very nice and comfy doesnt feel rushed which is particularly important for this kind of place food every morsel is heavenly they nailed both veg and non veg dishes which is a rarity in itself loved the pizzas the fish and chips is a must order the penne alfredo is pretty good too as is the spicy crispy chicken leg dish absolutely delicious mushroom soup was very nice too minestrone was average couldnt try the desserts because theres only so much a person can have lol ps they do have a bar but no bira service polite but you must be patient food preparation takes time if you reach post 930pm you will be expected to order your entire meal in one shot itself vfm its an expensive bistro but the chef deserves it hes absolutely spot on with the flavours i would strongly recommend this restaurant you deserve it,5,"141 Reviews , 3151 Followers",2019-05-05 13:39:00,2019,869,156,False,False,False,Frio Bistro,5,Italian,"['absolutely', 'veg', 'order']"
Barbeque Nation,Ritobrata Choudhury,barbeque was good in taste quality of fish chicken mutton was perfect though main course variety was less overall i liked the place diligent service by all staffs the head chef also wanted feedback for the food which i personally like very much happy to visit another time,4,"7 Reviews , 29 Followers",2018-07-02 15:43:00,2018,272,48,False,False,False,Barbeque Nation,4,Seafood,"['barbeque', 'feedback', 'personally']"
Absolute Sizzlers,Aditya,its a decent place with decent food and average service pricing is excellent and value for money is amazing please improve on your ambience and service and this place will be excellent verdict good place to eat,4,"17 Reviews , 4 Followers",2019-03-06 08:07:00,2019,210,37,False,False,False,Absolute Sizzlers,4,General,"['excellent', 'decent', 'pricing']"
Club Rogue,Santosh Kumar Kabra,recently been to this place good food and economically priced service was also good most disappointing part is their crowd management when they have a board outside only couples after 700pm and then u see 60 percent dance floor is full with stags no bouncers to check what is going on floor stags misbehaving with girls trying to feel them smoking on floor no one is there to look around just for their business they r letting everyone in i will never visit this place with my wifelady friend as there is no security for them one should enjoy the party but with some limits the management should look into this aspect and try to sort it out or else the place will become like its name a rouge place lot of cheap crowd on saturday night better to avoid,2,"1 Review , 22 Followers",2019-04-15 13:47:00,2019,751,140,False,False,False,Club Rogue,2,General,"['floor', 'management', 'look']"
Behrouz Biryani,Rijithka,ordered for zakheedar paneer and got chicken biriyani with the label of veg this is not acceptable at all this is not the first time this is happening with behrouz,1,2 Reviews,2019-03-01 22:41:00,2019,163,30,False,False,False,Behrouz Biryani,1,Indian,"['happening', 'biriyani', 'paneer']"
AB's - Absolute Barbecues,Pradeep Vetapalem,very excellent food and nice place to have dinner situ and shantanu helped well to choose best dishes and attended very politely prawns is a must try,5,"2 Reviews , 25 Followers",2019-05-18 23:21:00,2019,149,27,False,False,False,AB's - Absolute Barbecues,5,Steakhouse,"['helped', 'choose', 'prawns']"
Green Bawarchi Restaurant,Syed Abdullatif,biryani was good taste but the motton pcs were less mostly bone may be next time get betterchicken tandoori was excellent and can order again,1,2 Reviews,2018-11-24 19:25:00,2018,141,25,False,False,False,Green Bawarchi Restaurant,1,Indian,"['tandoori', 'excellent', 'biryani']"
Owm Nom Nom,Sujana Velicheti,today i have received worst biryani getting some smell previously i have ordered so many times then it was good today i dont know what happened,1,"1 Review , 9 Followers",2019-04-11 21:40:00,2019,143,26,False,False,False,Owm Nom Nom,1,Indian,"['today', 'happened', 'smell']"
Over The Moon Brew Company,Kiran,was very pleased and surprised how lovely the place was and delicious food 1010 mr deepak welcomed us with big smile and made our evening very pleasant and memorable i recommend this place 100 worth every penny kavitakiran,5,2 Reviews,2019-05-19 19:57:00,2019,222,38,False,False,False,Over The Moon Brew Company,5,General,"['surprised', 'pleasant', 'mr']"
"3B's - Buddies, Bar & Barbecue",Etz Sai Prasad,this place loved with the food and the staff over here fully satisfied place govind named one of the person over there of 3bs is reallly a kind person thanks suraj and shivam thanks 3bs,5,"2 Reviews , 51 Followers",2019-04-16 20:24:00,2019,185,35,False,False,False,"3B's - Buddies, Bar & Barbecue",5,Steakhouse,"['person', 'thanks', 'fully']"
B-Dubs,Avyank,great staff bharathi has given her best in her service good food and great service kudos to the management and staff i would recommend it to friends and family,5,1 Review,2019-05-12 15:12:00,2019,159,29,False,False,False,B-Dubs,5,General,"['kudos', 'staff', 'great']"
Behrouz Biryani,Kattarajeswari,the best biryani place if you are nearby around you can have a look at this place this is place best biryani all the biryani tests very good they have the old mughals spices which tastes sop unique and very good its mouth watering biryani,5,"3 Reviews , 1 Follower",2018-12-13 20:36:00,2018,238,45,False,False,False,Behrouz Biryani,5,Indian,"['biryani', 'nearby', 'watering']"
Tiki Shack,Prithvikvn20,everything about this place sound good with great ambiance and decent food and drink options i would recommend this place only if you are going as a couple or girls they have a huge gender discrimination for guys as they need to pay higher cover charges on weekends than the bill they would sum up world and tikki shack will be a better place if they stop discriminations and spread equality,2,3 Reviews,2019-05-18 23:14:00,2019,391,71,False,False,False,Tiki Shack,2,General,"['stop', 'world', 'higher']"
Al Saba Restaurant,SONIYA SINHA,the place should be visited when only having good biryani is your priority and not the ambiance hospitality or hygiene we visited the place with office colleagues for lunch the food tastes average other than the biryani which is simply awesome we ordered tandoori chicken chicken hariyali kabab adarika chicken tikka chicken mutton biryani double ka meetha had sweet paan in the end,3,"90 Reviews , 118 Followers",2017-10-06 11:02:00,2017,382,63,False,False,False,Al Saba Restaurant,3,Indian,"['chicken', 'biryani', 'visited']"
AB's - Absolute Barbecues,Harish,excellent food and excellent service by bahadur rahamat and surjeet we are fully happy to there service also again visit soon love abs,5,"1 Review , 2 Followers",2019-05-14 13:34:00,2019,134,23,False,False,False,AB's - Absolute Barbecues,5,Steakhouse,"['excellent', 'fully', 'soon']"
Mustang Terrace Lounge,Koundinya Bhogaraju,awesome rooftop place to hangout dance floor and dj are cool service is the best the way they welcome you take care of your order is just extraordinary yes i am a regular here and almost made friends if you are looking for a crazy dance party you can have an inside table and if you are on a date rooftop is your place the location attracts the best crowd in the town visit on a saturday and thank me later,5,"3 Reviews , 10 Followers",2019-02-16 22:40:00,2019,406,81,False,False,False,Mustang Terrace Lounge,5,General,"['rooftop', 'dance', 'crazy']"
Amul,Saurabh,amul icecream tastes best ive tasted many flavours from the menu delivery is also cool with the dry ice covers the icecream i must recommend to try all the flavours they have from budget to premium ice cream,4,"8 Reviews , 1 Follower",2019-01-01 14:07:00,2019,207,38,False,False,False,Amul,4,Dessert,"['icecream', 'flavours', 'ice']"
The Tilt Bar Republic,Dinesh Naidu,looking for a cool bar close to work this is the place went during the ipl season with big screen streaming it live they have nice collection of beers to try out overall 45 food 355 ambience 45,4,"20 Reviews , 10 Followers",2019-04-28 21:54:00,2019,193,38,False,False,False,The Tilt Bar Republic,4,Bar,"['45', 'ipl', 'beers']"
Zing's Northeast Kitchen,Subhobroto Mukherjee,service was too slow due to lack of staff ac was not on hence we were sweating inside as it was conjusted had high hopes of having our fav dishes ie chicken momo dotsol bibimbap but none was available and the items which we ordered were undercooked ie lemongrass chicken garlic prawn,1,"7 Reviews , 3 Followers",2019-03-03 01:35:00,2019,283,52,False,False,False,Zing's Northeast Kitchen,1,General,"['fav', 'prawn', 'ac']"
Hyper Local,Antony Peter,man this place hyperlocal is one of the go to places when you have no plans but wanna go to some place to chill eat and drink the food is served in matte black plates which is my favourite part we tried almost everything on the menu perks of zomato gold and nothing really was a disappointment the place looks amazing and has a cost feel they have a setup on the balcony from where the view is just amazing,4,"7 Reviews , 1 Follower",2019-05-25 13:03:00,2019,406,80,False,False,False,Hyper Local,4,General,"['amazing', 'setup', 'man']"
Hyper Local,Sanjeeth Kathuri,good place to hangout and party place is for party lovers can enjoy good food watch ipl and music staff is polite zomato gold is accepted,4,"13 Reviews , 9 Followers",2019-05-06 15:06:00,2019,137,26,False,False,False,Hyper Local,4,General,"['party', 'ipl', 'lovers']"
Zing's Northeast Kitchen,Piyali Ghosh,had heard about this place from a colleague of mine post which i decided to try it myself a quaint little place opposite sln terminus this joint serves authentic tibetan cuisine and is a pork and beef lovers delight we had ordered minty cucumber in mocktails a korean appetizer tangsuyuk kalbi bokum smoked pork fried with bamboo shoots and teriyaki chicken all the dishes tasted good the teriyaki chicken was too sweet though would love to visit again and try out their other delicacies,5,"24 Reviews , 16 Followers",2019-04-06 13:07:00,2019,487,84,False,False,False,Zing's Northeast Kitchen,5,General,"['pork', 'beef', 'terminus']"
Urban Asia - Kitchen & Bar,Apoorva Idya,the food was not made well and the service needs a lot of improvement the pad thai was too sticky and the thai green curry was very watery they didnot have ice to make drinks and we were kept waiting for a very long time for the bill the outlet needs better management unhappy with my visit here,1,"9 Reviews , 2 Followers",2019-03-22 14:43:00,2019,295,58,False,False,False,Urban Asia - Kitchen & Bar,1,Indian,"['thai', 'needs', 'improvement']"
The Indi Grill,Anish Lakkaraju,razas service is amazing would surely suggest this place receiving was pretty good and the mushroom pops are a must try along with the welcome drink,5,"1 Review , 1 Follower",2019-04-23 14:30:00,2019,148,26,False,False,False,The Indi Grill,5,Steakhouse,"['welcome', 'surely', 'mushroom']"
Komatose - Holiday Inn Express & Suites,Jasmin,lovely drinks with tastefully done interiors and a garden sitout outside makes it our go to place on weekends we had the ginger fish and spread my fish and both were made well,4,"120 Reviews , 562 Followers",2018-12-24 11:55:00,2018,175,33,False,False,False,Komatose - Holiday Inn Express & Suites,4,Seafood,"['fish', 'ginger', 'interiors']"
Squeeze @ The Lime,Pakka-veg Man!,very spicy and vada is uncooked disappointing,2,"4 Reviews , 12 Followers",2018-06-28 11:20:00,2018,45,7,False,False,False,Squeeze @ The Lime,2,General,"['disappointing', 'spicy', 'friendly']"
Hyderabad Chefs,Sneha Paul,decent place near dlf their fry piece chicken biryani is my favourite since i prefer small chunks of chicken in my biryani as compared to one large piece,3,"12 Reviews , 15 Followers",2018-08-16 20:38:00,2018,153,28,False,False,False,Hyderabad Chefs,3,Indian,"['piece', 'biryani', 'dlf']"
Frio Bistro,Aviral Singh,we ordered spinach and cheese cream ravioli and spicy tomoto pastas spinach and cheese cream ravioli was delicious but i expected it to be white sause pasta and it was red sauce pasta pit master oizza was good cheese lovers was not so good it was thin crust and taste was awfuloverall it was overpriced and taste was not very great but ok ok,3,"20 Reviews , 4 Followers",2018-10-31 22:29:00,2018,341,64,False,False,False,Frio Bistro,3,Italian,"['cheese', 'spinach', 'pasta']"
The Chocolate Room,Anusmita Das,im totally maaaad about chocolates so when i came across something named chocolate room you could imagine my happiness as expected i was so confused about what to order because everything on the menu looked delish i ended up ordering a choco crunch mocha the ambience was so cool for hangouts and the service was good too the prices were reasonable id love to go back there pretty soon,5,"10 Reviews , 3 Followers",2018-07-25 16:23:00,2018,385,69,False,False,False,The Chocolate Room,5,General,"['choco', 'id', 'ended']"
Royal Spicy Restaurant,Himaraj Hima,didnt reach expectationsworst taste thrown into dustbin,1,1 Review,2018-07-23 20:34:00,2018,55,7,False,False,False,Royal Spicy Restaurant,1,General,"['didnt', 'taste', 'ginger']"
Chinese Pavilion,Aishvarya Reddy,i have been to this place on a sunday with my friends thinking i can have a good meal and spend time with friends but the moment i arrived there it was around 215pm and the manager there started nagging saying that the kitchen is going to close in next 10 minutes can you please place the order this continued even after we placed the main course around 230 pm too the food tasted good but the nagging was annoying,1,"4 Reviews , 38 Followers",2018-01-19 08:04:00,2018,414,80,False,False,False,Chinese Pavilion,1,Chinese,"['friends', 'arrived', 'pm']"
Mazzo - Marriott Executive Apartments,Sumedha,gopal singh was very polite and friendlythe place is really very good can enjoyed alot leisuring with family food is tasty too though only limited vegetarian options,4,"3 Reviews , 2 Followers",2019-04-18 22:04:00,2019,165,27,False,False,False,Mazzo - Marriott Executive Apartments,4,General,"['limited', 'vegetarian', 'enjoyed']"
Beyond Flavours,Kailash Sain,i really enjoyed the follows the entrance the music lighting seating arrangement decorations everything is just awsome the food and the best service enhance the flavour of the restaurant i realy recommend this restaurant,5,1 Review,2019-05-03 20:10:00,2019,220,34,False,False,False,Beyond Flavours,5,General,"['restaurant', 'arrangement', 'lighting']"
Pista House,Akhil Mahajan,this review is for delivery we ordered a half kg butterscotch cake it was really really great in taste the texture of the cake with perfect amount of butterscotch made it more special edited review we finally went to the outlet as soon as we entered the food fragrance got us we ordered some snavks and they were good,4,"136 Reviews , 325 Followers",2018-12-04 13:59:00,2018,317,59,False,False,False,Pista House,4,Dessert,"['review', 'cake', 'texture']"
Domino's Pizza,Vaibhav Singh,worst experience at dominos no air conditioner at the store is working out of 5 it was too hot no one cared about it it took too long to get the tables cleaned,1,"2 Reviews , 45 Followers",2019-05-12 20:42:00,2019,159,33,False,False,False,Domino's Pizza,1,Italian,"['store', 'air', 'working']"
The Indi Grill,Harpreet Singh Sidhu,delicious food and service awsome the name of employee who give service me raja sahil subandhu and mudasir and cheif name bhatt he preapred very nicely food and tasty foodill back soon again this restaurant thank u guys,5,"2 Reviews , 4 Followers",2019-05-21 22:46:00,2019,219,38,False,False,False,The Indi Grill,5,Steakhouse,"['nicely', 'soon', 'thank']"
Karachi Cafe,Palak Kashyap,love the ambience has a rustic feel to it i recommend the chai and their baked goods the service is good and everything is reasonably priced,5,"93 Reviews , 1607 Followers",2019-02-24 21:23:00,2019,140,26,False,False,False,Karachi Cafe,5,Cafe,"['chai', 'baked', 'priced']"
The Lal Street - Bar Exchange,Rupam Das,the rooftop of the place is quite good but only drawback is that the place is small thus it was overcrowded and there was little place to move,3,"13 Reviews , 1 Follower",2019-04-28 19:11:00,2019,142,28,False,False,False,The Lal Street - Bar Exchange,3,Bar,"['place', 'rooftop', 'small']"
Sardarji's Chaats & More,Narasimha Sahu,i order a veg biryani it was cold when it reached me the taste was just bland and they had 14th of the biryani filled with half cooked beans even the cauliflower was not cooked properly they should just remove the biryani from their menu forever,1,"6 Reviews , 44 Followers",2018-10-02 16:08:00,2018,245,46,False,False,False,Sardarji's Chaats & More,1,Indian,"['biryani', 'cooked', 'just']"
Shanghai Chef 2,Anurag Reddy,good food nice ambience friendly staff order time is more platters are good desserts and mocktails are overpriced for their quality and quantity,5,1 Review,2018-07-15 15:08:00,2018,144,23,False,False,False,Shanghai Chef 2,5,Dessert,"['overpriced', 'mocktails', 'desserts']"
Deli 9 Bistro,Satwinder Singh,nice ambience wonderful service but not so wonderful food ordered the thai green curry was just a watery mess probably the worst ever had kung pao chicken was overly sweet the noodles were just tossed around in a few eggs and probably 2 pieces of chicken the rice was very dry giving us an overall average experience,2,"186 Reviews , 13410 Followers",2019-02-10 12:46:00,2019,316,57,False,False,False,Deli 9 Bistro,2,Chinese,"['probably', 'wonderful', 'kung']"
Olive Garden,Shravya Gunipudi,good food great service lovely ambience especially the lighting the staff is courteous too overall a great experience if you want a decent meal at a really affordable rate then do visit olive garden for sure,4,"193 Reviews , 1273 Followers",2018-08-20 22:52:00,2018,207,36,False,False,False,Olive Garden,4,General,"['lighting', 'affordable', 'great']"
Labonel,Raksha,absolutely loved the brownies from here its a treat to the taste buds and so so so good moist soft and just perfectly made its sure to lift your spirits anytime,5,"13 Reviews , 9 Followers",2018-08-07 11:04:00,2018,160,31,False,False,False,Labonel,5,General,"['brownies', 'buds', 'perfectly']"
Flechazo,Khushboo Birla,i just loved this place service is too goodi was served by sabir who was so good for his service fully satisfied with food and service,5,1 Review,2019-04-22 22:29:00,2019,134,26,False,False,False,Flechazo,5,General,"['service', 'fully', 'satisfied']"
Frio Bistro,Arunraj R,multiple bad experiences now food was bad waiter was impolitewhile leaving my car today got stuck in parking frio manager was outside and pretended to not hear me honking,1,"10 Reviews , 64 Followers",2019-05-11 22:09:00,2019,170,29,False,False,False,Frio Bistro,1,General,"['bad', 'parking', 'waiter']"
Dunkin' Donuts,Suraj Ram,to satisfy my donut craving stopped at this place ordered some donuts and hazelnut iced coffee id give a 5 for the donuts as they were delicious but the hazelnut iced coffee was bad it was very diluted and tasted almost like flavored water i love their donuts but drinks should be made properly too please look towards it,3,"56 Reviews , 116 Followers",2018-09-22 23:27:00,2018,321,59,False,False,False,Dunkin' Donuts,3,Cafe,"['donuts', 'coffee', 'id']"
SKYHY,Vicky Rockzz,worst place went soo far dont believe in pictures quality of food is worst dj was very very very bad disgusting place seen in zomato impressed with pictures but came to a worst place,1,"3 Reviews , 28 Followers",2018-12-23 00:59:00,2018,182,34,False,False,False,SKYHY,1,General,"['pictures', 'worst', 'soo']"
Mohammedia Shawarma,Vipul Bhatnagar,worst shawarma ever ordered three times from here and every single time i got yukkiest shawarma ever no mayonnaise chicken smelling like hell and uncooked rumali roti never going to eat at this place,1,1 Review,2019-01-29 03:37:00,2019,199,34,False,False,False,Mohammedia Shawarma,1,General,"['shawarma', 'hell', 'rumali']"
Cascade - Radisson Hyderabad Hitec City,Ram Raju,scrumptious buffet which reached my expectations i can just say that best place to have a proper buffet with all the items good for both veg and non veg items great service pleased with their service ambience is simply cool,4,"30 Reviews , 101 Followers",2017-04-08 13:59:00,2017,223,40,False,False,False,Cascade - Radisson Hyderabad Hitec City,4,General,"['buffet', 'items', 'veg']"
Jonathan's Kitchen - Holiday Inn Express & Suites,Aishwarya Gupta,here you can have a fine dining experience the food is top notch and the plating is pleasing there are a lot of options for venonveg in buffet menu i order sushi and opted for buffet instead of alacarte if you have an appetite for good taste this place is a must visit the ambience is also rich ps the sushi is a must try,5,"27 Reviews , 81 Followers",2019-02-23 04:02:00,2019,321,65,False,False,False,Jonathan's Kitchen - Holiday Inn Express & Suites,5,Japanese,"['sushi', 'buffet', 'ps']"
Olive Garden,Vivek,an under rated restaurant ive been to this place quite a few times for dinner and always had a good experience it doesnt have the greatest of ambience but high marks for the food would recommend broccoli corn nuggets crispy vegetables veg manchurian dry and all the fried rice varieties,4,"11 Reviews , 11 Followers",2018-08-18 23:05:00,2018,286,50,False,False,False,Olive Garden,4,General,"['rated', 'broccoli', 'manchurian']"
Absolute Sizzlers,Arianking2756,not worth visiting waited for a very long time about half an hour people who know what a sizzler is will not like it for sure i think restaurant name should be changed as they have buffet and other indian food in the menu,2,"4 Reviews , 1 Follower",2019-03-24 10:39:00,2019,221,44,False,False,False,Absolute Sizzlers,2,Indian,"['waited', 'sizzler', 'hour']"
Driven Cafe,Bhavya Tyagi,one of the best cafes i have been to hood ambience and good food what adds to the feel are the bikes n cars lovely to see everything at a single place staff are courteous coffee is good really loved the red sause pasta,4,"46 Reviews , 74 Followers",2018-04-28 09:47:00,2018,218,44,False,False,False,Driven Cafe,4,Italian,"['cars', 'single', 'red']"
Cafe Eclat,Hasanthi Mula,as i entered i feel in love with the ambience small but very well maintained place service was quick and the food tasted average but felt overall it is overpriced as the food is offered in less quantity,3,"31 Reviews , 5879 Followers",2018-06-10 14:05:00,2018,202,38,False,False,False,Cafe Eclat,3,Cafe,"['maintained', 'overpriced', 'offered']"
The Glass Onion,Raashi Jain,glass onion is without doubt one of the places to eat at not only is the food amazing but the ambience is superb too friendly staff and good service check out the page stash on instagram for a detailed description,5,"5 Reviews , 16 Followers",2019-03-21 18:12:00,2019,213,40,False,False,False,The Glass Onion,5,General,"['instagram', 'doubt', 'glass']"
Momos Delight,Brotati Haldar,excellent momosordered kurkure momo and steamed chicken momothey are just fabulouswould like to order next timelovely food,5,"2 Reviews , 13 Followers",2018-09-08 20:42:00,2018,122,17,False,False,False,Momos Delight,5,General,"['steamed', 'excellent', 'order']"
Delhi-39,Ravi Teja,i dont understand why do restaurants like these exist too when they are not interested in doing business the service is pathetic and their food is horrible i definitely feel zomato should do some quality check before approving restaurants like these,1,1 Review,2018-05-14 14:54:00,2018,249,41,False,False,False,Delhi-39,1,General,"['restaurants', 'like', 'understand']"
Feast - Sheraton Hyderabad Hotel,Bhaskar Rao,have been here for the last two days and one more to gohonestly is feeling of home away from homethe personalised attention and warmth extended by the staff is amazinglike to specifically mention subhajit maity in the feast who has been a treat to be withlovely human and professional,5,"2 Reviews , 370 Followers",2019-02-26 10:11:00,2019,284,49,False,False,False,Feast - Sheraton Hyderabad Hotel,5,General,"['attention', 'professional', 'feeling']"
Komatose - Holiday Inn Express & Suites,Anish Patwardhan,i was staying at holiday inn for one month so this is the place where i had my first party in hyderabad so this place will remain always special to me also we had many team parties over here they have drunch on saturday and sunday its like unlimited drinks and starters also on weekdays they have karaoke and live music one of the good party place in gacchibowli they even have outside seating area overall a perfect party place,4,"32 Reviews , 143 Followers",2018-11-30 20:32:00,2018,428,80,False,False,False,Komatose - Holiday Inn Express & Suites,4,General,"['party', 'place', 'parties']"
Arena Eleven,Jayesh Agarwal,a great place to hangout if you are a sportslover their cocktails are amazing and specially try godfather shot gaint screens and good food will keep i engaged throughtout the evening a must place to visit,5,1 Review,2019-04-15 14:13:00,2019,204,36,False,False,False,Arena Eleven,5,General,"['cocktails', 'specially', 'evening']"
Cascade - Radisson Hyderabad Hitec City,Abhinaya Talasila,been here for a breakfast buffet theyve a widespread of north indian and south indian varieties everything on the spread tasted good 4 varieties of fresh juices are served worth the amount paid i must say,5,"23 Reviews , 68 Followers",2018-10-19 19:33:00,2018,204,36,False,False,False,Cascade - Radisson Hyderabad Hitec City,5,Indian,"['varieties', 'indian', 'paid']"
Yum Yum Tree - The Arabian Food Court,Madhav Pachikori,best mandi i have ever had well served food good cooking that it feels very light even if you eat a whole medium mandi ambiance is not bad,4,"8 Reviews , 16 Followers",2018-09-30 00:42:00,2018,138,28,False,False,False,Yum Yum Tree - The Arabian Food Court,4,General,"['mandi', 'medium', 'light']"
T Grill,Thanoj Katepally,yesterday we had lunch at tgrill we ordered chicken wings and panner kabab chicken wings were good and panner kabab was just okay naan and panner butter masala is good we ordered chicken biryani and it was substandard and we are disappointed ambience is good for night dinner,2,"21 Reviews , 19 Followers",2018-01-20 20:34:00,2018,275,48,False,False,False,T Grill,2,Indian,"['panner', 'kabab', 'wings']"
Chinese Pavilion,Alisha,feel good place to dine with your family and friends along with having amazing chinese food and desserts especially cheesecake sophisticated ambience very polite staff great place for chinese food lovers elegant decor,5,"20 Reviews , 21 Followers",2019-02-28 23:55:00,2019,217,33,False,False,False,Chinese Pavilion,5,Chinese,"['chinese', 'cheesecake', 'decor']"
The Lal Street - Bar Exchange,Sriram Arumilli,the pricing here will be an interesting one to see the higher the drinks get sold the more the price is ambience looks decent and the dance floor is big starters menu is good we had cheese balls and chicken started the pricing seems to be expensive on starters compared to other similar restaurants,4,"17 Reviews , 5 Followers",2019-03-10 17:07:00,2019,298,54,False,False,False,The Lal Street - Bar Exchange,4,Bar,"['pricing', 'starters', 'similar']"
Mathura Vilas,Hitesh Dutt,went there around 1045pm was really hungry had heard a lot about this place food was not good at all rotis tandoori could easily be confused with papad both were so thin and cold sabzi was cold and seems like they didnt care about customer even at that time when we were the only table operating there was so much delay for someone to attend our table not visiting this place ever again,1,2 Reviews,2018-11-18 13:01:00,2018,386,73,False,False,False,Mathura Vilas,1,Indian,"['cold', 'table', 'easily']"
Zing's Northeast Kitchen,Kunal Dutta,very authentic food different from what you get elsewhere in hyderabad their dumplings pork ribs beef fry everything was awesome great job,5,"4 Reviews , 5 Followers",2019-05-05 13:47:00,2019,138,22,False,False,False,Zing's Northeast Kitchen,5,General,"['beef', 'ribs', 'job']"
Mathura Vilas,Avijnath G,apparently on holidayshalf their staff too goes on a holiday the service was horrible took them 10 minutes to clean our table and another 10 minutes to serve us water if this wasnt frustrating enough they took 30 minutes more to get us undercooked food and some of the dishes in the thali were cold,1,"6 Reviews , 2 Followers",2018-11-23 15:52:00,2018,298,55,False,False,False,Mathura Vilas,1,General,"['minutes', '10', 'took']"
Royal Spicy Restaurant,Mahesh,deliver got very soon and biryani was goodi have ordered kaju biryani here with in 25 minutes i have got delivered to my location and zomato user interface was awesome loved it,5,"1 Review , 4 Followers",2018-10-09 03:55:00,2018,176,32,False,False,False,Royal Spicy Restaurant,5,Indian,"['got', 'biryani', 'kaju']"
Yum Yum Tree - The Arabian Food Court,Rajasekhar,worst wrong food is delivered response is also not good,1,"2 Reviews , 3 Followers",2018-08-05 22:12:00,2018,55,10,False,False,False,Yum Yum Tree - The Arabian Food Court,1,General,"['response', 'wrong', 'delivered']"
Frio Bistro,Alok Kaul,great service especially the barman he took care of the kids and their needs small gestures go a long way i would strongly recommend this restaurant thank you frio,4,"7 Reviews , 206 Followers",2018-10-14 10:54:00,2018,163,29,False,False,False,Frio Bistro,4,Bar,"['kids', 'needs', 'care']"
Karachi Bakery,Saleem,excelent man with good manners,5,0 Reviews,2018-07-26 18:20:00,2018,30,5,False,False,False,Karachi Bakery,5,Dessert,"['man', 'good', 'ginger']"
Tiki Shack,Rahulinder Singh,very bad behaviour of the staff no one took the order for 45 minutes when we asked the staff they were pointing at each other saying he will take order when we called the manager he was unnecessarily defending the staff saying they thought that table is for 4 other people must be joining sheer waste of time,1,"1 Review , 7 Followers",2019-03-15 21:28:00,2019,308,58,False,False,False,Tiki Shack,1,General,"['saying', 'staff', 'order']"
Frio Bistro,Bhargavi Neti,a nice place for a date went there on a sunday afternoon service was fast we had 1 ceasar salad which was good 2 spinach and cream cheese ravioli which was okay,5,"16 Reviews , 8 Followers",2018-10-11 12:33:00,2018,160,32,False,False,False,Frio Bistro,5,General,"['spinach', 'afternoon', 'date']"
SKYHY,Hyderabad Food,lovely food lovely drinks withs make silu please dont forget to visit this place if u re in gachibowli for the most happening nigh this please will never disappoints you,5,"2 Reviews , 5 Followers",2018-10-26 01:40:00,2018,169,30,False,False,False,SKYHY,5,General,"['lovely', 'happening', 'forget']"
Frio Bistro,Tejaswini Sharma,well if atall i am in gachibowli area in lunch times or dinner timesmy mind like a magnet asks me to get into this cozy bistro each thin slices of pizza wid toppings of olive oil and chilli flakes is all you need for your mid day motivation have been to this place couple of times and everytime tried something new in veg but pizza has been a constant one the spanish rice too has a very authentic taste and was in competition to the pizza to give ultimate pleasure to tell taste buds these two dishes have been my favorite and most recommend tough have tried other dishes as well a friendly staff and zomato gold is a value addition to this place review2 my regular visits to this place made me increase the rating from 4 to 5 i have been to pizza events where the restaurants where claiming that its the best pizza in town or money back tough i did claim the money back as i feel the best pizza in town is what you get here zomato gold is always an add on benifit every time i go to this placei come out happy tummy n happy soul,5,"43 Reviews , 42 Followers",2019-01-07 20:07:00,2019,1030,203,False,False,False,Frio Bistro,5,Italian,"['pizza', 'town', 'gold']"
The Glass Onion,Sawan Suman,visited the place on a saturday we had reservations made for 8pm and reached at around 820pm only to receive a disapproving look by the lady and were told that it is difficult to hold a table this long the entrance gave a deserted look and we were thinking why is this female so arrogant thereafter we got to know the real story as we moved towards the seating area the place was well lit with a posh ambience perfect seating and tranquil yet charming environment really loved the idea of the hanging plants amidst the lights we ordered lotus stem galauti kebab kung paw chicken teriyaki mushroom the starters were delicious especially the chicken beware of the cocktail as you might be in for some surprises ordered stir fried udon noodles for main course although a bit oily it was tasty full of vegetables the dark brownie ordered as desert was mouth watering the taste lingers the staff is courteous and the vallet very kind and amazing person all in all a good experience,4,"12 Reviews , 7 Followers",2019-04-15 02:03:00,2019,976,175,False,False,False,The Glass Onion,4,Chinese,"['look', 'seating', 'ordered']"
Paradise,Parth Dhabalia,awesome food but services degraded compared to last year will come next time for sure but expecting thing better than this thank you,5,"1 Review , 7 Followers",2019-05-17 21:11:00,2019,132,23,False,False,False,Paradise,5,General,"['year', 'expecting', 'services']"
Jonathan's Kitchen - Holiday Inn Express & Suites,Francissalethu,the place has a nice vibe and the dishes are really tasty and they have a lot of options in buffet very nice ambience and polite waiters the place little pricey but good to go with family,4,"4 Reviews , 5 Followers",2019-04-03 11:09:00,2019,187,37,False,False,False,Jonathan's Kitchen - Holiday Inn Express & Suites,4,General,"['nice', 'waiters', 'polite']"
SKYHY,Nikhita,i had been to this place last weekend with family i must say the service is excellent coming to the ambience the dance floor and the area beside that looks great but the rooftop wasnt that interesting 1 less star only for that but other than that the food was good but not that great we ordered 1 budweiser 3 2 virgin mojito 2 it was soooooo good 3 chicken tikka could have cooked more 4 crispy chicken asian style 5 dragon chicken 6 chicken pulao same as biryani nothing great overall i feel a little more work to be put into deco on the rooftop a little on food but a good open air experience best if you come as a couple the dance floor will be open to you,3,"95 Reviews , 497 Followers",2019-02-28 21:12:00,2019,659,131,False,False,False,SKYHY,3,Indian,"['rooftop', 'chicken', 'open']"
Green Bawarchi Restaurant,Hari Hara Sundaram,very nice mandi all mandi r best but service for briyani section is not good quantity for the price is best pieces in mandi r best go with friend to eat mandi,3,"3 Reviews , 3 Followers",2019-02-17 20:10:00,2019,158,32,False,False,False,Green Bawarchi Restaurant,3,General,"['mandi', 'best', 'section']"
Tiki Shack,Brunda,yes tiki shack my most loving pub in the city been visitied this place multiple times never ever got disappointed with this place ambiance food and the service special thanks to u buddy deepak,5,"1 Review , 1 Follower",2019-04-29 22:31:00,2019,192,34,False,False,False,Tiki Shack,5,Bar,"['pub', 'yes', 'multiple']"
KFC,Sahithi,we have got wrong order,1,"2 Reviews , 2 Followers",2019-02-08 18:04:00,2019,23,5,False,False,False,KFC,1,General,"['wrong', 'got', 'order']"
Cafe Eclat,Minocher Hansotia,great selection of freshly made breads macaroons were well made breakfast here is a welcome change and worth the experience found all the items that i had were really good and freshstaff are very helpful and courteous they know what goes into making quality bakery stuff and stick to it,5,"6 Reviews , 44 Followers",2019-05-18 06:11:00,2019,286,50,False,False,False,Cafe Eclat,5,Cafe,"['selection', 'breads', 'goes']"
Shah Ghouse Spl Shawarma,Shaik Mujahid Dadapeer,the dry fruit shawarma is awesome and every time ive ordered two for my self and ive finished as well the only hotel i love in entire hyderabad is shah ghouse,5,"2 Reviews , 3 Followers",2019-04-10 13:15:00,2019,158,31,False,False,False,Shah Ghouse Spl Shawarma,5,General,"['ive', 'ghouse', 'shah']"
eat.fit,Avinash Agarwal,an easy choice everyday among so many others for dinner not only is the food tasty hygienic and healthy their services discounts and the entire cure fit package is just amazing and a well deserved hype success,5,"6 Reviews , 4 Followers",2019-03-30 22:05:00,2019,209,37,False,False,False,eat.fit,5,General,"['package', 'easy', 'healthy']"
Frio Bistro,Arun,food is okaybut the behaviour of staff is unwelcoming really need to learn how to speak to your guestswhen guests ask anything you need to answer patiently,3,1 Review,2019-04-30 21:41:00,2019,155,27,False,False,False,Frio Bistro,3,General,"['need', 'guests', 'behaviour']"
The Foodie Monster Kitchen,Saurabh Potdar,the food was cold could have been better if it was hot,3,"5 Reviews , 160 Followers",2018-07-23 20:15:00,2018,54,12,False,False,False,The Foodie Monster Kitchen,3,General,"['cold', 'hot', 'better']"
The Foodie Monster Kitchen,Suhani Bhasin,the restaurant didnt follow the special instructions mentioned,3,"5 Reviews , 34 Followers",2018-07-03 17:30:00,2018,62,8,False,False,False,The Foodie Monster Kitchen,3,General,"['follow', 'mentioned', 'special']"
Tempteys,Ankit,i had ordered choco brownie shake and it was delicious the quantity and packaging were great and delivery was prompt as well gelato base goes well with the thickshakes,4,"93 Reviews , 241 Followers",2018-10-06 23:19:00,2018,167,29,False,False,False,Tempteys,4,General,"['choco', 'goes', 'shake']"
Collage - Hyatt Hyderabad Gachibowli,Jyoti Pandey,visited this place a couple of times ive experienced great service and quality however i felt theyve less options in buffet when compared to other restaurants overall a good experience,3,"13 Reviews , 17 Followers",2018-06-19 15:24:00,2018,184,30,False,False,False,Collage - Hyatt Hyderabad Gachibowli,3,General,"['compared', 'couple', 'restaurants']"
The Fisherman's Wharf,Surya Sharma,i went to this place with 7 friends the ambience is really nice the staff are polite n friendly we had good time here food is really nice,5,"2 Reviews , 10 Followers",2019-03-17 04:02:00,2019,137,28,False,False,False,The Fisherman's Wharf,5,Seafood,"['nice', 'really', 'polite']"
Karachi Cafe,Ahmedconstruction2017,an amazing cafe by karachi bakers each and every corner was used in a much different way a very retro theme was given with all the vintage pieces placed interior was very colorful and the yummiest part was the food i tried the pasta sandwiches which were just mind blowing a must try place,5,"46 Reviews , 720 Followers",2018-08-15 11:05:00,2018,289,54,False,False,False,Karachi Cafe,5,Italian,"['karachi', 'theme', 'placed']"
Cream Stone,Himanshi Mishra,best place for ice cream in the area the ambience is also nice the nutty concepts range of ice cream is a must try the rates are higher but the quality is good,5,"11 Reviews , 13 Followers",2018-12-08 00:44:00,2018,159,33,False,False,False,Cream Stone,5,Dessert,"['ice', 'cream', 'higher']"
Chinese Pavilion,Aditya Goyal,chinese authenticity in budget loved everything about the place staff was courteous food was amazing and authentic must try veg manchurian gravy and bamboo rice haka potato was amazing as a starter,4,"44 Reviews , 210 Followers",2017-01-13 20:10:00,2017,197,32,False,False,False,Chinese Pavilion,4,Chinese,"['amazing', 'bamboo', 'budget']"
American Wild Wings,Anjith Polimat,fantastic taste of american foods and awesome taste of varities we have been visiting last three wothout fail we feel that we have hunger savioris american wild wings,5,1 Review,2019-02-01 04:46:00,2019,166,28,False,False,False,American Wild Wings,5,General,"['american', 'hunger', 'foods']"
The Tilt Bar Republic,Gourav Bhattacharya,it was almost after an decade i landed in hyd and zomato came in rescue for my saturday night i always feel the substance of the place is paramount and tilt bar wont dissapoint you craftb served here is smooth as the breeze and i got so drenched till the closing erdinger beer matched my dna and with amazing pizza and garlic bread spread with cheese ball must for vegetarians lamb served was good and so was chicken i so lived that night at tilts,5,"3 Reviews , 5 Followers",2018-11-04 01:14:00,2018,447,85,False,False,False,The Tilt Bar Republic,5,Italian,"['night', 'served', 'vegetarians']"
Prism Club & Kitchen,T Jyothi,i would say this was one of the best clubs i have visited in india lights music and the over all experience was extravaganza would love to visit this place again soon,5,"1 Review , 1 Follower",2019-01-26 11:27:00,2019,166,32,False,False,False,Prism Club & Kitchen,5,General,"['lights', 'india', 'soon']"
The Lal Street - Bar Exchange,Ishank Kedia,looks interesting at the entrance and has an intriguing ambience the food is good and staff is cooperative but less responsive the seating arrangement is comfortable for a person to relax the paneer kathi roll is a must have,3,"10 Reviews , 3 Followers",2019-03-17 00:34:00,2019,224,39,False,False,False,The Lal Street - Bar Exchange,3,Bar,"['roll', 'arrangement', 'interesting']"
Behrouz Biryani,Aditya Kumar,first impression when i looked at the box i was like awee the food was packed very well and the gulab jamun in the box has truly surprised me i had ordered chicken biryani for lunch this order was a delivery one as im a native from hyd i like the biryani to be having dum and spicy the biryani was less spicey but was good if few more pieces of meat were added it would have been great a bit pricey though i will definitely try the mutton biryani next time,4,"12 Reviews , 2 Followers",2018-11-26 17:27:00,2018,456,92,False,False,False,Behrouz Biryani,4,Indian,"['biryani', 'box', 'surprised']"
The Fisherman's Wharf,Tathagat Verma,the ambiance and setup basically the theme is just superb very cordial staff and efficient too the highlight is of course the food try the fried squid and butter garlic prawns a bit expensive but worth it music is a little over the top and unpleasant at times,4,"196 Reviews , 615 Followers",2019-04-03 02:59:00,2019,259,48,False,False,False,The Fisherman's Wharf,4,Seafood,"['setup', 'theme', 'superb']"
Ulavacharu,Anil Seth,nice and friendly place to be in the ambiance is great and nature colour has been use to make the place nice and appointed i could the service to be very good and friendly we ordered for bamboo chicken and chicken pulav both the dishes were nicely presented spice content was high has always in hydrabad cuisine bamboo chicken was well done with nice aroma and taste pulav was served in nice quantities sufficient for more the one person chicken tender and rice perfect seems will need to pay more visits to try other combinations as a compliment a very nice mysore paak was offered great taste will visit again,3,"55 Reviews , 159 Followers",2019-04-08 13:12:00,2019,611,110,False,False,False,Ulavacharu,3,General,"['nice', 'bamboo', 'pulav']"
The Tilt Bar Republic,Calming Storm,catchy restaurant name and very good ambiance as this place is mainly a bar it is not sensible to comment on the food the spread of the buffet was limited and the taste was good pricing is also decent,3,"161 Reviews , 1783 Followers",2018-12-20 19:07:00,2018,200,39,False,False,False,The Tilt Bar Republic,3,Bar,"['pricing', 'limited', 'bar']"
NorFest - The Dhaba,Mitali Agrawal,i just loved it good food at reasonable price paneer lababdar daal makhni from this place is very good i also tried aloo kulcha and it was also good though the chole served with kulcha need to be improved,4,"19 Reviews , 2 Followers",2019-03-22 13:24:00,2019,204,39,False,False,False,NorFest - The Dhaba,4,General,"['kulcha', 'daal', 'makhni']"
Marsala Food Company,Mohammed Masih Uddin (Hyderabadi Food Therapy),heard alot about their buffets so headed here to have lunch at marsala food company ambience as soon as you enter youll see that they have two seating arrangments one is for people who love to sit down and eat which was used in ancient times another is a normal seating arrangment on a table food soups arabian mutton soup 55 lemon coriander soup 45 starters chicken pahadi kebab 55 paneer pahadi kebab 55 dragon chicken 55 mushroon moti tikka 45 chilli paneer 55 all the starters were absolutely perfect main course grilled fish and mutton juciy mandi 55 grilled chicken mandi 55 few milk shakes were even served to us butter scotch milkshake strawberry delight kitkat milkshake kitkat shake touched me as theyve have added ice cream over it and decorated crisps of kitkat over it deserts gulab jamun 55 qurbani ka meetha 55 kaddu k kheer 55 gajar ka halwa 45 over all the food was good the location to find this restaurant is very easy as its opposite to dlf building staff is very friendly ambience 55 service 55 taste 55 a worth trying place for every person with a group of friends,5,"56 Reviews , 128 Followers",2019-03-22 14:52:00,2019,1086,196,False,False,False,Marsala Food Company,5,Seafood,"['55', '45', 'ka']"
SKYHY,NIHAL VK,very bad management they are a cheat firstly they denied me the 20 flat discount coupon which i had taken from dine out over charged our liquor never going back there ever again,1,3 Reviews,2018-10-04 21:49:00,2018,177,33,False,False,False,SKYHY,1,General,"['discount', '20', 'taken']"
Hyper Local,Rajashekar Ch,shame on the management dont even consider the regular customer benfit please do close it shame on you ppl please dont visit hyper local any time,1,1 Review,2019-05-05 00:38:00,2019,145,26,False,False,False,Hyper Local,1,General,"['dont', 'local', 'close']"
Cafe Eclat,Monika Jaiswal,ordered chocolate croissant for dessert but ut was horrible a cold soggy croissant was delivered which was too low in quality for 200 bucks over priced and over hyped restaurant,2,"33 Reviews , 110 Followers",2018-08-27 12:04:00,2018,177,30,False,False,False,Cafe Eclat,2,Cafe,"['bucks', 'low', 'priced']"
The Fisherman's Wharf,Anuraag715,this is a nice place food and cocktails are great on the expensive side but its worth it for the feel good factor great service by the team and management,4,"2 Reviews , 6 Followers",2019-05-02 19:35:00,2019,154,30,False,False,False,The Fisherman's Wharf,4,Seafood,"['cocktails', 'great', 'management']"
Cafe Eclat,Utkarsh Ranjan,eclat has the best cheesecake in town the blueberry topping on my cake was really fresh and delicious their home baked breads are also a must try,5,"14 Reviews , 62 Followers",2019-04-26 15:41:00,2019,145,27,False,False,False,Cafe Eclat,5,Cafe,"['cheesecake', 'breads', 'baked']"
Paradise,Chaitu Gowd,food quality is goodbut sometakes more time when the food arrivesbut food taste was too goodstaff was goodperfect for family for lunch or dinnerenjoy,4,1 Review,2019-05-25 14:56:00,2019,149,24,False,False,False,Paradise,4,General,"['food', 'family', 'lunch']"
Zega - Sheraton Hyderabad Hotel,Avik Ghosh Gluttonous_Bhukkad,sheraton is a big brand in the hotel industry and famous for its cuisines one of the best place for a fine dine experience the restaurant is of high class with a gigantic bar the seating is decent food menu has limited options yet the flavors are deep rooted order some keema patty keema pao and cheese maggi the menu seems ordinary however the taste is top notch the cold coffee is average and needs some serious work nothing much to say apart from the hospitality of the amazing staff do visit for sharing your experience,4,"72 Reviews , 4249 Followers",2018-08-04 20:55:00,2018,523,96,False,False,False,Zega - Sheraton Hyderabad Hotel,4,Cafe,"['keema', 'menu', 'pao']"
Chinese Pavilion,Kabir Kashyap,i was told by one of my colleague about this place i found it amazing first of all its situated at gachibowli above cafe coffee day the ambience is good but the service quality and quantity of food is amazing we had soup which was good and as a part of starters we had ginger chicken which was really amazing for main course we had hakka noodles with chicken in spicy black bean sauce and mongolian chicken i must say all of them were really amazing and had a great quantity and quality is beyond words then in desert we had chocolate mousse and chocolate volcano with vanilla ice cream mousse was good but the volcano was really really good i would say a must place to go if you are looking for good chinese food and are bored with mainland china,4,"48 Reviews , 111 Followers",2017-03-12 19:34:00,2017,747,142,False,False,False,Chinese Pavilion,4,Chinese,"['amazing', 'really', 'chocolate']"
Shah Ghouse Hotel & Restaurant,DieEating,to sum it up amazingly delicious we ordered the enormous tandoori family platter fresh apollo fish and the massive jumbo pack biryani tandoori family platter hand for scale this beast consist of 5 whole chickens different kebabs boti kebabs and seekh kebabs served with 8 rumali rotis and apollo fish the plate in top middle which is not so small but looks tiny in front of the platter jumbo pack biryani this delicious biryani is the one to die for arguably one of the best hyderabadi biryani it is served with egg curry raita and can easily feed an entire family price tandoori family platter rs 1300 apollo fish rs 240 jumbo pack biryani rs600 food 455 service 45 vfm 475 follow dieeating18 on instagram for more food reviews and offers httpswwwinstagramcomdieeating18,4,"27 Reviews , 42 Followers",2019-03-31 22:30:00,2019,771,132,False,False,False,Shah Ghouse Hotel & Restaurant,4,Indian,"['platter', 'pack', 'kebabs']"
Triptify,Shaily Naik,the parathas actually tastes like an authentic north indian dish not a big fan of spicy food but liked the parathas a lot for ppl like me who prefer low spice food shall make a special mention,4,"83 Reviews , 340 Followers",2019-03-27 16:39:00,2019,192,37,False,False,False,Triptify,4,Indian,"['parathas', 'like', 'low']"
Prism Club & Kitchen,Jai Chandra,we a bunch of dancers visited on a saturday night ambience is lit prawns in non veg platter came here particularly to check the lights huge dance floor dj could have been better,4,"1 Review , 13 Followers",2019-03-04 13:33:00,2019,177,33,False,False,False,Prism Club & Kitchen,4,General,"['lights', 'lit', 'platter']"
Prism Club & Kitchen,Rajan Singh,amazing place with good food music and ambience really good service provided by sarooj and praveen a really nice place to kick start your weekend,4,"1 Review , 32 Followers",2019-04-13 14:17:00,2019,145,25,False,False,False,Prism Club & Kitchen,4,General,"['really', 'start', 'provided']"
Collage - Hyatt Hyderabad Gachibowli,Rahul Khurana,my worst dinner experience ever the buffets spread is the smallest you will find any where only 2 starters biriyani was horrible steamed rice was half cooked the limited options of curry were also unpalatable my friends had chicken and even that was half cooked my money wasted would never think of going there ever,1,"1 Review , 4 Followers",2019-01-22 10:05:00,2019,315,55,False,False,False,Collage - Hyatt Hyderabad Gachibowli,1,Indian,"['half', 'cooked', 'steamed']"
Over The Moon Brew Company,Preetika Mohan,good and fast service yummy food steak is worth it great service by kamal apple cider beer was fabulous overall a great experience worth visiting again,5,"1 Review , 3 Followers",2019-05-16 20:30:00,2019,151,26,False,False,False,Over The Moon Brew Company,5,Steakhouse,"['worth', 'apple', 'great']"
Cream Stone,Pradeep Reddy,i am not happy the way it is managed no proper response from the workers my order was not yet prepared and these people are not ready to replace my 1 order out of 10 items which i have orders these people are not working for customer satisfaction they are working for only money not at all happy this time,1,3 Reviews,2019-01-13 16:49:00,2019,305,60,False,False,False,Cream Stone,1,General,"['working', 'happy', 'people']"
The Old Madras Baking Company,Depankar Dutta,loved the bakery they have bunch of bakery items to try along with pasta pizza sandwiches and soups ambience and delivery time is just apt for an evening hangout place things to try for sure carrot cake victoria cake bagel and cream cheese,4,"6 Reviews , 69 Followers",2018-08-16 11:55:00,2018,239,43,False,False,False,The Old Madras Baking Company,4,Italian,"['bakery', 'cake', 'soups']"
PourHouse7,Surya.nandu.SN,a decent place for party and a cozy climate too veg manchurian was great and chicken kebabs were fine first thing that disappoints me is there is no drought beer and the most annoying thing was the behaviour of the manager akthar there has to be some respect towards the guests and the managers was bossing everyone around im giving this a two star only coz of him else i would have given a 4 maybe if i had the drought beers,2,"42 Reviews , 11 Followers",2019-04-03 03:01:00,2019,425,82,False,False,False,PourHouse7,2,General,"['thing', 'coz', 'guests']"
Zing's Northeast Kitchen,Neha Roy,the food is too good the place is very cosy and will give you a homely vibe people there just welcome you with a big heart and a broad smile im in love with this restaurant,4,"34 Reviews , 152 Followers",2019-05-22 17:37:00,2019,172,36,False,False,False,Zing's Northeast Kitchen,4,General,"['heart', 'welcome', 'im']"
Shanghai Chef 2,Abhishek Gupta,i had visited few among many chinese places in past recently got a chance to visit shaghai chef located at prime location indra nagar welcomed nicely by the staff members i didnt thought much about food in starting as people dont eat chinese daily and i am weak in remembering chinese dishes name i had one thing in my mind shezwan p but as soon as the dinner started i was surprised there is more to it started with tom kha gaigung chicken soup coconut based soup creamy and smooth with spices and topped with red chilli one word fantabulous then the marathon started one after another i was enjoying every bite had few expression changes in between but at end the conclusion amazing dinner strated with starter tai pai chicken dragon prawns pakoda kind tossed to give a spicy flavour i am not a fan of prawns so cant say kung puo chicken was decent phuket fish basha fish kind of crispy from outside soft inside tasted amazing and the dumplings named shu mai open dumplings with minced chicken its not spices but is simply wow go for it tried few mocktails was ok but need some improvement other than that everything was good and then the deserts ice cream on brownie and fried ice cream were something hatke must try in main course we had burmese khow suey noodles mixed with coconut kind gravy not spicy with stuffs to add on liked fried peanut fried onions chillis diff sauces etc and phad thai rice both were also good overall had a good time and dinner the staff members made our food tasting visit more comfortable recommended for good dine in one can go with dishes with must try tag if unable to decide and can consult staff members for know about the dishes,4,"74 Reviews , 1177 Followers",2018-08-27 02:35:00,2018,1668,305,False,False,False,Shanghai Chef 2,4,Chinese,"['members', 'started', 'kind']"
Pakwaan Grand,Jaya Gubrele,worst biryani i have ever tasted experience was not at all good staff is also not so cooperative ambience is also not that good okayish,1,"10 Reviews , 50 Followers",2018-12-30 01:00:00,2018,135,25,False,False,False,Pakwaan Grand,1,Indian,"['okayish', 'worst', 'tasted']"
Labonel,Shrav,the cake i bought started smelling bad the very nxt day seriously u charge 2200 for a cake n dats da way u make it n not to forget the hair strand i get from it,1,"4 Reviews , 39 Followers",2017-12-30 16:56:00,2017,160,36,False,False,False,Labonel,1,Dessert,"['cake', 'forget', 'charge']"
Al Saba Restaurant,Aditya.deepak26,chicken should have been more cooked,5,"2 Reviews , 1 Follower",2018-05-25 19:49:00,2018,36,6,False,False,False,Al Saba Restaurant,5,General,"['cooked', 'chicken', 'given']"
The Foodie Monster Kitchen,Dave Ria,how can they not give my full delivery you forgot to deliver my full order,1,"1 Review , 1 Follower",2018-06-29 13:19:00,2018,74,15,False,False,False,The Foodie Monster Kitchen,1,General,"['forgot', 'deliver', 'delivery']"
Frio Bistro,Shrikanth Reddy Aenugu,visited the restaurant for a brunch with team the service is not as expected i would give a 2 star for it coming to the food the taste is good fish was ok and chicken was ok pizza is tasty,5,"19 Reviews , 32 Followers",2019-02-01 08:46:00,2019,188,40,False,False,False,Frio Bistro,5,Italian,"['ok', 'brunch', 'expected']"
Cascade - Radisson Hyderabad Hitec City,Epicurean Tales,i was staying at the hotel radisson and so got a complimentary buffet breakfast along with my stay this review is about that experience i went there along with a friend and it proved very tough to find an empty table as the place was crowded with guests after a wait of 10 minutes we found our table first impressions about the buffet was that the spread was huge and also contained many live counters it had a nice mix of south indian north indian and continental dishes i tried many of their dishes but the items i liked the most here are palak idly cheese omelette chicken sausages fresh grape juice white chocolate berliner and black currant yogurt epicureantalescom,4,"452 Reviews , 2464 Followers",2018-06-27 10:55:00,2018,670,120,False,False,False,Cascade - Radisson Hyderabad Hitec City,4,Indian,"['indian', 'table', 'dishes']"
Biryanis And More,Venkatesh Medisetti,got nice food but packing not good in this restaurant best food item is fry pice biryani is the best birani i never eat before please prepare food packaging neat,3,"2 Reviews , 4 Followers",2018-09-15 15:48:00,2018,161,30,False,False,False,Biryanis And More,3,Indian,"['prepare', 'best', 'fry']"
KFC,Lakshmi P,one of the best chicken places ever the ambience is good a nice place to hang out with friends the staff are good too the menu is extensive and very delicious pocket friendly place for all the chicken lovers my personal fav is the zinger box which has a chicken zinger hashbrown 2 pieces of chicken and coke worth 200bucks,5,"77 Reviews , 306 Followers",2018-09-09 18:50:00,2018,322,60,False,False,False,KFC,5,General,"['chicken', 'fav', 'personal']"
Aromas@11SIX,Dheeren,horrible first time experience i would never suggest ordering or going to this restaurant they have absolutely no regards for the customer satisfaction i ordered food from this restaurant and after first accepting my order they go ahead and decline it after an hour when i called the restaurant they say that it was the zomato delivery guy declined it i called zomato and they say that the restaurant never responded to their call and so they had to cancel it i called the delivery guy and he said that the restaurant told him that some one else picked up the order i am not sure who is at fault here but i had a horrendous experience overall so i am not going to order or go to this restaurant again and wouldnt recommend it to anyone for their pathetic customer service,1,"21 Reviews , 4 Followers",2018-12-02 15:21:00,2018,771,142,False,False,False,Aromas@11SIX,1,General,"['restaurant', 'called', 'guy']"
T Grill,Ajay Ratho D,restaurant food ambience weather was sexy it was drizzling when i visited drizzle made more exciting all were good except staff i almost waited 30 mins for food though i liked the place,3,"7 Reviews , 35 Followers",2018-07-18 13:03:00,2018,185,33,False,False,False,T Grill,3,Steakhouse,"['waited', '30', 'mins']"
Ulavacharu,Sukumar Kondaparthy,ordered gadwal kodi pulav it had no salt no resolution on it even after complaining that it had no salt the quantities served are very less so everyone who think one pulav will serve two to need to order one for each,1,"11 Reviews , 49 Followers",2019-05-08 14:07:00,2019,216,42,False,False,False,Ulavacharu,1,General,"['pulav', 'salt', 'kodi']"
Urban Asia - Kitchen & Bar,^beingRAJAT,dissatisfaction and disappointment urban asia gachibowli i am here for a lunch buffet but alas wasnt what i was expecting starters pathetic the prawn is okaish apart from that everything stands to be a disaster uncooked chicken malai kababs to kabab mei huddi bone beware of the dirty stinky and glue piece of cloth napkin soup served was a shorba which tasted masala warm water the mocktail tasted really good finally coming to the main course i am not putting up any pictures as they were average trust me nothing special the chat counter was good u can try that from chole kulche to bhel puri 4 items deserts limited but were good ice cream they were making it on a ice tray however some local base brand overall food 35 service 15 value for money 255 recomended only if you can grab the buffet in a deal like 50 of an all,3,"78 Reviews , 202 Followers",2019-02-23 14:27:00,2019,825,153,False,False,False,Urban Asia - Kitchen & Bar,3,Dessert,"['ice', 'tasted', 'buffet']"
T Grill,Kundhan Reddy,i have to say tgrill has the best menu the nonvegetarian items are awesome and the taste is also good im impressed thank you nithin bro,5,"1 Review , 30 Followers",2018-07-31 18:41:00,2018,135,26,False,False,False,T Grill,5,Steakhouse,"['impressed', 'im', 'thank']"
Urban Asia - Kitchen & Bar,Abhishek Mandal,our first experience with urban asia was pretty average however since then every time we visited this place it has been beyond satisfactory the first time although the food was good the experience was impacted by very poor service long wait time without any clear information of the duration and disastrous preparation of one of the items the name of which i dont remember unfortunately the establishment houses two different restaurants eat street and urban asia under the same roof and without any strict boundary you can choose to sit anywhere you please depending on availability the service usually is prompt and courteous overall ambiance is decent with touches of fun in the form of comments written on the wall since we love asian cuisine the food is the highlight for us and although all the items we tried during our multiple visits are excellent i would like to specially mention the nasi goreng we have tried it in many restaurants in india besides having it in bali and this place comes closest to match the authentic taste and presentation susi was also excellent very fresh and delicious we would definitely be visiting again and strongly recommend for fellow foodies,4,"74 Reviews , 169 Followers",2018-08-20 11:05:00,2018,1182,200,False,False,False,Urban Asia - Kitchen & Bar,4,Bar,"['asia', 'urban', 'restaurants']"
Pot Pourri,NagaChandra Immadisetty,worst biryani and worst serving experience except 3 starters remaining items are very bad totally worth less food and time waste disappointed,1,"1 Review , 9 Followers",2019-02-04 22:22:00,2019,141,22,False,False,False,Pot Pourri,1,Indian,"['worst', 'waste', 'totally']"
Mathura Vilas,Harry N,we visited this place many times not so crowded good ambience their thalis are good and a value for money their ala carte items are not so good in taste and not worth the priceesp platters and other starters their service is very slow and you need to be patient i would rate this restaurant 35,3,"28 Reviews , 9 Followers",2018-10-16 14:33:00,2018,293,56,False,False,False,Mathura Vilas,3,General,"['ala', 'carte', 'rate']"
Hotel Zara Hi-Fi,Om Kesarwani,tasteless worst food ever i ate had one bite and had to throw rest also not hygeine at all when it comes to packing even road side vendor do better than these people,1,1 Review,2019-03-29 19:31:00,2019,165,33,False,False,False,Hotel Zara Hi-Fi,1,General,"['ate', 'bite', 'road']"
La La Land - Bar & Kitchen,Sreejith Sreekumaran,an amazing place with great ambience and lovely music we went for their lavish lunch buffet and it was a great experience malai tikka and chicken wings were amazing and so was dhana chicken they served one of the best phirnis i have tasted a great place to hangout,5,"207 Reviews , 299 Followers",2018-11-14 06:31:00,2018,264,49,False,False,False,La La Land - Bar & Kitchen,5,Bar,"['great', 'amazing', 'malai']"
Dunkin' Donuts,Zeen,the greatest service i got the food very fast and the ambience was really amazing and the music was really good and donuts were really yummy and i would i like to appreciate teja for wonderful suggest of food and the hot chocolate was really superb,5,"1 Review , 4 Followers",2017-10-06 22:31:00,2017,248,46,False,False,False,Dunkin' Donuts,5,General,"['really', 'appreciate', 'donuts']"
Khaan Saab,Grishm,first of all the ambiance is lite and soft u can feel relaxed here the service was good and the food is good too the starters were really amazing looking forward to visit again,4,"1 Review , 1 Follower",2019-02-09 13:49:00,2019,176,34,False,False,False,Khaan Saab,4,General,"['forward', 'soft', 'looking']"
GD's,Pathakastha666,i have ordered home delivery from this place and i would definitely recommend their pole star burger yummy grilled chicken and oozing cheddar cheese absolutely delicious,5,"41 Reviews , 34 Followers",2018-09-24 23:53:00,2018,169,26,False,False,False,GD's,5,Steakhouse,"['grilled', 'home', 'absolutely']"
Biryanis And More,Venkata Vikram Sai Idupulapati,we had such delicious dishes every time we went here spicy chicken statters mutton biryani very good ambiance and much more the staff was very kind,5,"2 Reviews , 10 Followers",2018-12-30 14:03:00,2018,147,26,False,False,False,Biryanis And More,5,Indian,"['kind', 'mutton', 'spicy']"
Collage - Hyatt Hyderabad Gachibowli,Sai,the ambience food and the service just goes hand in hand one of the best places to be in hyderabad for a nice quiet evening to spend with family and friends,5,"3 Reviews , 21 Followers",2018-12-01 14:44:00,2018,156,31,False,False,False,Collage - Hyatt Hyderabad Gachibowli,5,General,"['quiet', 'goes', 'spend']"
Aromas@11SIX,Yuvan Kumar,the location is not so okay i found that most of the people werent there the quantity of the chicken biryani we ordered was a lot the chicken starter is also tasty must try biryani but prices should be reduced,4,"12 Reviews , 4 Followers",2019-04-21 19:17:00,2019,209,40,False,False,False,Aromas@11SIX,4,Indian,"['biryani', 'werent', 'location']"
Diners Pavilion,Veeramreddy Kalyan,superb taste but little delay in getting product to deliver,5,1 Review,2018-06-10 01:39:00,2018,59,10,False,False,False,Diners Pavilion,5,General,"['deliver', 'getting', 'superb']"
Tiki Shack,ClickEatXploreYo,clickeatxploreyo livecexy tikishack bar partyplace valueformoney gachibowli whenatgachibowli wheninhyderbad hyderabad shotoniphone food foodie lovefoodhatewastage eatresponsible dontdrinkanddrive foodenthusiast foodblogger foodphotography hyderabadfoodblogger shitfit so happy its thursday cuz friday is tomorrow while we hit the weekend and everyone looking at places to hang out i would like to share my recent experience with tiki shack rooftop bar gachibowli where i have organized my team party which can serve you as a recommendation if still planning such a pulsating dcor they got especially the blazing umbrella shaped roofing that sets the party vibe and takes you on their open rooftop gives a great evening view over food and drinks this place can accommodate up to 200300 pax both sitting and standing crowd unlike many places around gachibowli tikki shack has got reasonable pricing cost for 2 at 8001000inr including alcohol which answers the overcrowded weekends of this place no separate dance floor but the place opp to the bar counter turns out to be after a while when the spirits go high we negotiated for a party package which needs a minimum of 2025 pax to accommodate with at least 1 day prior noticereservation priced at 1100 per person allinclusive has the flexibility to customise package and price depends accordingly the menu includes unlimited 3 veg and nonveg starters 1 veg and nonveg pizza 1 veg and nonveg biryani 2 desserts three varieties of mocktails for teetotalers draught beerkingfisher ultrapremium for people who drink with least expectation food esp starters turned out to be outstanding full house and the service was still attentive needs a special mention overall a satisfactory experience and i would highly recommend this place for all kinds of parties kindly bare with the poor photography annadathasukhibhava palatepassion clickeatxploreyowordpresscom,4,"275 Reviews , 1957 Followers",2019-04-12 16:39:00,2019,1901,289,False,False,False,Tiki Shack,4,Italian,"['nonveg', 'bar', 'party']"
Chinese Pavilion,Gopi Krishna,searched for chinese cuisine nearby and i found this cuisine with better rating but with high costs thought of visiting this place and really it made my day as soup is one of my favorite dishes i started with spicy crab soup it was good but found something was missing in it i tried to do some modifications and added sugar and venigar which made it awesome thai basic chicken fried rice was good not that spicy but i the rice was very dry it might tasted better if it was bit wet betki fish tossed in crab meat was very good that was a great experience with a great ambiance and good service food 355 ambiance 35 service 35,3,"138 Reviews , 540 Followers",2016-08-14 22:37:00,2016,624,120,False,False,False,Chinese Pavilion,3,Chinese,"['cuisine', '35', 'soup']"
The Old Madras Baking Company,Rishabh Wahi,i love this place so much that i forget clicking any pictures everytime i go there spinach feta cheese omelette plain bagel with cream cheese antipesti pesto sandwich and chicken sausage roll are some must haves cakes are a bit too bready if that is a word,5,"94 Reviews , 277 Followers",2018-05-27 19:19:00,2018,256,47,False,False,False,The Old Madras Baking Company,5,Dessert,"['cheese', 'omelette', 'pictures']"
AB's - Absolute Barbecues,Revanth Tadikonda,ali and muntu did a fantastic service the food and the service was excellent the table service was good and hygenic and the atmosphere was very welcoming and warm the staff was very friendly and supportive they took good care of us,5,"1 Review , 2 Followers",2019-05-15 23:11:00,2019,231,42,False,False,False,AB's - Absolute Barbecues,5,Steakhouse,"['service', 'atmosphere', 'fantastic']"
Aromas@11SIX,Avinash,ordered chicken kolhapuri via swiggy and the experience was top notch the gravy is to die for spicy succulent this is the best and spiciest chicken kolhapuri i had in last 2 years it appears its slow cooked and boneless chicken is then dipped in the gravy the aroma was fantastic and was feeling great having this curry i can still feel it in my mouth kudos to the chef taste 55 quantity 45 will definitely try other curies from this place,5,"145 Reviews , 1070 Followers",2018-10-29 15:42:00,2018,439,82,False,False,False,Aromas@11SIX,5,Indian,"['gravy', 'chicken', 'boneless']"
Deli 9 Bistro,Advait Shiralkar,the ambiance of the restaurant is very spacious and good the service is very fast before you know you order is on your table must be very careful about the quantity of the dishes we went for green peas veg soup it was delicious and heartfilling in the main course we went for punjab puttar veg it was delicious and sufficient for 3 people we went for a fish main it was a very very spicy and a huge disappointment our overall experience was good but not great,4,"22 Reviews , 52 Followers",2018-11-12 19:48:00,2018,459,88,False,False,False,Deli 9 Bistro,4,Seafood,"['went', 'main', 'delicious']"
Shree Santosh Dhaba Family Restaurant,Ranjith Kumar Maturi,biiyani which you was deliveyed was worst till the date i havent eat this kind of biiyani worst taste i cant even eat it i kept the biiyani in the dust bin and also i have order kaju biiyani and i did not get even 5 kaju pieces also,1,1 Review,2019-03-09 21:42:00,2019,232,49,False,False,False,Shree Santosh Dhaba Family Restaurant,1,General,"['kaju', 'eat', 'worst']"
Olive Garden,Sujatha Kutnur,was in gachibowli recently regarding some work and landed up in olive garden for dinner after seeing their reviews food was exceptionally good especially their crispy corn even their main course items namely malai kofta and chana masala were very good all in all a very satisfying experience,5,1 Review,2019-03-03 18:12:00,2019,291,48,False,False,False,Olive Garden,5,General,"['malai', 'recently', 'reviews']"
Zega - Sheraton Hyderabad Hotel,Vinay Talagadadevi,its been a very long desire to taste the pan asian food at zega very beautiful place with a spectacular view from the outlet well balanced ambience with nice live kitchen and interactive bar coming to the service its seems very low manned for every order we have to stand up and request someone to attend for our request taste of the food was just ok need to relook into the clasic dishes over all it was a very average dining experience at zega,2,"67 Reviews , 160 Followers",2019-05-09 22:15:00,2019,445,84,False,False,False,Zega - Sheraton Hyderabad Hotel,2,Bar,"['request', 'low', 'pan']"
Mohammedia Shawarma,Prasad Ganta,extra sauce we ordered and missed in package,4,"1 Review , 1 Follower",2018-07-20 21:40:00,2018,44,8,False,False,False,Mohammedia Shawarma,4,General,"['package', 'extra', 'sauce']"
Sardarji's Chaats & More,Debajyoti Dash,have only one packet of curry instead of 2,3,"6 Reviews , 3 Followers",2018-09-16 14:38:00,2018,42,9,False,False,False,Sardarji's Chaats & More,3,Indian,"['instead', 'curry', 'ginger']"
"3B's - Buddies, Bar & Barbecue",Saiteja Rafael,starters are very good and servicing was excellent and good people around us and pleasant suraj had done good servicing for us and appreciable,5,"1 Review , 4 Followers",2019-04-27 16:03:00,2019,142,24,False,False,False,"3B's - Buddies, Bar & Barbecue",5,Steakhouse,"['pleasant', 'good', 'excellent']"
Mustang Terrace Lounge,Muthiki Sekhar,i went here only twice the ambiance is awesome get to sit on terrace under open sky cool breeze pleasant music mocktails were awesome service was gooddo visit this place and enjoy,5,"1 Review , 6 Followers",2019-05-06 20:29:00,2019,179,32,False,False,False,Mustang Terrace Lounge,5,General,"['awesome', 'terrace', 'pleasant']"
Pista House,Shagun Arora,the top layer of the cake was of homey was not that good,4,"9 Reviews , 8 Followers",2018-06-24 17:27:00,2018,56,13,False,False,False,Pista House,4,Dessert,"['cake', 'good', 'gives']"
Gal Punjab Di,Rajsi Gaikwad,i set up high expectations for the place with respect to punjabi food but the food was okok the lassi was very nice the price is reasonable,3,"50 Reviews , 69 Followers",2018-11-01 16:12:00,2018,139,27,False,False,False,Gal Punjab Di,3,General,"['lassi', 'set', 'punjabi']"
Olive Garden,Taj Khan,came with coligue for buffet and found the quality of food was very good buffet spread also good starters was yammy desserts was amazing service was very good and teams are attentive we suggest to our other teams to come olive garden price is pocket friendly food 55 service 55 ambieance 55,5,1 Review,2018-11-06 14:50:00,2018,290,52,False,False,False,Olive Garden,5,Dessert,"['55', 'buffet', 'attentive']"
The Tilt Bar Republic,Anjali Sharma,ive been here a couple of times love their beer collection specially la trappe witte the bruschettas are amazing food overall was good if you want to get away from all those noisy places and just spend quality time with friends this is the place to go great beer good food and nice music is a deadly combination a must try place,4,"6 Reviews , 10 Followers",2018-11-01 14:23:00,2018,328,62,False,False,False,The Tilt Bar Republic,4,Bar,"['beer', 'la', 'combination']"
Shah Ghouse Hotel & Restaurant,Priyaranjan Sahoo,biryani is always tasty the best part is restaurant remains open till late night whenever we have party plan we use to order from shah ghouse,5,"5 Reviews , 4 Followers",2019-04-13 12:21:00,2019,141,26,False,False,False,Shah Ghouse Hotel & Restaurant,5,Indian,"['ghouse', 'shah', 'use']"
AB's - Absolute Barbecues,Infant Jesus Shrine,very good and delicious food i have ever ate in hyderabad punkaj u have done a very good work and u r excellent in ur communication happy for it thank u sandeep,5,"1 Review , 2 Followers",2019-05-22 21:12:00,2019,160,32,False,False,False,AB's - Absolute Barbecues,5,Steakhouse,"['ate', 'ur', 'work']"
Delhi-39,Varsha Garikapati,very bad quality of food the nans and rotis were like papad and the curry was also not good,1,"4 Reviews , 1 Follower",2018-05-04 16:12:00,2018,91,19,False,False,False,Delhi-39,1,Indian,"['rotis', 'curry', 'bad']"
Sardarji's Chaats & More,Venkat Mahesh,lods of lods of lods of food are you veg lover then it will be like paradise for you they server many varities of kulcha paratha vada pav sand wich chats loved aloo kulcha and dal makhani like hell paratha and vada pav are yummy we have mixed veg paratha and the taste was good with many veggies in it vada pav was considerable nothing can beat mumbais vada pav had lemon juice but didnt like that we have opted for this as there is no lassi point in time over all good food with good price,4,"49 Reviews , 133 Followers",2019-03-24 21:13:00,2019,490,97,False,False,False,Sardarji's Chaats & More,4,General,"['pav', 'paratha', 'kulcha']"
The Glass Onion,Chandann Reddy,fantastic ambience and great service location is a must visit over seeing the golf course the food was great and meats quality was just superb will be a regular here,5,"302 Reviews , 228 Followers",2019-04-27 00:43:00,2019,165,30,False,False,False,The Glass Onion,5,General,"['fantastic', 'great', 'superb']"
Prism Club & Kitchen,Jesal Vora,i had visited this place for the nucleya event it was super crowded v didnt even have place to stand since it was very crowded the service was delayed too overall the place is nice just the crowd was an issue,4,"13 Reviews , 13 Followers",2019-05-16 15:15:00,2019,208,41,False,False,False,Prism Club & Kitchen,4,General,"['crowded', 'issue', 'place']"
Deli 9 Bistro,Jesal Vora,so i had been to this place like 3 months ago and we ordered chicken khou sey and chicken lasagna i was just soo yum that my mouth still waters thinking about this place i even loved the varieties of dishes in the menu happytummyishappyme,5,"13 Reviews , 13 Followers",2019-03-17 19:17:00,2019,238,45,False,False,False,Deli 9 Bistro,5,General,"['soo', 'yum', 'chicken']"
Shah Ghouse Hotel & Restaurant,Raparthi Shekar,i have ordered through zomato 1 chicken and 1 veg biryani and received chicken and egg biryani this is second instance happened i have thrown away the egg biryani and also the taste of the chicken biryani is not so good,1,"1 Review , 8 Followers",2019-03-23 06:05:00,2019,219,41,False,False,False,Shah Ghouse Hotel & Restaurant,1,Indian,"['biryani', 'egg', 'chicken']"
Tempteys,Aviraj Chatterjee,hey guys your resturant sucks big time if you guys cant deliver then put a big lock on your store but please dont cancel after 2 whole hrs after confirming the order in 5 minutes never gonna order ever and will advice same to others wish i could give a zero rating dont deserve to be 44,1,"2 Reviews , 6 Followers",2018-10-07 13:54:00,2018,286,57,False,False,False,Tempteys,1,General,"['guys', 'big', 'dont']"
La La Land - Bar & Kitchen,Sainikelash Jammula,this place is picture perfect for the people who have immense love to hang around at the bar counters this place has a beautiful bar counter dance floor is too hot and lovely ambiance is too good and warm food is tasty serving is very warm,5,"8 Reviews , 216 Followers",2019-01-19 14:37:00,2019,239,46,False,False,False,La La Land - Bar & Kitchen,5,Bar,"['warm', 'bar', 'counter']"
Absolute Sizzlers,Pullarao MV,taste good but quantitt is very less for the money paid,3,3 Reviews,2019-02-27 22:14:00,2019,55,11,False,False,False,Absolute Sizzlers,3,General,"['paid', 'money', 'taste']"
Ulavacharu,Sandeep Das,lovely ambience and equally lovely tasty food best part is the valet parking good variety of options of authentic food we had starters main course and appetisers there is a complimentary jalebi and at the end masala pan which is a very nice gesture overall a very good experience,4,"102 Reviews , 268 Followers",2018-11-03 14:31:00,2018,279,49,False,False,False,Ulavacharu,4,General,"['lovely', 'complimentary', 'pan']"
Karachi Cafe,Sidharth Mittal,pizza didnt taste anything like a pizza stale broccoli dont know what kind of sauce they used for it atleast it was hot and well cooked wont ever order a pizza again from here,3,"62 Reviews , 119 Followers",2019-05-23 03:21:00,2019,175,34,False,False,False,Karachi Cafe,3,Italian,"['pizza', 'atleast', 'broccoli']"
Udipi's Upahar,Shakti Kumar Sasanapuri,ordered for tomato bath but they have sent upma waste of time and money,1,"4 Reviews , 5 Followers",2018-07-19 14:36:00,2018,71,14,False,False,False,Udipi's Upahar,1,General,"['sent', 'tomato', 'waste']"
Triptify,Sachin Agarwal,amazing tastealways likeable vareity of paranthas and combos is another advantage pf this place it feels like homely food which makes your mood refreshing,5,"13 Reviews , 23 Followers",2018-11-29 16:44:00,2018,154,24,False,False,False,Triptify,5,General,"['combos', 'refreshing', 'mood']"
NorFest - The Dhaba,Atanu Ray,well this is the first time i ordered from norfest the dhaba i ordered for mutton combo meal which contains rice dal makhani 2 paratha and mutton with a pocket pinch of rs 400 however very disappointed with the quantity of food at that price range they are not providing a proper portion moreover the mutton was well cooked but out of 4 small pieces 2 of them had bones and no meat kindly donot deceive your customers like this with good packaging i gave three star only for the quality,3,"1 Review , 1 Follower",2019-02-24 22:35:00,2019,486,91,False,False,False,NorFest - The Dhaba,3,General,"['mutton', 'dhaba', 'rs']"
"3B's - Buddies, Bar & Barbecue",M Bonagiri,today we visited this place with my friend for a team lunch placed below abs same franchise you can expect similar food barbeque is not available at the table hey captured the mindset of people coming to this restaurant by keeping main course minimum to null food starters 4 veg 4 non veg main course 1veg 1 non veg deserts angur gulab jamun my all time favourite pan ice cream food can be improved 35 service 45 ambience 45 overall 45 recommend yes,4,"64 Reviews , 85 Followers",2019-04-17 16:01:00,2019,449,83,False,False,False,"3B's - Buddies, Bar & Barbecue",4,Steakhouse,"['45', 'veg', 'non']"
Khaan Saab,Girish,this is one of the very few restaurants which lived up to the ratings with complete satisfaction the team is extremely friendly and food was awesome without a second thought this is the restaurant you can go in regardless of vegetarian or nonvegetarian big thumbs up,4,8 Reviews,2019-04-05 13:19:00,2019,266,46,False,False,False,Khaan Saab,4,General,"['ratings', 'complete', 'thought']"
Triptify,Suman Basak,food used to be good but live cockroach came out of the food for the second time just apologies from customer service representative is not the enough quality control has to be talen seriously till then no triptify adios,1,"3 Reviews , 3 Followers",2019-03-26 21:20:00,2019,220,39,False,False,False,Triptify,1,General,"['second', 'till', 'used']"
Diners Pavilion,Balram Samal,awesome food good ambience very humble staff food also really good and testynice place everything is ok but need to lmprove of service,4,"10 Reviews , 1600 Followers",2018-08-17 02:31:00,2018,134,23,False,False,False,Diners Pavilion,4,General,"['humble', 'need', 'ok']"
Delhi-39,Kalyani Singh,not good at allthe taste was bad,2,"2 Reviews , 1 Follower",2018-05-08 21:46:00,2018,32,7,False,False,False,Delhi-39,2,General,"['bad', 'taste', 'good']"
Desi Bytes,Sande Sharma,i was passing by that road and was instantly connected with the restaurants set up and live music its an open air and add to that is the soothing live musici thought of trying a quick snack and the staff helped me choose one litti chokda was the dishit was delicious then i presumed to order some pander makhani and burtter roti it was nothing short of heaven loved it and would go again,4,"40 Reviews , 150 Followers",2018-05-01 00:10:00,2018,387,74,False,False,False,Desi Bytes,4,General,"['live', 'litti', 'air']"
Driven Cafe,Pranjali Srivastava,i visit the place quite oftenthe ambience is amazing with decor of a garagei have tried many items but mango frappe was the best oneyou can also try apple piethe staff is courteousyou can also rent luxury bikes and cars,4,"23 Reviews , 53 Followers",2018-04-22 03:03:00,2018,219,40,False,False,False,Driven Cafe,4,Cafe,"['cars', 'apple', 'mango']"
Cafe Eclat,Shahnaz,had ordered in for the night was really excited to see chilli con carne on the menu its one of my fav dishes from when i had travelled had also ordered 2 croissant was disappointed with the look and tatse of the items for the price being charged the food had no flavour at all the croissant looked like some patty from a local store,2,"20 Reviews , 15 Followers",2018-06-30 20:48:00,2018,332,65,False,False,False,Cafe Eclat,2,Cafe,"['store', 'fav', 'local']"
Asian Meal Box,Sudha Gadige,i ordered noodles with gobi manchuria trust me the noodles were so fat and without any taste the sauces or the fry that noodles went through there was no taste at all in it it was not even having the basic salt managed to eat with the gobi given in the box and later realized that there not more than 5 pieces of manchuria thus i could not even complete the noodles was not at all satisfied with the noodles combo box,2,"20 Reviews , 24 Followers",2018-11-21 23:49:00,2018,417,82,False,False,False,Asian Meal Box,2,Chinese,"['noodles', 'gobi', 'box']"
Sardarji's Chaats & More,Sakshi Choudhary,the delivery guy didnt return the change he said he ll be getting change in 5 mins and he disappeared,1,"4 Reviews , 4 Followers",2018-10-08 03:46:00,2018,101,20,False,False,False,Sardarji's Chaats & More,1,General,"['change', 'getting', 'mins']"
Sardarji's Chaats & More,Rahil Nyk,yesterday i ordered chole bhature and tawa butter pav bhaji chole were lip smacking its a must try for all pav bhaji was a bit of disappointment the quantity of bhaji was less and taste was just average thats why i deducted 1 star but chole definitely deserves the rest 4 stars,4,"3 Reviews , 52 Followers",2019-02-15 10:14:00,2019,277,52,False,False,False,Sardarji's Chaats & More,4,General,"['chole', 'pav', 'yesterday']"
La La Land - Bar & Kitchen,Arpit Kumar Jain,they dont seem to use good quality ingredients for the food they serve went for vegetarian buffet lot of variety to try on starters were decent same for the main course but the desserts were horrible,2,"6 Reviews , 6 Followers",2018-11-29 19:32:00,2018,199,36,False,False,False,La La Land - Bar & Kitchen,2,Dessert,"['ingredients', 'use', 'horrible']"
10 Downing Street,Poojitha Reddy,absolutely loved the place its has a nice classic touch compared to the 10d in begumpet which has become too crowded and lost its charm you would change your opinion about 10d if you visit this place in gachibowli rooftop open air ambience with comfy seating service is faster compared to many other pubs in the neighborhood even though its jam packed on a friday night they also have a separate section of seating for those who wish to sit and talk serious business away from the music the entire hotel which is on the 10th floor has got a royal and classy look staff are courteous and know their menu well do ask them for suggestions if youre confused on which ones to choose its got a separate dance floor and bollywood on the clock after 11 is awesome they play these retro vibes which all the 90s born adults would love overall its one of the best ive visited in a long time will definitely be on my frequent visit list tip do try their inhouse beers there are 4 varieties of them you can get a sample tray of all flavours so that you can taste each type and choose whichever you like,4,"70 Reviews , 776 Followers",2019-03-09 03:54:00,2019,1089,206,False,False,False,10 Downing Street,4,Bar,"['choose', 'compared', 'floor']"
The Lal Street - Bar Exchange,Poonam Nanda Ghosh,it was a night out with gal pals when we entered the server took us to our sitting area we chose a corner as it had a couch felt it was bit secluded warm indoors black and brown seatings cartoons of laal street their sensex of drinks prices being displayed in the tv they have their own app for ordering but guess what their wifi wasnt available as it was under repair that is what server told us the server came and took our orders we ordered starters and drinks as soon as he left we saw a rat running to hide somewhere it kind of scared us then we thought every place has them but still if its running freely what might be the state of infestation then we started enjoying the music and our orders came the server got one of the drinks wrong we reminded him it was changed he said he already brought this other places the server would have taken it back and would have apologized atleast instead he said he cant take it back anyways moving on the cocktail which i had were really good the cosmopolitan beer trap and screw driver the starters which we ordered the portions we felt were a bit small i can only talk about veg starters as i am a vegetarian italian cheese fingers they were crispy and yum stuffed mushrooms they were okay and forgettable the nachos were okay have had better ones the crispy corn was good last but not the least the soft noodles though good but felt the portion was even smaller than the other starters the music was good being a bollywood night we requested dj to play it first they said at 930 they will start then said 1030 it will start we four were only on the dance floor we requested multiple times to play atleast one bollywood song he didnt oblige at all would playing one peppy bollywood song really degrade his skills god knows food and hospitality are an important criteria for any eating place be it a restaurant or a bar hope they improve their hospitality that is one of the major reasons one goes back to one place again and again food 35 service35 overall experience 45 because of friends vfm 355,3,"40 Reviews , 473 Followers",2019-05-09 13:12:00,2019,2044,385,False,False,False,The Lal Street - Bar Exchange,3,Italian,"['server', 'said', 'bollywood']"
KS Bakers,Sree Vatsava,tried both vegetarian and non vegetarian pizzas and burgers pizzas are awesome crispy and yummy they are worth the price and you would love having it,5,"4 Reviews , 2 Followers",2017-11-25 19:40:00,2017,149,26,False,False,False,KS Bakers,5,Italian,"['pizzas', 'vegetarian', 'burgers']"
SKYHY,ImFoodie,i have been here during some odi match have used little coupon which really helped our pocket there are 2 sittingareas one outside where they had put screens and inside which is dance floor in suppose i opted for out sitting one by one we tried almost all the veg starters with cocktails everything was just perfect match drinks and snacksi definitely recommend this place so here are my ratings food 4 ambience 4 pocket friendly 3 google all dealscoupon options and you will be mpre than happy,4,"7 Reviews , 7 Followers",2019-01-13 20:15:00,2019,494,88,False,False,False,SKYHY,4,General,"['match', 'pocket', 'ratings']"
Cafe Eclat,John Benedict,came here on a hectic monday service was quick the croissants were neatly baked and the cake pretty great as well i liked the part where they hand make and bake all their products one can see the kitchen area through the windows the cake was neat as well and the coffee great this place opens at 7 am hence making it a quick stop for breakfast and closes at 10 pm so makes it a great spot at all time prices are little on the higher side but it will all be worth it will come here again for the great food,4,"63 Reviews , 334 Followers",2018-05-15 19:13:00,2018,505,103,False,False,False,Cafe Eclat,4,Cafe,"['great', 'cake', 'quick']"
Faasos,Ratnadeepa Bandopadhyay,i ordered food and they accepted it even after 2 hours the food was not delivered i tried to contact them many times but no one answered worst behaviour ever i had to finally cancel the order by calling the zomato customer care,1,"9 Reviews , 34 Followers",2018-11-01 22:50:00,2018,227,43,False,False,False,Faasos,1,General,"['behaviour', 'hours', 'finally']"
Paradise,Chandrakanth Rachakonda,i have ordered 2 special chicken biryanis and received two ordinary biryanis with bones this is a big time disappointment this place was known for its biryani and now i feel like i have had a worst biryani it costed 400 bucks each and receiving the same 200 bucks biryani has been my worst experience,1,"2 Reviews , 3 Followers",2019-05-24 14:22:00,2019,300,55,False,False,False,Paradise,1,Indian,"['bucks', 'biryanis', 'biryani']"
AB's - Absolute Barbecues,Nandu Kishore,visited abs gachibowli bbq was top class and especially live counters i must say abt deserts as well all are not just good toooo good and i felt home with the hospitality of ali and manto was excellent,5,"2 Reviews , 3 Followers",2019-05-19 15:32:00,2019,201,38,False,False,False,AB's - Absolute Barbecues,5,Steakhouse,"['bbq', 'deserts', 'home']"
Udipi's Upahar,Siddharth,the sambar had a stale smell,3,"17 Reviews , 5 Followers",2018-07-17 20:35:00,2018,28,6,False,False,False,Udipi's Upahar,3,Bar,"['smell', 'stale', 'ghouse']"
Khaan Saab,Puja Agarwal,over all nice place good food ambience pretty dark good for dinners gives you a feel of dinner even at lunch but the feel is nice food we ordered kurmure cheese kebab kadhai paneer kashmiri and garlic naan these were delicious meccai kebab was spicy and okayish you may order if you are a big big fan of the spicy combo of corn kebab,4,"32 Reviews , 265 Followers",2019-03-22 15:45:00,2019,333,64,False,False,False,Khaan Saab,4,General,"['kebab', 'big', 'feel']"
Owm Nom Nom,Aavishkar Jain,ordered a lime soda with biryani recieved lime soda in used kinley soda bottle opened half filled this is ignoring basic hygine and acceptable packaging the restaurant is risking people health not sure what else they will be compromising on,1,1 Review,2019-02-03 21:46:00,2019,240,40,False,False,False,Owm Nom Nom,1,Indian,"['lime', 'basic', 'opened']"
Ulavacharu,Darshana Krishnadas,a lot of people suggested this place for some real spicy food had been there twice and in fact the first time i went there i knew that whenever i have guests at home i need to bring them here nicely done interiors the antique door and the idol at the entrance very beautiful and welcoming coming the food this tile we were welcomed with some ghee mysore pak yummy the staff is really helpful in giving suggestions so we ordered a chicken fish and mutton biryani pulao delicious full of masalas and tasty nothing to complain about the food bamboo chicken was the star dish it just melts in your mouth so its a place for some really fine dining on fridays and weekends do make a reservation the have some crazy waiting definitely recommended,5,"21 Reviews , 17 Followers",2019-03-06 03:18:00,2019,739,136,False,False,False,Ulavacharu,5,Indian,"['nicely', 'crazy', 'fact']"
Jonathan's Kitchen - Holiday Inn Express & Suites,Vidul Mathur,great place to enjoy your weekend the food is amazing even had live music on sunday we opted for lacarte and ordered dahi ke kabab thai basil praws fresh lime soda strawberry mocktail penne arrabiata and chocolate fondue cake dahi ke kababs were very nice and soft like they should be thai basil prawns were also nice and tasty they were properly cooked and well served fresh lime soda waswell fresh lime soda but strawberry mocktail was super sweet and is a must try penne arrabiata pasta is one dish that i would recommend you all to try here the gravy was super thick and delicious the pasta was boiled perfectly and the presentation was also good coming to the dessert i never had such an amazing fondue not too sweet just the prefect balance of chocolate and sweetness overall had an amazing time here dahi ke kebabs 455 thai basil prawns 45 penne arrabiata pasta 455 strawberry mocktail 45 fresh lime soda 45 chocolate fondue cake 55 ambience 45 overall 455,5,"24 Reviews , 37 Followers",2019-03-03 19:48:00,2019,963,172,False,False,False,Jonathan's Kitchen - Holiday Inn Express & Suites,5,Italian,"['lime', 'dahi', 'mocktail']"
Beyond Flavours,Yaswanth Chowdary,pathetic and horrible experience ambience and hospitality 1 food 1 chairs and tables were broken food is cold and tasteless buffet arrangement is not good could be a bit more spacious,2,"4 Reviews , 56 Followers",2019-05-03 11:40:00,2019,183,31,False,False,False,Beyond Flavours,2,General,"['arrangement', 'spacious', 'tasteless']"
Chinese Pavilion,Aamir Nawaz,kinda of disappointed with the food everything is either drenched in oil or tastes old ambience is quiet butter garlic prawn is good though dishes tried butter garlic prawn roasted lamb crab on toast,1,"42 Reviews , 58 Followers",2019-04-13 21:28:00,2019,199,34,False,False,False,Chinese Pavilion,1,Chinese,"['prawn', 'garlic', 'butter']"
Shah Ghouse Spl Shawarma,Aditya Kumar Singh,the best shawarma you can have is here the quantity and the quantity both are awesome one shawarma is enough in terms of dinner or lunch i always prefer to have from this place,4,"5 Reviews , 11 Followers",2018-11-12 18:47:00,2018,176,34,False,False,False,Shah Ghouse Spl Shawarma,4,General,"['shawarma', 'quantity', 'terms']"
Deli 9 Bistro,Deepak Ahuja,when you hunt for nice place and meet folks who are just busy in their own its a let down staff really needs to pickup on the service and behavior not at all a nice experience food saved this place the 3 star coz it was tasting decent not great again not willing to visit again would give 25 if had a choice,3,"36 Reviews , 29 Followers",2018-12-21 15:17:00,2018,307,63,False,False,False,Deli 9 Bistro,3,General,"['coz', 'meet', 'nice']"
Biryanis And More,Indradipta Sardar,visited this place several times for team lunch as this restaurant is very near to my office it is recommended you reach there early as during lunch time the restaurant will be packed with office people food quality and taste is very good service also upto the mark considering the rush,4,"32 Reviews , 319 Followers",2019-03-02 19:43:00,2019,286,51,False,False,False,Biryanis And More,4,Indian,"['office', 'lunch', 'restaurant']"
Dine O China,Jeen Kaipeng,very nice this place i order to special seafood platter in oyster sauce is perfect tasty special thanks for chefsi will come again thanks,5,1 Review,2019-05-25 17:02:00,2019,137,24,False,False,False,Dine O China,5,Seafood,"['thanks', 'special', 'platter']"
PourHouse7,Sunny Mehta,such a pathetic service no one will attend you you have to ask themnice place but service will annoy youhave to think before comingfirst time bad experience,1,"1 Review , 1 Follower",2019-02-21 22:36:00,2019,156,27,False,False,False,PourHouse7,1,General,"['ask', 'think', 'pathetic']"
Dunkin' Donuts,AJ,no burgers oven is broken no ac why are you open we usually get takeaway burgers and this is unbelievable very poor management i wish they will improve there service because the location is excellent,1,"10 Reviews , 2 Followers",2018-09-16 12:37:00,2018,199,35,False,False,False,Dunkin' Donuts,1,General,"['burgers', 'ac', 'wish']"
The Tilt Bar Republic,Praveen Singh,pretty decent place with good food very limited options in liquor they have only 45 variants in scotch whiskey overall ambience was great,4,"2 Reviews , 1 Follower",2019-03-21 22:59:00,2019,137,23,False,False,False,The Tilt Bar Republic,4,Bar,"['limited', 'options', 'pretty']"
Labonel,Sudeep Sodani,love the cakes and the brownies brownies are a must try red velvet and chocolate cakes here make me go nom nom nom initially the price point may seem high but each bite redeems more than each buck spent,5,"16 Reviews , 151 Followers",2018-11-13 15:24:00,2018,202,39,False,False,False,Labonel,5,Dessert,"['brownies', 'cakes', 'spent']"
Biryanis And More,Naveen Devireddy,worst food everplease dont believe the ratings reviews mentioned below both veg and non veg were bad utterly disappointed after have a team party over there based the these many ve reviews,1,"1 Review , 1 Follower",2019-03-14 17:50:00,2019,188,32,False,False,False,Biryanis And More,1,Indian,"['reviews', 'veg', 'ratings']"
Chinese Pavilion,Forever_fooodie,we ordered from here via swiggy we ordered stuffed mushrooms they were a little too sweet yet they tasted great and quantity was great mushroom in shechuan sauce we ordered this dish but they sent us some fried paneer gravy dish we opened it very late after we recieved the order so we decided to go with it and the paneer tasted like they used frozen paneer or may be it was tofu i have never tasted tofu before so i cant say but we didnt really like it hakka noodles noodles tasted great really tasty and quantity was really good fresh lime soda it was really good and refreshing fried rice it was decent with good amount of veggies quality of rice was good stir fried greens it was really very tasty good amount of different veggies like broccoli pringle etc although we were disappointed that there was no mushroom,4,"175 Reviews , 573 Followers",2018-01-24 13:50:00,2018,818,151,False,False,False,Chinese Pavilion,4,Chinese,"['tasted', 'really', 'fried']"
SKYHY,Varunkumar Reddy,the best hangouts place with friends and girlfriend and it had good dance floor i got good variety of liquor brands also but the food is main concern in terms of both taste and quantityfor quires contact sujithreddy12 in instagram skyhy,3,"7 Reviews , 14 Followers",2018-12-20 23:53:00,2018,236,41,False,False,False,SKYHY,3,General,"['instagram', 'terms', 'dance']"
Hyderabadi Daawat,Pranaya,someone said that an underrated place is always a better place that a over rated place really one of the better place than the crowd destinations fast preparation and serving of tasty food quantity wise we will get good quantity food its good to go with a bigger group tried some of items as alacarte some are as mentioned below soup murg adraki shorba kebab platter masala kulcha murg masala chicken dum biriyani vegetable dum biriyani salt and pepper prawn yet to try with their buffet option,4,"69 Reviews , 136 Followers",2019-05-06 14:59:00,2019,494,87,False,False,False,Hyderabadi Daawat,4,General,"['murg', 'dum', 'biriyani']"
Jonathan's Kitchen - Holiday Inn Express & Suites,Umesh Kumar,i had recently been to jonathans kitchen based on the zomato rating and was very disappointed the food is average in quality the service is also quite average for the price what they charge not going to visit anytime in the future,3,"21 Reviews , 45 Followers",2019-01-13 12:12:00,2019,230,42,False,False,False,Jonathan's Kitchen - Holiday Inn Express & Suites,3,General,"['average', 'charge', 'recently']"
PourHouse7,Ashish Bisht,horrible experiencefood was really bad and service was very slow most of dishes mentionedrecommended in other reviews were not even part of their menu first time i had such a disappointment with any 4 rated restaurant,1,"2 Reviews , 33 Followers",2019-05-05 23:01:00,2019,217,36,False,False,False,PourHouse7,1,General,"['rated', 'disappointment', 'reviews']"
Absolute Sizzlers,Maitri Batabyal,best sizzlers in hyderabad till date very good staff service i love this place grilled fish sizzler is mouth watering you can try seekh kebab paneer tikka sizzler also time if youre a vegan,5,"6 Reviews , 5 Followers",2019-04-05 00:13:00,2019,189,34,False,False,False,Absolute Sizzlers,5,Seafood,"['sizzler', 'watering', 'sizzlers']"
eat.fit,Jawa08014,chicken was goodmix veg is very sweetand small roties,3,"4 Reviews , 1 Follower",2019-03-13 22:38:00,2019,53,9,False,False,False,eat.fit,3,General,"['small', 'veg', 'chicken']"
T Grill,Ashesha,very very very very disappointed we ordered kadai paneer its a disaster instead they gave us tomato curry with few paneer pieces in it please dont order food from this place mutton biryani is a big flop,1,"20 Reviews , 18 Followers",2018-09-21 16:14:00,2018,202,37,False,False,False,T Grill,1,Indian,"['paneer', 'tomato', 'instead']"
SKYHY,Ravan Villan,i went to skyhy terrace lounge on weekend and it was great experiencenice foodlove the ambiencenice place to have photosgood place to visit along with friends to danceasome cocktailsfriendly with mr london,5,"1 Review , 2 Followers",2018-10-04 01:22:00,2018,205,32,False,False,False,SKYHY,5,General,"['terrace', 'mr', 'weekend']"
Pot Pourri,Anusha Gazaram,this might be good incase you are looking for ala carte but if you choose buffet one will be disappointed with the spread the items are tasty but the spread is too small need to improve it,3,"6 Reviews , 9 Followers",2019-05-02 16:09:00,2019,188,37,False,False,False,Pot Pourri,3,General,"['spread', 'ala', 'carte']"
PourHouse7,Sasikanth.deva7,cool place with amazing food and drinks of happy hours menu loved the place specially the roof topservice was good and they treatred us very wellthank you pour house 7will come again very soon,5,"1 Review , 4 Followers",2019-03-25 16:28:00,2019,192,34,False,False,False,PourHouse7,5,General,"['roof', 'house', 'hours']"
Dunkin' Donuts,Produtoori Ankith,as soon as i opened the box i was so excited to eat them the presentation was wonderful but when i had a bite the doughnut was not fresh at all same with every doughnut in the box dissappointed such a waste of precious money on not at all fresh food,1,"19 Reviews , 101 Followers",2018-07-31 15:00:00,2018,249,51,False,False,False,Dunkin' Donuts,1,General,"['box', 'fresh', 'opened']"
La La Land - Bar & Kitchen,Snehasish Behera,i had visited this place for their lunch buffet which is priced at rs 499 taxes they had 3 veg starters paneer tikka hara bhara kebab and spring roll and 3 nonveg starters chicken tikka fish 65 and also an elaborate main course for the price that they offer the food is pretty good and definitely a go to place if you want to enjoy a buffet,4,"93 Reviews , 384 Followers",2019-04-20 16:54:00,2019,340,67,False,False,False,La La Land - Bar & Kitchen,4,Seafood,"['tikka', 'buffet', 'starters']"
The Indi Grill,Abhishek Mahapatro,we were 31 people went together for a lunch buffet on 22nd april tables were arranged on 1st floor for us and no one else were allowed which is a plus for big group coming to menu its kind of same what all bbq places are offering now a days taste was good for most of the items staffs were polite and quick on services only thing which didnt went well was ac of the resturant as it was a hot afternoon ac was not enough to cool us down manger apologized for this they also gave us a 10 off on total bill because of 20 people advices to management please have some unique food item which is not there on other places looking forward to visit again,4,"17 Reviews , 126 Followers",2019-04-30 11:19:00,2019,646,129,False,False,False,The Indi Grill,4,Steakhouse,"['ac', 'places', 'people']"
Shree Santosh Dhaba Family Restaurant,Sardar Bhagatsingh Peshoria,guys to be very frank the foods not good and the oil they used for cooking is not health eventhougj we can smell it in food wrost experience,1,"1 Review , 30 Followers",2019-02-16 01:08:00,2019,140,28,False,False,False,Shree Santosh Dhaba Family Restaurant,1,General,"['foods', 'smell', 'oil']"
Kritunga Restaurant,Aditya Kumar,i had ordered food from kritunga many times to my office and had visited this place oncegachibowli the ambience here is good and the staff was attentive the steward recommended ragi sangati and brinjal curry it was very delicious i also tried gongura chicken it was fine apart from these i tried spl chicken biryani kamju biryani and chicken pulav through delivery overall i would say the food here is good a bit spicy though and one can find a lot of chillies packing could be improved as i found alot of polythenes in delivery order it would great if the food could be packed in boxes,3,"12 Reviews , 2 Followers",2018-12-03 22:25:00,2018,586,107,False,False,False,Kritunga Restaurant,3,Indian,"['delivery', 'chicken', 'tried']"
Pakwaan Grand,Devesh Thakur,to the management please be careful while packing i ordered tandoori roti and got rumali roti instead,2,"2 Reviews , 1 Follower",2019-02-11 20:08:00,2019,101,17,False,False,False,Pakwaan Grand,2,Indian,"['roti', 'rumali', 'instead']"
Mohammedia Shawarma,Adrija Mukherjee,ddinot provide the mayo bowls,3,"13 Reviews , 17 Followers",2018-08-03 17:09:00,2018,29,5,False,False,False,Mohammedia Shawarma,3,General,"['mayo', 'provide', 'given']"
Pakwaan Grand,ImmanueL M (MooD),somewhere i feel like this n shah competes with each other one triesto deliver the best carrying both quality and quantity seems like they aint running for money but to feed us hahahaha,5,"17 Reviews , 2 Followers",2019-02-07 19:59:00,2019,185,33,False,False,False,Pakwaan Grand,5,General,"['shah', 'like', 'deliver']"
Arena Eleven,Anand Abhishek,awesome food and nice ambience good place to hangout with friends on saturday would come back again nice curtsey service by shuaib and tsoiya thanks,5,"1 Review , 97 Followers",2019-05-18 20:18:00,2019,148,25,False,False,False,Arena Eleven,5,General,"['nice', 'saturday', 'hangout']"
Momos Delight,Sejal Vaghela,misleading outlet for vegetarians owner lied when asked about maintaining separate utensils for veg and nonveg never visit if you are a strict vegetarian,1,"1 Review , 1 Follower",2019-02-04 23:30:00,2019,153,24,False,False,False,Momos Delight,1,General,"['owner', 'vegetarians', 'nonveg']"
Biryanis And More,Gopal Bhargav,me and my colleagues keep visiting this place every friday as it is very near to the office space no much ambiance simple restaurant booking is preferred on fridays as it gets too much crowdy after 1pm staff isnt courteous at all they always keep a sad face dont know why hopefully they are given some training to smile biryani taste is amazing as i am vegetarian i usually take andhra veg biryani avakaya biryani or kaju biryani all of them are perfectly made so all the rating is for only the taste not for service and ambiance at all,4,"47 Reviews , 320 Followers",2019-04-27 19:37:00,2019,536,100,False,False,False,Biryanis And More,4,Indian,"['biryani', 'ambiance', 'andhra']"
Mustang Terrace Lounge,Sai Krishna Thota,the rooftop view is amazing and the ambience inside the lounge is excellent too coupled with great dj and service we enjoyed our time out there food 45 service 55 drinks 55 music 55,5,"1 Review , 1 Follower",2019-05-22 23:54:00,2019,181,34,False,False,False,Mustang Terrace Lounge,5,General,"['55', 'rooftop', 'inside']"
Club Rogue,Chirag Gupta ?,the food and drinks are good the ambience is great too but the place feels too crowded and the dance floor sucks the dj music is alright the staff is not good and need to be given proper training the way they rush guests out after 12 is too bad,2,"111 Reviews , 1013 Followers",2019-04-05 08:12:00,2019,244,50,False,False,False,Club Rogue,2,General,"['guests', 'proper', 'crowded']"
Diners Pavilion,SONALIKA,many issues to start with 1 no valet parking as quoted 2 everything that was served on the plate was chilled and i mean it 3 nothing was planned like the placement of food it was more of a day to day kitchen 4 on the contrary icecream was already melt taste was good had it been served properly it wouldve definitely deserved more than 4 hope these things are taken proper care of,1,1 Review,2018-08-03 16:15:00,2018,380,74,False,False,False,Diners Pavilion,1,General,"['day', 'served', 'melt']"
13 Dhaba,Niraj Shelar,didnt like tandoori paneer paratha much paneer makhani was average,3,"2 Reviews , 28 Followers",2018-09-02 23:15:00,2018,66,10,False,False,False,13 Dhaba,3,Indian,"['paneer', 'makhani', 'paratha']"
Squeeze @ The Lime,Jatin Pathak,i liked the ambience and lighting however their food quality needs lot of improvement especially sizzlers they made good lasgna but they had no idea at all about how sizzler is made also their services are little slow,1,"6 Reviews , 30 Followers",2019-04-13 23:20:00,2019,217,38,False,False,False,Squeeze @ The Lime,1,General,"['lighting', 'sizzler', 'sizzlers']"
The Glass Onion,Manika Paliwal,it is a great place for a quiet dinner and ambience is lovely but the food was a disappointment the place doesnt feel like we are inside the noisy city which is absolutely delightful but i wish i could say the same about the food and drinks staff is courteous and serving time is excellent you dont have to wait for your food or drinks for more than 1015 mins no matter what you order ambience 55 staff 455 food 15,3,"3 Reviews , 3 Followers",2019-05-19 15:35:00,2019,414,81,False,False,False,The Glass Onion,3,General,"['drinks', 'food', 'staff']"
Driven Cafe,Soumya Chatterjee,i was really impressed with the ambience and the simple menu options available they say rightly that simplicity attracts the most i was able to spend some quality time here in the evening starting with coffee and ended with desert will definitely plan to visit again,4,"24 Reviews , 90 Followers",2018-08-12 01:15:00,2018,266,46,False,False,False,Driven Cafe,4,Cafe,"['starting', 'desert', 'ended']"
Aromas@11SIX,Raj Sekhar,i ordered subz biryani paneer butter masala taste of both the foods were great except that vegetables in biryani were partly cooked which makes me to rate 4,4,"12 Reviews , 24 Followers",2018-08-21 22:04:00,2018,156,28,False,False,False,Aromas@11SIX,4,Indian,"['biryani', 'foods', 'vegetables']"
Frio Bistro,Joycee Hanna,it was a funny experience there while the main course is quite satisfying the deserts were a total let down the ground floor could definitely do with some ventilation the fumes from the washroom will drive everyone away,3,"1 Review , 56 Followers",2019-01-15 11:00:00,2019,219,38,False,False,False,Frio Bistro,3,General,"['total', 'deserts', 'let']"
Urban Asia - Kitchen & Bar,Thejoyoffood,amongst the so many options now available for dining at gachibowli urban asia is difficult to ignore both for location and food getting in there if you are driving can be tricky sometimes since there is too much traffic in a narrow lane however they have a valet in the basement and you can park there and head over to the 4th floor which actually is a mix of a few restaurants the place offers both buffet and alacarte options and you could choose what you like we ordered pad thai noodle and chilly tofu i have not had such soft and delicious todu in a long time and was happy to have given that a shot moreover the portion size was fairly decent the pad thai tasted slightly sweet to my wifes liking but again flavoursome and good portion the place was quiet and you could enjoy your food in peace the staff is courteous and service is prompt,4,"174 Reviews , 230 Followers",2019-04-09 13:41:00,2019,845,160,False,False,False,Urban Asia - Kitchen & Bar,4,Chinese,"['portion', 'thai', 'options']"
American Wild Wings,Rajini Kanth,loved the wings great environment with great taste best serve wings biryani tastes excellent i recommend to go with your friends and have a great meal,5,1 Review,2018-10-16 23:09:00,2018,150,26,False,False,False,American Wild Wings,5,Indian,"['wings', 'great', 'environment']"
NorFest - The Dhaba,Hayavadan Rao / The DeccanFoodie,a really good meal at a reasonable price the quantity was perfect not a lot and not too less i ordered the paneer combo and shikanji norfest dhaba has probably one of the best packaging materials looking at the box itself i started feeling more hungry the only part in the meal that disappointed me was the shikanji it was not something that you could brag about,4,"129 Reviews , 286 Followers",2019-02-15 22:31:00,2019,362,67,False,False,False,NorFest - The Dhaba,4,General,"['meal', 'dhaba', 'feeling']"
Karachi Cafe,Divya Pasumarthy,absolutely loved the place the food aesthetics everything i was pretty lost looking at the antiques and having veg cutlet with filter coffee thought it was expensive while looking at the menu but the quantity was pretty good much recommended,5,"14 Reviews , 94 Followers",2018-09-05 21:35:00,2018,241,40,False,False,False,Karachi Cafe,5,Cafe,"['looking', 'pretty', 'lost']"
Hunger Maggi Point,Vonkayi23,good it is delivered on time,5,"5 Reviews , 2 Followers",2018-10-28 18:14:00,2018,28,6,False,False,False,Hunger Maggi Point,5,General,"['delivered', 'time', 'good']"
Behrouz Biryani,Prasad,not received my order fuck off,1,2 Reviews,2018-08-16 02:21:00,2018,30,6,False,False,False,Behrouz Biryani,1,Indian,"['received', 'order', 'given']"
Olive Garden,Lakshmi Narayana,less spicy but not bad,4,"3 Reviews , 3 Followers",2018-07-12 20:45:00,2018,22,5,False,False,False,Olive Garden,4,General,"['spicy', 'bad', 'ginger']"
Pakwaan Grand,Zishan Khan,wrong food wrong bill no taste time waste insects in food food raw when metioned this all to the manager he was reluctant to hear the feedback,1,"2 Reviews , 5 Followers",2018-10-13 22:38:00,2018,142,27,False,False,False,Pakwaan Grand,1,General,"['wrong', 'raw', 'feedback']"
AB's - Absolute Barbecues,Binny Sean,foood was very tasty and very goos servicewould love to appreciate the service by surajit iijual and mahaliwell done guyskeep it up,5,"1 Review , 29 Followers",2019-05-09 23:11:00,2019,131,22,False,False,False,AB's - Absolute Barbecues,5,Steakhouse,"['appreciate', 'love', 'tasty']"
AB's - Absolute Barbecues,Monika Pandey,visited abs 3rd time and as always staff was very friendly and welcoming decent ambiance and wide variety of food its a must visit for barbecue lovers,4,"6 Reviews , 47 Followers",2019-05-25 15:28:00,2019,150,27,False,False,False,AB's - Absolute Barbecues,4,Steakhouse,"['wide', 'lovers', 'variety']"
Hunger Maggi Point,Rapid Quotient,i didnt say to include cheese but they did here i didnt liked it,1,"1 Review , 2 Followers",2018-10-18 19:26:00,2018,64,14,False,False,False,Hunger Maggi Point,1,General,"['didnt', 'did', 'liked']"
Udipi's Upahar,Kaushik Padmanaban,when i first reached hyderabad i wanted to eat dosa and idli just like the ones i had in chennai so after some research i reached udupis upahar the sambar was sweeter than i expected i believe it is the karnataka style i still liked it the bonda was awesome and the price was comparatively low great experience i would like it if they had spicier sambar,4,"11 Reviews , 7 Followers",2018-12-09 20:27:00,2018,353,67,False,False,False,Udipi's Upahar,4,Bar,"['reached', 'believe', 'like']"
Zing's Northeast Kitchen,Bastab Chakraborty,couldnt resist posting this review has been visiting this place since the time it opened has been there multiple times never before felt this urge of posting a review since the food always stood out and dominated the service but nothing changed over the time in terms of service rather its turned worse over time there cant be an excuse of quality of food in exchange of service if food is the only yardstick they fail to beat that as well dishes are pretty authentic but equally monotonous in taste as a customer i would rather not visit to wait for two ordered dishes for an hour worse food that can be had sooner is always better than slightly better food with infinitely worse service,2,"36 Reviews , 95 Followers",2019-05-01 22:38:00,2019,688,125,False,False,False,Zing's Northeast Kitchen,2,General,"['worse', 'review', 'service']"
The Foodie Monster Kitchen,Shovan M,what you must try here all the rice bowlsboth veg and non veg the varieties of omlette waffelsmonster egg and monster chicken different types of shawarmas french fries and banana pancakes we went here to bid farewell to one of our friend and tried all the above varieties all turn out be yummy simple and sober the crews were very friendly and the ambience is super,4,"48 Reviews , 67 Followers",2018-07-06 20:52:00,2018,365,66,False,False,False,The Foodie Monster Kitchen,4,Dessert,"['varieties', 'veg', 'pancakes']"
Urban Asia - Kitchen & Bar,The Greedy Hippo,on a saturday casual lunch i was simply floored by the ambiance they have set up and i couldnt stop looking at the artifacts they have put up its like one could just spent hours looking at them and admiring the heritage of india i was in mood for chinese and went full blast the wonton soup superceded the manchow one the dragon prawns were okayish the sangdown chicken wings could have been more jucier coming on to the main course we had ordered a barrage of items sanghai fried rice loved it kung pao chicken delicious hunan chicken bland had to parcel shrimp soft noodles good bamboo fried rice good pan fried noodles in cantonese sauce a disaster for my part i had ordered food which turned out to be best my friends were dissapointed the mojito and virgin mojito were good and packed a punch i loved everything about this restaurant and would be back here to try my favourite kung pao chicken it has stuck on my taste buds taste 4 service 4 ambiance 5 value for money 4,4,"207 Reviews , 1051 Followers",2019-02-18 18:11:00,2019,975,182,False,False,False,Urban Asia - Kitchen & Bar,4,Chinese,"['kung', 'pao', 'fried']"
Cafe Eclat,Bozy Chabungbam,cafe eclat is a warm and cozy place which has quite a lot to offer for those who love dessert the raspberry jam donut was good but the chocolate ganache tart wasnt really upto the expectation when one tart costs rs 150 overall a good place to spend good time with friends for coffee but could be little over priced if the right item is not ordered,4,"2 Reviews , 37 Followers",2019-01-07 21:35:00,2019,347,67,False,False,False,Cafe Eclat,4,Cafe,"['rs', 'cozy', 'warm']"
Pista House,Pankaj Pawar,ambiance 45 nice and clean place service 45 nice and quick service food chicken afgani was awesome chicken pieces were cooked really well and curry was yummy chicken 65 biryani is a bit unique and we really liked the taste,4,"56 Reviews , 87 Followers",2018-09-28 20:57:00,2018,222,40,False,False,False,Pista House,4,Indian,"['45', 'chicken', 'nice']"
Urban Asia - Kitchen & Bar,Rishav Sarkar,visited this branch of urban asia this afternoon for lunch the eat india co indian restaurant is just beside urban asia and i read few reviews about this place urban asia gachibowli not serving food as good as the jubilee hills branch as they share the same kitchen but as i experienced today these branch is as good as the other one they have maintained the food quality quality exactly the same even the buffet has nice spread of asian menu as well as some indian dishes ordered our favourite pork ribs which is very very delicious ordered some chilli lamb and orange chicken chilli lamb was really delicious but the orange chicken was average cause we asked for less gravy and it was a lot of gravy i dont like sweet dishes may be its the authentic orange chicken all together good experience staff is also very courteous and professional,5,"123 Reviews , 405 Followers",2019-01-13 18:13:00,2019,841,151,False,False,False,Urban Asia - Kitchen & Bar,5,Indian,"['orange', 'asia', 'urban']"
La La Land - Bar & Kitchen,Uday Kumar,been here with a big group of colleagues for buffet lunch on a friday starters were great as was the service desserts can be improved please replace those burfy stylesweets with a live ice cream counter and you should score a 5,4,"13 Reviews , 3 Followers",2018-12-21 16:47:00,2018,227,42,False,False,False,La La Land - Bar & Kitchen,4,Dessert,"['colleagues', 'counter', 'friday']"
Cascade - Radisson Hyderabad Hitec City,Pradeep Kumar,nice food with good stuff and ambiguous nature we went with friends for birthday party they have arranged all stuff and even we enjoyed a lot and management team was quite awesome and the way of receiving full enjoyed preffered to go and chill out in anytime,5,"1 Review , 2 Followers",2019-01-03 22:40:00,2019,258,47,False,False,False,Cascade - Radisson Hyderabad Hitec City,5,General,"['stuff', 'enjoyed', 'chill']"
Momos Delight,Shrutipriya Nandi,ordered momos from here many timesthis place is good for momo lovers like mei have tried their kukure chicken momo and steamed chicken momo and both are nicethe price of kukure momo is a bit high but its crispy and tasty so worth a try,4,"10 Reviews , 41 Followers",2019-03-16 17:02:00,2019,235,45,False,False,False,Momos Delight,4,General,"['steamed', 'momos', 'chicken']"
Pot Pourri,Yash Barmecha,it is a good place to be the ambience is very friendly the food is on par with what you expect the prices are decent enough and is not very easy to locate although if youre using google maps then its easy to find,4,"91 Reviews , 126 Followers",2019-03-03 16:20:00,2019,212,44,False,False,False,Pot Pourri,4,General,"['easy', 'youre', 'expect']"
Gal Punjab Di,Leher Sadhnani,nai they dont have any punjabi gal first things first really not happy with their service two different groups of people who came after us were served earlier than us and another worst thing was washrooms din have water supply and that created a big problem for most of the customers so finally we got our order after 2025 min of wait the lemon coriander soup was quite normal with dense eggy smell in starters amrutsari murg was nice with moderate flavours along with malai this came with grated cheese on top of it which was the only best part methi roti was fresh and good which came with 2 pieces unlike plain tandoori tasted too bad it was the flour which got stale over the time may be dont know how they served it so we ordered boneless murg i guess it was murg musalam this tastes really good just like as i needed less spicy thick gravy and nice pieces of chicken overall one time try stop,3,"139 Reviews , 685 Followers",2019-03-14 22:31:00,2019,898,169,False,False,False,Gal Punjab Di,3,Indian,"['murg', 'came', 'pieces']"
Shah Ghouse Hotel & Restaurant,Sandeep Sood,food is good but for the second time around they didnt send us our complete order had ordered 4 naans got only 2 also got daal tadka instead of daal makhani not sure if its the ramadaan rush but now twice in a row our online orders thru zomato have been messed up probably will avoid going forward,2,"1 Review , 3 Followers",2019-05-20 12:42:00,2019,297,58,False,False,False,Shah Ghouse Hotel & Restaurant,2,General,"['daal', 'got', 'forward']"
Labonel,Asraahmad22,their tag line fine baking describes this bakery best really one of the finest bakes i have encountered so far the chocolate brownie are commendable with the right balance of chocolateiness and fudgeiness in every bite we also loved the cookies and banana loaf,5,"9 Reviews , 6 Followers",2018-11-25 23:25:00,2018,260,44,False,False,False,Labonel,5,Dessert,"['cookies', 'banana', 'bite']"
The Glass Onion,Lasya M,we went as a group of 5 on a saturday night the ambiance and decor was good mosquito filled we had ordered 3mushroom soup decent margarita pizza we asked for a slight customization but sss not adhered to but given his own will on it quinnoa chat surprisingly different and nice battered fish decent kun pao chicken succulent meat done well teriyaki mushroom tasted more sour than like teriyaki borcolli kababs melt in the mouth noodles were done well lamb in lemon butter sauce i think a wrong dish of lamb was served cheese cake done well apple pie okayish all in all the food was decent but the service was pathetic we moved from outside to inside ac due to mosquitos and the rooms were also mosquito filled when asked he bluntly cited that there is nothing they could do the staff have no clue of the menu also food is not served in time the lamb came 20 minutes after we finished rest of the maincourse food 35 ambience 35 5 it would have been a straight 5 if mosquitoes were dealt with vfm 35 service 0,2,"3 Reviews , 104 Followers",2019-03-10 01:27:00,2019,1007,189,False,False,False,The Glass Onion,2,Italian,"['lamb', '35', 'decent']"
Feast - Sheraton Hyderabad Hotel,Namit Agarwal,sheraton is one of the best hotels in hyderabad but their restaurant fails to match the expectations i have come here twice for the buffet and the only good thing was some dessertsthey have very few options in vegetarian starterspizza is not of the best quality whole pasta is good their desserts looks mindblowing but only few of them are actually very good ambiance is pretty amazing but its not the worth the price you pay for the kind of food you get here,3,"179 Reviews , 1877 Followers",2018-12-31 00:08:00,2018,459,84,False,False,False,Feast - Sheraton Hyderabad Hotel,3,Italian,"['match', 'best', 'pay']"
Pakwaan Grand,Tulasi Ram,biriyani taste is good but got 75 percentage of full spicy biriyani that too it was like one rice part is attached with another rice part with help of masala so please mention special request clearly in the comment session while orderingexampleneed little spicy biriyani,3,"3 Reviews , 13 Followers",2019-02-19 08:07:00,2019,270,45,False,False,False,Pakwaan Grand,3,General,"['biriyani', 'spicy', 'rice']"
American Wild Wings,Shantam Sinha,terrible wings not sure if this was just a one off or not but it was inedibly spicy good fries tho choice for sauces would probably be mich more helpful,1,"3 Reviews , 1 Follower",2019-02-24 20:31:00,2019,152,30,False,False,False,American Wild Wings,1,General,"['terrible', 'sauces', 'probably']"
Komatose - Holiday Inn Express & Suites,Addie B,komatose sigh i had high expectations by seeing the rating but unfortunately the menu place and the crowd was very dissapointing we like the fried mozzarella couldnt find anything better or unusual well this is not a separate restaurant they use one single restaurant by two names only what made me give a 3 ratings was the live music bollywood beautiful voice of the singer sorry komatose aditi,3,"9 Reviews , 24 Followers",2018-04-12 21:00:00,2018,395,68,False,False,False,Komatose - Holiday Inn Express & Suites,3,General,"['restaurant', 'ratings', 'bollywood']"
Banana Leaf Multicuisine Restaurant,Shyam Reddy,approach to the hotel could have been better on the top floor of an old building with smelly ground floor location could have been better not very visible from the outside lift could have been better pretty old lift not sure if it passes safety norms ambience inside the restuarant could have been better doesnot give you a good vibe thats about the appearance and appeal spread was decent for a discounted price of 400 per person inclusive of all taxes food was ok as well i could see a lot of smiling faces familes and that sums it all if food is good then nothing else should matter i guess,3,"24 Reviews , 8 Followers",2018-06-01 16:07:00,2018,593,111,False,False,False,Banana Leaf Multicuisine Restaurant,3,General,"['better', 'old', 'floor']"
AB's - Absolute Barbecues,Arjun,excellent food and excellent service by mr bahadur rahamat and ripen we are fully happy to there service also all things was excellent we again visit soon love abs,5,"1 Review , 1 Follower",2019-05-24 15:37:00,2019,163,29,False,False,False,AB's - Absolute Barbecues,5,Steakhouse,"['excellent', 'fully', 'mr']"
Cafe Eclat,Abhirupa Lahiri,i havent tried their ala carte menu but had a slice of their cheesecake which was definitely not worth the whopping 410 bucks it was nothing like the original cheesecake and had a strong annoying scent of cinnamon moreover the portion was too meagre,1,"29 Reviews , 131 Followers",2018-04-16 00:06:00,2018,249,44,False,False,False,Cafe Eclat,1,Cafe,"['cheesecake', 'ala', 'havent']"
Komatose - Holiday Inn Express & Suites,Satwinder Singh,well next to jonathans kitchen is this place to down a few komatose is a good crowd puller with plenty of weekend party groups and people from nearby it companies the team at the bar does a phenomenon job their interaction with guests is over the top no wonder i heard of people visiting this place almost every day of the year also from my experience this is one of those few places where the sound acoustics are so well designed that its loud yet comfortable you will not come out with a sore throat the food comes from its sibling jonathans kitchen so we know it can never go wrong about the drinks well what could go wrong with them and oh did i mention the cheese chilli toast its different try it the outdoor cabanas can seat about 8 10 people each wonderful for the evenings great music with shows on specific days of the week draft is served but tends to vanish quickly this place is a full package drinks hic hic food 5 5 ambiance 45 5 service 5 5,5,"186 Reviews , 13410 Followers",2018-04-09 16:11:00,2018,956,184,False,False,False,Komatose - Holiday Inn Express & Suites,5,Bar,"['people', 'wrong', 'kitchen']"
Yum Yum Tree - The Arabian Food Court,Gaurav Lall,honestly ive been to this place couple of times in frequent events 1st two times i really loved the mandi but last two times it was just ok ok have you guys sacrificed your quality or it was the odd timing both the time i went i feel the taste should be same all the time specially the rice in the mandi use to be tastier than chicken or mutton but now its just ok ok type dont do this guys you have one of the best for mandis in hyderabad please maintain your quality,2,1 Review,2018-07-30 07:19:00,2018,468,95,False,False,False,Yum Yum Tree - The Arabian Food Court,2,General,"['ok', 'times', 'mandi']"
Paradise,Bharath Shetty,the food was simple and tasty i also like the ambience and the quality of the dishes service and the restaurant were overall good and soothing to ones mood,5,"1 Review , 1 Follower",2019-05-14 20:02:00,2019,155,29,False,False,False,Paradise,5,General,"['soothing', 'mood', 'ones']"
KS Bakers,Sai Krishna,ordered paneer tikka pizza through swiggywhat a taste yummythank u ksbakersbetter order 1 pizza for two peopletheir pizza size is big,5,1 Review,2018-12-25 13:16:00,2018,133,21,False,False,False,KS Bakers,5,Italian,"['pizza', 'size', 'big']"
SKYHY,Gaurav Lohani,food was mediocre and had to wait an hour just to get the starters a rooftop devoid of a view only good thing about the place was the dance floor,3,"14 Reviews , 60 Followers",2018-12-03 01:41:00,2018,145,30,False,False,False,SKYHY,3,General,"['hour', 'rooftop', 'wait']"
Chinese Pavilion,Ankush Agrawal,the place has authentic chinese food we had soup starters and main course the food was delicious and service was very nice the ambience of the place is suitable for fine dining,4,"12 Reviews , 17 Followers",2016-11-04 19:58:00,2016,176,32,False,False,False,Chinese Pavilion,4,Chinese,"['dining', 'authentic', 'fine']"
Mustang Terrace Lounge,Shravan Punna,its a good place with awesome ambience and a wide variety of dishes to choose from we booked a terrace lounge for our team out and have spent good time the staff are courteous and the service is faster than expected would love to go again here pros ambience food alcohol service,4,"8 Reviews , 3 Followers",2019-03-01 12:31:00,2019,278,52,False,False,False,Mustang Terrace Lounge,4,General,"['terrace', 'alcohol', 'spent']"
B-Dubs,Abhinav Kulshrestha,great combination of good food and gaming stations staff is really friendly and nice if you have a group of friends who want to relive the 90s videogame era definitely go to bdubs and fight over tekken try visiting in nonbusy hours as youll be able to get more gameon time a bit expensive though but that really justifies the ps xbox abd vr experience,5,"10 Reviews , 4 Followers",2019-05-04 15:16:00,2019,351,65,False,False,False,B-Dubs,5,General,"['ps', 'youll', 'combination']"
B-Dubs,Ashish Tummalapalli,wonderful place to chillout with buddies and can have fun part with ps4 gaming food is really awesome and they have different sauces blazing is really hot should give a try sunny was with us to entertain and giving good experience of bdubs,5,"2 Reviews , 2 Followers",2019-05-14 23:44:00,2019,239,43,False,False,False,B-Dubs,5,General,"['really', 'sauces', 'fun']"
Zing's Northeast Kitchen,Tavleen Kaur Gandhi,small but cozy place if you are looking for good north east food or korean food the place usually packed but you would definitely find a table staff is polite and friendly coming to food there is so much on the menu to try on pork ribs are most recommended but they are only available on weekends beef with onions and chilly is good they come with complimentary rice which is unlike normal indian rice more like how koreans eat you get non alcoholic beer here which goes well with the food,4,"111 Reviews , 568 Followers",2019-02-10 00:47:00,2019,489,92,False,False,False,Zing's Northeast Kitchen,4,Indian,"['rice', 'food', 'beef']"
eat.fit,Gaurav,last time i ordered the foodtofu keema wrap dal makhni and parathe from here i was delivered spoiled food the wrap was literally smelling sour and parathe were like they have been prepared in the morning and sent to us for dinner i always order from this restaurant and since it was the first time i wanted to ignore this but still putting out this review so that management can introspect and figure out if this was process fault delivery fault or a manual one,1,"5 Reviews , 7 Followers",2019-05-19 14:52:00,2019,461,85,False,False,False,eat.fit,1,General,"['wrap', 'spoiled', 'sent']"
Sardarji's Chaats & More,Foodie Goodie,it was the second time i ordered something from here and both the times food was delicious first time i ordered for an alloo paratha it was huge in size and wasnt able to eat full and this time ordered aloo cheese sandwich it was yummy loved it will definitely try some other things from here,5,"60 Reviews , 698 Followers",2018-10-22 19:31:00,2018,292,56,False,False,False,Sardarji's Chaats & More,5,General,"['time', 'ordered', 'able']"
Over The Moon Brew Company,Archana Sinha,absolutely loved the food and ambience special thanks to keshav for the wonderful service should try their signature vegetarian starters,5,"1 Review , 22 Followers",2019-05-04 14:11:00,2019,136,20,False,False,False,Over The Moon Brew Company,5,General,"['signature', 'vegetarian', 'wonderful']"
Mohammedia Shawarma,Pv Karthik,this is the continuous second time that the order is not delivered completely not acceptable,1,"1 Review , 1 Follower",2018-08-03 18:10:00,2018,92,15,False,False,False,Mohammedia Shawarma,1,General,"['completely', 'second', 'delivered']"
Ulavacharu,Kameswararao Dv,after hearing from my friends suggestions i had prawns fry and chicken biryani they need to improve food taste and quality my dinner at ulavacharu food is okay,2,"1 Review , 10 Followers",2018-12-30 21:23:00,2018,159,28,False,False,False,Ulavacharu,2,Indian,"['fry', 'improve', 'prawns']"
"3B's - Buddies, Bar & Barbecue",Sunil Pathak,awesome place to enjoy with friends especially these guys shivam and govind here are such polite people shivam really listens to ur orders and make them his priorities,5,"1 Review , 3 Followers",2019-05-04 23:07:00,2019,167,28,False,False,False,"3B's - Buddies, Bar & Barbecue",5,Steakhouse,"['govind', 'ur', 'orders']"
eat.fit,Sahil S,great food no oil soft rotis tasty gravy and juicy chicken its a little on the expensive side but absolutely the best when they have deals,5,"2 Reviews , 1 Follower",2019-05-05 14:05:00,2019,138,26,False,False,False,eat.fit,5,General,"['rotis', 'oil', 'juicy']"
Cream Stone,Nadeem Hussain Shaikh,ordered fruit exotica and i dont know what the hell is this ice cream but sure its not what i ordered not the experience what i wanted but that was indeed a surprise,1,"2 Reviews , 50 Followers",2018-12-24 01:05:00,2018,165,33,False,False,False,Cream Stone,1,Dessert,"['hell', 'surprise', 'fruit']"
Momos Delight,Anam Raihan,i didnt got the order and i kept calling the delivery guy and he was not receiving my call i dont know what is wrong with the delivery boy literally pathetic service,1,"1 Review , 1 Follower",2018-10-13 23:18:00,2018,165,32,False,False,False,Momos Delight,1,General,"['delivery', 'boy', 'kept']"
10 Downing Street,Chirag Gupta ?,this place is lively the ambience is good theres open terrace too the staff is real friendly the food is good the dj didnt feel up to the mark though,4,"111 Reviews , 1013 Followers",2019-03-06 14:05:00,2019,149,30,False,False,False,10 Downing Street,4,General,"['terrace', 'theres', 'real']"
T Grill,Amarender Reddy Godala,it used to be good since last few months food quality and quantity changed they will serve any grass in the name of palak not suggestable at all,1,"4 Reviews , 16 Followers",2018-05-10 20:51:00,2018,144,28,False,False,False,T Grill,1,Steakhouse,"['used', 'serve', 'quantity']"
The Tilt Bar Republic,Sidhant Girglani,i have only one word mediocre we went there thinking it would have good music and nice decor but it had neither since we were not drinking the menu also seemed very limited go there if you wanna drink n snack but then there are cheaper places which offer both with a better ambience,3,"22 Reviews , 17 Followers",2018-11-04 01:35:00,2018,282,54,False,False,False,The Tilt Bar Republic,3,Bar,"['decor', 'limited', 'offer']"
T Grill,Chanda,food was good tried biryani and prawns dishes both are good nice garden ambiance service was good but waiting time wasnbit high compare to other restaurants,4,"106 Reviews , 763 Followers",2018-06-23 22:17:00,2018,156,26,False,False,False,T Grill,4,Indian,"['waiting', 'good', 'restaurants']"
eat.fit,Bharath Kumar,thank you so much for the excellent foodit tasted great price quality everything good i ordered via zomato online app delivery package was also greatif there was a way if packaging more environment friendly that would be great,4,3 Reviews,2019-05-21 13:18:00,2019,226,38,False,False,False,eat.fit,4,General,"['package', 'app', 'environment']"
Shree Santosh Dhaba Family Restaurant,Raghuram,you will definitely enjoy the food here 100veg ratings food 355 service 355 ambiance 355 biryani 355 kaju biryani is good cantry,3,"5 Reviews , 2 Followers",2018-07-02 20:58:00,2018,128,22,False,False,False,Shree Santosh Dhaba Family Restaurant,3,Indian,"['355', 'biryani', 'kaju']"
Cascade - Radisson Hyderabad Hitec City,Abhishek Singh Kshatri,not at all up to the mark disappointed ordered food to the room i am staying in and literally left it after having the first taste the presentation was good but food was bad,3,"14 Reviews , 241 Followers",2017-10-01 02:11:00,2017,173,34,False,False,False,Cascade - Radisson Hyderabad Hitec City,3,General,"['room', 'literally', 'presentation']"
Behrouz Biryani,Krishna Jangid,not received any order from your restaurant,1,"2 Reviews , 1 Follower",2018-12-12 18:41:00,2018,43,7,False,False,False,Behrouz Biryani,1,Indian,"['received', 'order', 'restaurant']"
B-Dubs,Pavan Kumar,the ambience and food is awesomecool place to hangout a lot to try gamesvirtual reality loved itits totally cool and fun place to go with friends and couple,5,"1 Review , 10 Followers",2019-04-30 16:09:00,2019,156,28,False,False,False,B-Dubs,5,General,"['fun', 'couple', 'cool']"
KS Bakers,Kiran,ks bakers has several branches in hyderabad and i visited gachibowli branch it was good place to visit on weekends with friends or family and food was awesome i ordered several times from this bakers and every time the food was as expectedoverall food was tasty and it is budget friendly,5,"8 Reviews , 3 Followers",2018-10-09 20:10:00,2018,287,51,False,False,False,KS Bakers,5,General,"['branch', 'budget', 'weekends']"
The Foodie Monster Kitchen,Aditi Rana,the person who delivered the order was on time polite and food was good too loved the pancakes and the drink im definitely ordering again,5,"3 Reviews , 38 Followers",2018-08-27 13:35:00,2018,137,25,False,False,False,The Foodie Monster Kitchen,5,Dessert,"['pancakes', 'im', 'ordering']"
eat.fit,Farhad Tarapore,great place to order decent food have ordered dinner from them on multiple occasions the taste is definitely great especially their exotic chicken dishes the indian menu is also very satisfying have developed a deep liking for their date pudding its great comfort food the food is not oily and doesnt leave you feeling bloated,5,"86 Reviews , 647 Followers",2019-03-05 13:42:00,2019,326,55,False,False,False,eat.fit,5,Indian,"['great', 'leave', 'feeling']"
PourHouse7,Aditya Yellapanthula,excellent place perfect for an after work beer catch up great food and great service dharamender and titu were very good will definitely keep visiting the place,4,"7 Reviews , 95 Followers",2019-02-11 22:06:00,2019,160,27,False,False,False,PourHouse7,4,Japanese,"['great', 'visiting', 'beer']"
Hunger Maggi Point,Kanika Sharma,very nice place to get rid of your hunger in late night in hitech city ordered fried chicken maggi turned to be good packing and taser was good,5,"50 Reviews , 45 Followers",2018-10-28 19:55:00,2018,143,28,False,False,False,Hunger Maggi Point,5,General,"['hunger', 'maggi', 'turned']"
Biryanis And More,Va Hini,visited this place for the first time tried gongura mutton biryani and tuglaq biryani both the dishes tasted decent but they didnt justify the biryani tag line tuglaq biryani tasted more of pulav and it nowhere can stand near biryani the amount of meat given is not on par with the money you shed ambience is decent and the staff are quite courteous,4,"7 Reviews , 8 Followers",2018-12-23 01:29:00,2018,349,63,False,False,False,Biryanis And More,4,Indian,"['biryani', 'decent', 'tasted']"
Desi Bytes,Ambika Shahu,aloo curry was old and smelly,1,2 Reviews,2018-05-18 23:07:00,2018,29,6,False,False,False,Desi Bytes,1,Indian,"['aloo', 'old', 'curry']"
Tempteys,Karishma Bhatt,since i am not an ice cream lover still i ordered oreo brownie thick shake the shake was good enough need to improve packing while delivery price 355 delivery 55 taste 35,3,"90 Reviews , 148 Followers",2018-10-23 08:29:00,2018,170,32,False,False,False,Tempteys,3,Dessert,"['shake', 'delivery', 'lover']"
Khaan Saab,Foodies Hyderabad,i visited with my friends on last mondayi enjoyed the good time food was really nice and service was very good i want to recommended to others,5,"31 Reviews , 9494 Followers",2019-02-01 18:04:00,2019,142,27,False,False,False,Khaan Saab,5,General,"['recommended', 'enjoyed', 'want']"
Domino's Pizza,Sai Sujan,very worst taste i have ever had in my life even compared to others like ks bakers karachi bakery pizza are better than this dont want to refer,1,1 Review,2019-05-02 07:30:00,2019,143,28,False,False,False,Domino's Pizza,1,Italian,"['karachi', 'life', 'bakery']"
Kritunga Restaurant,Srideep Bommisetti,this was good place for good food mushroom vepudu starter was too good here if you are not that much intrested for ambience and wanna taste good food i will defintley suggest this place also as it was in indra nagar parking aslo little difficult for this resturant,4,"3 Reviews , 3 Followers",2019-01-28 19:24:00,2019,264,48,False,False,False,Kritunga Restaurant,4,General,"['good', 'difficult', 'parking']"
The Indi Grill,Spanchaity,subhandu and narendra provided good service only things is biryani cud have been better ambience was good make a prebooking otherwise getting table is difficult,4,"11 Reviews , 3 Followers",2019-05-03 14:02:00,2019,160,25,False,False,False,The Indi Grill,4,Indian,"['difficult', 'getting', 'provided']"
Aromas@11SIX,Aruna Kiran,its my updated review first time it was not good experience wrt staff but we opted this place again due to good food they improved alot wrt service and staff response food anyways is great here,5,"2 Reviews , 1 Follower",2018-11-24 20:05:00,2018,193,36,False,False,False,Aromas@11SIX,5,General,"['opted', 'staff', 'response']"
Zega - Sheraton Hyderabad Hotel,Sanskruti Mishra,my husband and i visited zega for their dimsum festival and we were not disappointed the service started with a delicious bowl of thukpa which had a perfect blend of spice followed by an array of dimsums each being delicious and warm the chicken gyoza was absolutely mind blowing i could eat a zillion of those the dimsums which we were full after were followed by the main course which included fried ricesoft noodle with chicken and fishwe did not try the vegetarian dishes the cherry on the cake was the dessert toffee banana with ice cream ugh delicious our bill was 1700 for 2 worth every penny ambience55 taste55 value for money55surprisingly service455 will i visit again yes maybe for a different food festival this time,5,"99 Reviews , 909 Followers",2019-05-21 20:36:00,2019,728,127,False,False,False,Zega - Sheraton Hyderabad Hotel,5,Chinese,"['delicious', 'included', 'banana']"
The Old Madras Baking Company,Bikalpa Pandey,zomato information is wrong it says the place closes at 11 we reached at 1030 and the place was closed the staff was quite uncourteous and turned is it quite impolitely,1,"39 Reviews , 23 Followers",2019-05-14 22:38:00,2019,168,31,False,False,False,The Old Madras Baking Company,1,General,"['quite', 'reached', 'turned']"
Cafe Eclat,Benazeer Khan,we went for breakfast to cafe eclat on a sunday morning we ordered spinach omelette belgian waffles coffee and gelato everything was delicious but over priced for the quantity especially the waffles overall its a good place with happy vibes just a little overpriced and the portions are small,4,"44 Reviews , 33 Followers",2018-05-28 19:54:00,2018,292,49,False,False,False,Cafe Eclat,4,Cafe,"['waffles', 'omelette', 'portions']"
Gal Punjab Di,Shiva Charan,i usually dont eat fish but i tried amritsari fish tikka here tasted good and in main course quantity of the curry served is less overall experience 4,4,"3 Reviews , 1 Follower",2018-11-08 20:47:00,2018,150,28,False,False,False,Gal Punjab Di,4,Indian,"['fish', 'usually', 'tikka']"
Mathura Vilas,Sushmita Mishra,i visited the place yesterday for lunch with my family this is usually a most loved place by all my family members and me for a casual dining but yesterday it is a very bad experience we noticed the manger is changed it took 20 minutes to find some one to take the order then it took him almost 30 minutes for the thali i called the manager and asked why is it taking so long as we habe only asked a thali and lassi then he told us that some of the food got over so we are preparing it again so only it is taking so much time but is was courtesy that he could have informed us that it is going to take time after 40 minutes the food was served but the lassi again took a very long time we cancelled the order and moved out,1,"3 Reviews , 3 Followers",2019-04-15 17:20:00,2019,722,150,False,False,False,Mathura Vilas,1,General,"['minutes', 'took', 'lassi']"
Shanghai Chef 2,All That Is Gourmet,this place has not failed to delight us of the multiple times that my friends family and i have dined there not one has been disappointing the food is fresh tasty and also visually appealing the staff is friendly and the service is prompt the restaurant is clean and maintained i recommend this place for good value chinese food,4,"4 Reviews , 12 Followers",2018-06-23 21:36:00,2018,328,59,False,False,False,Shanghai Chef 2,4,Chinese,"['maintained', 'delight', 'clean']"
Collage - Hyatt Hyderabad Gachibowli,Golam Rasul,absolutely lovedeliciously great combination of yummy crispy crunchy juicey university and divercity and integrity and constancy of love care honor relativly food bevrages ti serv the nation,5,"1 Review , 13 Followers",2017-09-29 18:06:00,2017,190,27,False,False,False,Collage - Hyatt Hyderabad Gachibowli,5,General,"['combination', 'absolutely', 'care']"
Pakwaan Grand,Venki Venkat,today i ordered panneer and roti but not satisfy with food test panneer 65 its test not good it is very dray its need to improve cooking,2,"1 Review , 7 Followers",2019-02-16 23:44:00,2019,136,27,False,False,False,Pakwaan Grand,2,General,"['65', 'roti', 'improve']"
The Lal Street - Bar Exchange,Depak Jena,been here many time and really like the place for drinks and finger foods crowd generally come around 10pm dj is also nice bar tenders are really cool and friendlyone mushroom coated one i remember which i order every time that beats the nonveg starters too,5,"161 Reviews , 656 Followers",2019-04-27 20:02:00,2019,257,46,False,False,False,The Lal Street - Bar Exchange,5,Bar,"['remember', 'finger', 'foods']"
Jonathan's Kitchen - Holiday Inn Express & Suites,ARYAN JHA,ambience 55 both indoors and outdoors facility value for money 355 this is with respect to sunday brunch costing rs 1200 per person staff service 55 quality of food 55 simply premiumitems i like the most are veg maki sushi broccoli salad from their regular menubut even more outstanding are their live counter options such as tawa fish not your regular bland boneless fish but the way you eat fish at home had some real flavour omelette french toast pancakes were simply brilliant variety of food 55 enormousthis is where jonathans kitchen truly excels there has to be at least one item you will madly fall in love with they claim to have over 60 items on their menu which can be verified rather immediately upon looking at the serving table in the name of unlimited drinks there was no real variety to choose from i couldnt even get my favourite soft drink thums up franchise issue probably i know and on that particular day there wasnt any option of pina colada i am a big fan of lettuce leafs please keep some,4,"3 Reviews , 3 Followers",2019-03-02 00:13:00,2019,1012,183,False,False,False,Jonathan's Kitchen - Holiday Inn Express & Suites,4,Japanese,"['55', 'fish', 'real']"
Biryanis And More,Adheeth Hundi,a great restaurant and a wonderful experience 1 the ambiance is on the spot and attractive with white and red combination spacious and have a separate waiting space which is impressive 2 service is great manager too but i think the presentation of food and table decoration can be a little improved it could be more premium 3 food is awesome i think it is the hyderabads finest biriyani i have ever had had panner biriyani awakai biriyani couple of staters and tomato soup which is really good overall its worth the cost and a pleasant place for family and friends,5,"7 Reviews , 12 Followers",2018-09-17 12:58:00,2018,564,101,False,False,False,Biryanis And More,5,Indian,"['biriyani', 'think', 'spot']"
Feast - Sheraton Hyderabad Hotel,Wes Licmoan-Ragot,good food good place amazing dishes hema was so attentive all the best all the best all the best all the best nothing but the best god speed,5,"2 Reviews , 6 Followers",2019-01-09 10:33:00,2019,140,28,False,False,False,Feast - Sheraton Hyderabad Hotel,5,General,"['best', 'attentive', 'dishes']"
Barbeque Nation,Yankeedba,been many times here and the place is not crouded during dinner time the best time to visit this place is during dinner time only as lunch time too much crouded with office guys specially mon to fri coming to food prawns and fish starters are too too good other kebabs also too good staff is too good in service and they treat us like kings and queens i strongly recommend gachibowli branch as less crowded during dinner and weekens,5,"6 Reviews , 5 Followers",2019-01-27 21:41:00,2019,432,80,False,False,False,Barbeque Nation,5,Seafood,"['dinner', 'time', 'branch']"
Pot Pourri,Tahishi Gupta,ordered mushroom chilli and keema biryani mushroom chilli was fine but the biryani tasted like pulao it dint have any aroma and it was not even close to biryani totally tasteless,3,"28 Reviews , 34 Followers",2019-04-18 21:30:00,2019,178,31,False,False,False,Pot Pourri,3,Indian,"['mushroom', 'biryani', 'chilli']"
Feast - Sheraton Hyderabad Hotel,Hemanth Emadabathuni,where to start this place is really awesome especially their hospitality how the treat the diners is worth making a point and this place is best when visited on a sunday ambiance food pricing are all perfect you should never minis their desserts as youll not even have space for all the desserts in place we visited this place on our friends birthday and they surprised us with cute little cakes and birthday wishes will soon visit this place again,5,"62 Reviews , 84 Followers",2019-04-30 22:37:00,2019,448,80,False,False,False,Feast - Sheraton Hyderabad Hotel,5,Dessert,"['birthday', 'place', 'desserts']"
Pakwaan Grand,Seshadri Reddy,this place lacks consistency everytime i go there i have different experience sometimes i had amazing biryani with prompt service and sometimes a disappointing one the biryani was consistent majority of times one of my go to place for biryani,3,"41 Reviews , 141 Followers",2018-10-05 01:20:00,2018,242,40,False,False,False,Pakwaan Grand,3,Indian,"['biryani', 'prompt', 'disappointing']"
Kritunga Restaurant,JaiReddy,very bad service people just roam around not even one gives a menu or takes order few dont know whats in menu tables arent clean onion places got others finger prints with food,1,"7 Reviews , 2 Followers",2018-10-26 14:26:00,2018,176,33,False,False,False,Kritunga Restaurant,1,General,"['menu', 'finger', 'takes']"
Komatose - Holiday Inn Express & Suites,Sumer Chawla,i was there on saturday night and they had a band performance as well it was nice music they were performingplaying bollywood and sufi tracks we seated outside because of bandoverall it is pocket friendly as well if you are a beer lover,5,"10 Reviews , 10 Followers",2019-04-01 00:55:00,2019,236,43,False,False,False,Komatose - Holiday Inn Express & Suites,5,General,"['bollywood', 'lover', 'saturday']"
GD's,Mahimaheshedunoori,bad food so high priced and not a good packaging and flavorless,1,"2 Reviews , 1 Follower",2018-08-08 00:28:00,2018,63,12,False,False,False,GD's,1,General,"['priced', 'packaging', 'high']"
Komatose - Holiday Inn Express & Suites,YatenJaiswal,very limited menu for bar and food service is below average in beers only kf avialble for finger food orders they take more than 30 minutes food quality is below average,2,"130 Reviews , 186 Followers",2019-05-17 17:24:00,2019,169,31,False,False,False,Komatose - Holiday Inn Express & Suites,2,Bar,"['average', 'finger', 'beers']"
American Wild Wings,Nagarjunareddy G,nice food good restaurant and compensate the value for money best north and south indian foods and effortabl prices rich look and maintenance,5,1 Review,2018-10-26 10:34:00,2018,141,23,False,False,False,American Wild Wings,5,Indian,"['rich', 'foods', 'south']"
Mazzo - Marriott Executive Apartments,Phani Kumar,visited this place first time yesterday and being a rainy day can not get place next to poolstill its awesome place and loved it and recommended this to my office colleagues as well,5,2 Reviews,2019-01-28 12:53:00,2019,181,33,False,False,False,Mazzo - Marriott Executive Apartments,5,General,"['yesterday', 'colleagues', 'place']"
Jonathan's Kitchen - Holiday Inn Express & Suites,Sidharth Singal,after having dinner buffet here really wonder hiw come thia place has this rating food service ambiancenothing stood out for me met friends here for dinner and wasnt impressed food is ok spread is average service is good but thats expected not exceptional most disappointing was the setup very average considering its a above average priced and a hotel restaurant easily avoidable,3,"135 Reviews , 255 Followers",2019-01-26 19:25:00,2019,380,62,False,False,False,Jonathan's Kitchen - Holiday Inn Express & Suites,3,General,"['average', 'dinner', 'setup']"
The Indi Grill,Partap Kumar,excellent service raza took care of our experience here he was polite and friendly he made sure we are feeling good with the food and ambience good variety of food specially starters are delicious good number of varieties in desserts as well,5,2 Reviews,2019-04-25 22:07:00,2019,241,42,False,False,False,The Indi Grill,5,Steakhouse,"['feeling', 'number', 'good']"
Ulavacharu,Santosh Kumar,nice placefood was good we had sambar rice which was yummy guti vankaya pulav was avgwe had gadwal pulav which was decent and other starters was also pretty decentbut some items which are mentioned in the starter menulike mirchi bajji are always not availablemanagement should be looking in to this,3,"13 Reviews , 55 Followers",2018-12-15 21:15:00,2018,298,50,False,False,False,Ulavacharu,3,Bar,"['pulav', 'mentioned', 'yummy']"
The Lal Street - Bar Exchange,Anuj Vashistha,you wanna dance with these crazy people around get in loud music inside so i like it outside nice open area be there if youre looking for some place in gachibowli otherwise id prefer jubilee or banjara food 255 service 35 ambience 255 people 255,3,"38 Reviews , 399 Followers",2019-04-28 18:27:00,2019,245,45,False,False,False,The Lal Street - Bar Exchange,3,Bar,"['people', 'crazy', 'id']"
Paradise,Kavya Rastogi,nice restaurant with friendly and courteous staff and variety of options to choose from the curry and raita are really good there are some good options for veggies also that they can try,4,"4 Reviews , 76 Followers",2019-05-24 16:52:00,2019,186,33,False,False,False,Paradise,4,Indian,"['options', 'raita', 'veggies']"
B-Dubs,Praneeth Reddy,lovely place and good food very good service provided by bharthi the taste of the wings is similar to one you get in us it would be good if they had some tap beers,4,1 Review,2019-05-11 16:00:00,2019,163,34,False,False,False,B-Dubs,4,General,"['similar', 'beers', 'provided']"
eat.fit,NayanNanda,food quality and quantity is not up to mark a family pack of chicken biriyani comes with 430 rs and it contains only 2 pretty small pieces and rice relatively very less no raita or salan given not at all worth for money quality is also not very good didnt feel anything great about worst place to order food sorry however thats the reality thanks,1,3 Reviews,2019-03-31 21:50:00,2019,346,65,False,False,False,eat.fit,1,General,"['quality', 'pack', 'sorry']"
B-Dubs,Akarsh Reddy,came here for the first timethe experience was really amazing i liked the way they celebrated my frnds bdaythanku prabhu for ur best service,5,"1 Review , 56 Followers",2019-04-28 00:56:00,2019,140,24,False,False,False,B-Dubs,5,General,"['ur', 'came', 'way']"
KFC,Swetha Surendran,great food worst attitude of staff members especially mrajay rude and never accepted his fault of taking the order wrongly made me stand in queue and order again god knows how he got a 3 star badge,1,"6 Reviews , 65 Followers",2018-09-11 22:53:00,2018,197,37,False,False,False,KFC,1,General,"['order', 'members', 'attitude']"
La La Land - Bar & Kitchen,Asha Bishnoi,la la land is best place for those who love dance and musicwent to this place to celebrate one of my friends bachelorette amd we enjoyed a lotstaff amd service were good,4,"19 Reviews , 10 Followers",2019-01-12 23:38:00,2019,169,32,False,False,False,La La Land - Bar & Kitchen,4,Bar,"['la', 'dance', 'enjoyed']"
Asian Meal Box,Nitin Pandula,order through zomato i ordered egg noodles with chicken 65 meal box for lunch and relished it thoroughly i ordered veg fried rice with chicken 65 meal box for dinner on same day this was also pretty tasty i have ordered medium size for lunch and the quantity was a fad bit more for one person however small size box was apt for a single person would love to order many more times from this place,5,"17 Reviews , 57 Followers",2019-02-04 21:38:00,2019,395,76,False,False,False,Asian Meal Box,5,Chinese,"['box', '65', 'size']"
NorFest - The Dhaba,Ravikumar Rudraraju,i have ordered lucknawi chicken pulaogood amount of chicken delivered hotbut the food is so spicy that i was unable to enjoy the taste,3,"1 Review , 2 Followers",2019-04-25 20:36:00,2019,134,24,False,False,False,NorFest - The Dhaba,3,General,"['chicken', 'delivered', 'enjoy']"
Banana Leaf Multicuisine Restaurant,Lovely Priyanka,we had buffet for dinnerits not badbut not too gudnot worth for moneytaste is just avgand food items are lessbest for just one time vist,3,"5 Reviews , 4 Followers",2019-05-01 12:35:00,2019,136,25,False,False,False,Banana Leaf Multicuisine Restaurant,3,General,"['just', 'worth', 'buffet']"
Cascade - Radisson Hyderabad Hitec City,Shishir,i visited cascade with my relatives but there is no ward to appreciate really the food is really awesome starting from soup starter main course dessert chaat everything thing is above excellent we dont find any fault in quality service ambience decor staff behaviour neat and clean hygiene everything is above excellent we strongly recommend to try cascade if you are not going to cascade then definitely you are going to miss something in life staff misfit and pranks is excellent wonderful experience never thought this is one of the best restaurant cascade aana chuk na jana remember,5,1 Review,2019-02-02 21:03:00,2019,586,98,False,False,False,Cascade - Radisson Hyderabad Hitec City,5,Dessert,"['excellent', 'going', 'chaat']"
The Indi Grill,Vidya Bharti (Traod_thefoodietraveller),this restro is located in gachibowli in the platina building we headed to this place for dinner with team on friday eveningthe place is good ambience wise and the stuff are friendly toothe service was quick and they do ask you the reviews and suggestionsnow coming to the food it was okay but as compared to other buffet kitchens like abs or barbeque nation they still lag behind with the same pricethe starters were good in taste but the main course and dessert was ok ok,3,"37 Reviews , 20 Followers",2019-04-18 11:00:00,2019,472,86,False,False,False,The Indi Grill,3,Steakhouse,"['ok', 'barbeque', 'stuff']"
The Foodie Monster Kitchen,Nissy,food is awesome it will be great if they allow us to order each item separately instead of just combos,5,1 Review,2018-06-27 22:53:00,2018,102,20,False,False,False,The Foodie Monster Kitchen,5,General,"['combos', 'instead', 'item']"
Flechazo,Sumedha Torati,had good experience here with a new concept of serving food and making your own pizza service from mravinash is superb and overwhelmed to have been attended who served us food till we were full and content,5,"1 Review , 1 Follower",2019-04-27 16:05:00,2019,205,37,False,False,False,Flechazo,5,Italian,"['concept', 'making', 'superb']"
Tiki Shack,Asha JS,this one is bigger than the jubilee hills one and surely got good space which is a great thing as the previous one gets so cringy we went on a ladies night but the sad part it goes only from 8 to 10 pm and most of the girls where not even there anyway the starters are quite price competitive and tasty we had veg spring rolls veg manchurian and chicken balls all were great and i have ordered long island iced tea which they made perfect on wednesdays they have a guest dj maddy who plays super awesome tracks and in house dj akso is great too all the best guyskeep rocking ashalivelovefoodwordpresscom,4,"333 Reviews , 2237 Followers",2019-04-26 16:24:00,2019,603,114,False,False,False,Tiki Shack,4,General,"['dj', 'great', 'veg']"
Shanghai Chef 2,Ajay,i have ordered food online veg chilly garlic noodles and honey chilly potato the taste was pathetic in chilli garlic noodles there was no garlic and honey potato noodles they have made french fries and put a sweet syrup on it looks like chief does not know how to cook this dish,1,1 Review,2019-03-10 15:13:00,2019,278,52,False,False,False,Shanghai Chef 2,1,Chinese,"['garlic', 'noodles', 'honey']"
Hotel Zara Hi-Fi,Himabindu Kesagani,i have ordered veg manchuria from this hotel the manchuria was very bad and worst taste too even i didnt eat single piece of manchuria waste of money,2,2 Reviews,2019-02-14 15:24:00,2019,149,28,False,False,False,Hotel Zara Hi-Fi,2,General,"['single', 'piece', 'hotel']"
Ulavacharu,Prashanth M,have been to this place couple of times though it is expensive you will have a chance to taste few amazing starters like bamboo chicken kotha kodi and variety of pulaos the food here has authentic andhra taste,4,"3 Reviews , 1 Follower",2018-12-31 15:53:00,2018,209,38,False,False,False,Ulavacharu,4,General,"['andhra', 'chance', 'bamboo']"
Mohammedia Shawarma,Chandragopal,worst shawarma its totally waste of money i have never eaten such a worst shawarma and these people are totally fraudi dont know how these people call this as shawarmathe worst thing i have ever aten,1,1 Review,2018-08-14 18:54:00,2018,199,36,False,False,False,Mohammedia Shawarma,1,General,"['worst', 'shawarma', 'totally']"
Domino's Pizza,Prachi Mishra,i had received pizza in 55 mins its was not hot at the time of delivery,3,"5 Reviews , 3 Followers",2018-07-22 21:20:00,2018,71,16,False,False,False,Domino's Pizza,3,Italian,"['mins', 'received', '55']"
Desi Bytes,Rakesh,it was delivered 25 min late,2,1 Review,2018-07-08 16:24:00,2018,28,6,False,False,False,Desi Bytes,2,General,"['min', '25', 'late']"
Ulavacharu,Venkateswarlu Ithadi,i had a family lunch today at ulavacharu gachibowli natukodi kaju vepudu was seriously bad in taste chicken higeneness when we complain about the same staff didnt respond in proper manner,1,"2 Reviews , 2 Followers",2018-10-07 16:43:00,2018,187,31,False,False,False,Ulavacharu,1,General,"['kaju', 'proper', 'today']"
Tempteys,Vikas,hyderabad has been a place for food variety i recently tried a dosa near by and today it was some drink i guess that tempted me a bright drink for a bright day yeah its bright orange namesuitsthedrink,5,2 Reviews,2018-10-12 17:52:00,2018,200,38,False,False,False,Tempteys,5,General,"['drink', 'orange', 'guess']"
Faasos,Kiran Thota,as part of tasting review ordered masala paneer wrap jumbo chicken wrap and sigbature rice roasted chicken you guys rock well balanced taste wraps are stuffed with lots of chicken they are juicy and soft signature rice is well cooked packed perfectly served hot and quick delivered check the packing you will see funny quotations in the wrap boxes they r funny next time dont miss to read them overall satisfied with the taste and service will visit the store soon all the best guyskeep going,5,"78 Reviews , 117 Followers",2019-05-22 23:36:00,2019,492,86,False,False,False,Faasos,5,General,"['wrap', 'chicken', 'rice']"
Komatose - Holiday Inn Express & Suites,Ravi,happy happy hours they know how to make you happy during the happy hours food is tasty and right sized portions the service needs a little up lift,4,"59 Reviews , 40 Followers",2018-09-23 12:23:00,2018,146,28,False,False,False,Komatose - Holiday Inn Express & Suites,4,General,"['happy', 'hours', 'portions']"
Zing's Northeast Kitchen,Rishi Ravi,had an amazing time at zings beware place was packed all through out amazing food and drinks to go with it the ambience is nice and their food tastes great,5,"5 Reviews , 144 Followers",2019-02-17 08:35:00,2019,155,30,False,False,False,Zing's Northeast Kitchen,5,General,"['amazing', 'packed', 'tastes']"
Hotel Zara Hi-Fi,Marni Balaprasad,not at all tasty it was very spicy,1,"2 Reviews , 7 Followers",2018-09-19 18:54:00,2018,34,8,False,False,False,Hotel Zara Hi-Fi,1,General,"['spicy', 'tasty', 'friends']"
Chinese Pavilion,Vishesh Agarwal,its very over rated on zomato went to check based on the rating and my love for chinese food wonton soup was the best i had ambiance and service was 45 food is a no no with prices falling on higher side,3,"37 Reviews , 115 Followers",2017-01-07 00:46:00,2017,202,42,False,False,False,Chinese Pavilion,3,Chinese,"['rated', 'higher', 'based']"
Hyper Local,Vyshnavi Yarlagadda,we went for a birthday party we ordered the drinks the alcohol was very less so i called the bearer informed about my issue and guess what he said apke paise se bacardi or coke hi milega and drink was for 349 what i paid for that drink although the manager was sweet enough to get me another drink,1,"1 Review , 1 Follower",2019-04-02 21:04:00,2019,297,59,False,False,False,Hyper Local,1,General,"['drink', 'alcohol', 'issue']"
Zega - Sheraton Hyderabad Hotel,Bishal Saha,i frquent this place love the ambience and hospitality great food and amazing music best place for after parties great service worth mentioning are rubina neel and the whole team,5,"2 Reviews , 5 Followers",2018-07-30 22:35:00,2018,178,30,False,False,False,Zega - Sheraton Hyderabad Hotel,5,General,"['parties', 'great', 'hospitality']"
Shah Ghouse Hotel & Restaurant,Prashanth Kumar,ordered regular chicken biryani but the rice was not cooked and the i ordered double masala which i didnt get and the taste was not that good which was great when i ordered before,3,"3 Reviews , 6 Followers",2019-04-13 15:13:00,2019,179,34,False,False,False,Shah Ghouse Hotel & Restaurant,3,Indian,"['ordered', 'double', 'regular']"
Eat India Company,Rohit Rao,eat india company eic so this is a very interesting place you go there and first impressions very good when you are seated you get 3 menu cards 4 actually besides eic you are also given the menu of urban asia and tiki shack its all in one place now dont be surprised if you go there to have in urban asia and are given all three menu cards haha ok so there was buffet at the eic i scanned thru it and they had very good options there were number of options very intriguing though i had la cart ambience is very good you want to go and see whats on every wall its interesting lighting is good you get to see what you are eating ive seen some dont have enough lighting not talking about dialogue in the dark here hehe taste was good as in ok ive tasted better biryanis at other places all and all it was a good experience nothing like wow or very different its a good place your regular go out and have good food,4,"54 Reviews , 71 Followers",2019-02-01 05:58:00,2019,910,182,False,False,False,Eat India Company,4,Indian,"['good', 'asia', 'urban']"
Shah Ghouse Hotel & Restaurant,Saket Mujumdar,in regular days its a good place to have a good biryani but during ramzan the quality of food goes down in terms of taste but haleem is always good here,3,"15 Reviews , 20 Followers",2019-05-17 01:32:00,2019,152,31,False,False,False,Shah Ghouse Hotel & Restaurant,3,Indian,"['goes', 'haleem', 'terms']"
KS Bakers,Rajendra Varma,ks bakers is the best place for getting or for etting pizza they are providing the nice pizza they taste well and good so everyone can try that pizzas,4,6 Reviews,2018-11-25 16:04:00,2018,150,29,False,False,False,KS Bakers,4,Italian,"['pizza', 'pizzas', 'getting']"
Frio Bistro,Manojkumar D Nambisan,expensive but good food especially italian and finger food decent service though could have been better good location and seating with decent view,4,"29 Reviews , 11 Followers",2019-03-16 12:24:00,2019,146,23,False,False,False,Frio Bistro,4,Italian,"['decent', 'italian', 'finger']"
PourHouse7,Meghana,ambiance was superb of ph7 specially the roof topdj was good and the drinks and food were up to the marksubhash was the guy who served us very wellif you are thinking of a good ambiance place with good food and drinks then should visit this place for surewe are gonna come back very soon,4,"1 Review , 3 Followers",2019-03-25 16:39:00,2019,287,55,False,False,False,PourHouse7,4,General,"['drinks', 'ambiance', 'roof']"
Deli 9 Bistro,Suraj Shenoy,had ordered veg lasagna and enchilada for home delivery the lasagna was good but after taste wad not that great enchilada was more like an indian preparation could be better,3,"119 Reviews , 598 Followers",2019-02-09 17:52:00,2019,173,30,False,False,False,Deli 9 Bistro,3,Indian,"['home', 'indian', 'delivery']"
Frio Bistro,HappyHunger,frio bistro is located in gacchibowli below the tilt i went here with a couple of friends i had ordered belly dance pizza and ravioli the pizza was damn good nice crisp crust and the toppings were perfect but coming to the ravioli i was very disappointed it had way too much pepper in it and the taste of the sauce wasnt satisfactory either service 45 ambience 45 pizza 55 ravioli 35 overall 355,3,"105 Reviews , 1160 Followers",2018-11-01 14:39:00,2018,395,74,False,False,False,Frio Bistro,3,Italian,"['pizza', '45', 'damn']"
Ulavacharu,Vijay Kumar Konkati,the food was good as usual but the service is become worse the waiters are ignorant and lame not attending tables even for the menu we had to menu multiple times not attending the table even after calling them multiple times it was not even a busy business time request the management to have them trained it just th food which is bringing us here,1,2 Reviews,2019-05-08 15:53:00,2019,347,65,False,False,False,Ulavacharu,1,General,"['multiple', 'times', 'menu']"
Banana Leaf Multicuisine Restaurant,Jayachandra Kanala,food quality and taste awesome today tried butter chicken tikka biryani and butter naan roti with butter chicken is mouth watering gulab jamoon melting in no time best for the price,5,"3 Reviews , 1 Follower",2019-04-30 15:37:00,2019,181,31,False,False,False,Banana Leaf Multicuisine Restaurant,5,Indian,"['butter', 'watering', 'gulab']"
American Wild Wings,Sirisha,as its name suggests the wings are mouth watering you can really enjoy the taste of tenderjuicy and freshly prepared chicken lots of varieties in sauces and different kinds of wings are always pushing me to order from this restaurantquantity of combos are huge i have heard ambience is too good i am looking forward to come for dine too,5,1 Review,2018-11-13 09:02:00,2018,336,60,False,False,False,American Wild Wings,5,General,"['wings', 'combos', 'forward']"
Cascade - Radisson Hyderabad Hitec City,Kedar Deo,date 14feb2018 930 am was staying at this hotel so had breakfast at this diner a decent place usual breakfast buffet that you find in such a place the service is good but food and ambience is average the good part is that the place is spacious,3,"141 Reviews , 738 Followers",2018-02-19 09:54:00,2018,243,47,False,False,False,Cascade - Radisson Hyderabad Hitec City,3,General,"['breakfast', 'spacious', 'usual']"
Paradise,Divya Mani,good food and good service good options for vegetarians also desserts are very tasty ambience is also neat and the place looks very hygienic,4,"25 Reviews , 15 Followers",2019-05-23 14:20:00,2019,140,24,False,False,False,Paradise,4,Dessert,"['vegetarians', 'looks', 'good']"
Delhi-39,Mishra.lavi05,food was not good as before salt was less in each item,1,"1 Review , 1 Follower",2018-04-23 16:10:00,2018,54,12,False,False,False,Delhi-39,1,General,"['salt', 'item', 'good']"
PourHouse7,Satadru Biswas,rated 41 on zomato quite disappointed friday night perhaps got the service lil delayed music too loud too many smokers and the pizza had huge cubes of onions,2,"12 Reviews , 92 Followers",2019-02-09 00:02:00,2019,157,28,False,False,False,PourHouse7,2,Italian,"['rated', 'onions', 'loud']"
The Lal Street - Bar Exchange,Praveen Kumar,the lal street is awesome for food and beverages one of the best place to hangout with friends the prices are decent so one can try here the dance floor is good and no restrictions for stages to dance on the floor the waiters are too friendly they suggest better than any others bars,5,"21 Reviews , 4 Followers",2019-05-05 00:09:00,2019,283,54,False,False,False,The Lal Street - Bar Exchange,5,Bar,"['dance', 'floor', 'street']"
Squeeze @ The Lime,Arthi Subramanian,i had been for a quick bday treat with my friends and it was altogether a new place not sure of how it will bebut believe me all of us enjoyed the food over there it was amazing and worth all the money u pay its pure veg and being a vegeterian i thoroughly enjoyed the dishes ambience is decent enough i liked it over all,4,"1 Review , 3 Followers",2018-12-07 19:21:00,2018,321,66,False,False,False,Squeeze @ The Lime,4,General,"['enjoyed', 'believe', 'pay']"
eat.fit,Anjali Tiwari,had ordered veg pulao rajma it didnt seem fresh however i consumed it couldnt sleep whole night because of vommiting loose motion will never order food from eatfit again,1,"1 Review , 1 Follower",2019-03-28 08:25:00,2019,169,29,False,False,False,eat.fit,1,General,"['pulao', 'fresh', 'night']"
Shree Santosh Dhaba Family Restaurant,Sangam Khera,irresponsible restaurant please dont order any food from there i ordered mushroom masala not good in taste and 3 different types of rotis and in place of rotis they people are delivering white rice moreover when i tried calling restaurant number they are not in use,1,"1 Review , 2 Followers",2019-05-19 22:22:00,2019,265,46,False,False,False,Shree Santosh Dhaba Family Restaurant,1,General,"['rotis', 'restaurant', 'types']"
The Indi Grill,Sudhir Raju,food was really good thankyou raza subendhu and ashraful and uk were really helpful and polite in serving the food ambience was good and i would definitely visit again,5,"2 Reviews , 9 Followers",2019-04-29 21:51:00,2019,167,29,False,False,False,The Indi Grill,5,Steakhouse,"['really', 'helpful', 'serving']"
Cafe Eclat,Sainikelash Jammula,excellent place to be and food is very hygiene and good serving is very warm and nice good place to hang out with family and friends a must visit place,5,"8 Reviews , 216 Followers",2018-11-14 17:49:00,2018,151,30,False,False,False,Cafe Eclat,5,Cafe,"['hygiene', 'warm', 'place']"
Banana Leaf Multicuisine Restaurant,Rag,best buffer in less price the items available are good in this price range chicken biryani will be decent enough apollo fish and chicken starters are good you can avail corporate offers if applicable,5,4 Reviews,2019-03-26 20:01:00,2019,199,34,False,False,False,Banana Leaf Multicuisine Restaurant,5,Indian,"['price', 'corporate', 'range']"
Amul,Charushila Biswas,ordered death by chocolate and received butterscotch and some other ice cream giving two stars because zomato doesnt show the reviews that receive 1 star,2,"42 Reviews , 1384 Followers",2018-11-03 14:31:00,2018,153,25,False,False,False,Amul,2,Dessert,"['stars', 'reviews', 'received']"
Karachi Cafe,Shalu Singh,this place has a eye catching ambience a small cafe that is best for a quick meeting short break etc i tried the pasta that was a bit spicy but good in taste,4,"25 Reviews , 40 Followers",2019-03-31 14:44:00,2019,157,33,False,False,False,Karachi Cafe,4,Italian,"['short', 'cafe', 'pasta']"
The Tilt Bar Republic,Vandit Kumar,ambience 45 food 45 drink 35 the drinks i felt are overpriced but the ambience is good the staff is friendly and the food served is delicious the mexican pizza was delicious,3,"20 Reviews , 30 Followers",2018-09-09 18:34:00,2018,173,32,False,False,False,The Tilt Bar Republic,3,Italian,"['45', 'delicious', 'mexican']"
13 Dhaba,Mayank,the overall taste is good and i recommend paneer thali which is both reasonable and yummy but if you order paranthas then the north indian taste that a parantha has is little missing overall combos are good and thalis too are nice option to go for,3,"9 Reviews , 6 Followers",2018-09-30 23:31:00,2018,247,46,False,False,False,13 Dhaba,3,Indian,"['overall', 'combos', 'missing']"
Collage - Hyatt Hyderabad Gachibowli,Shubham Jaiswal,visited this restaurant thinking to have good food but the efforts were wasted we went on a friday and we started eating the starters after starters when we asked for main course the staff told that on friday they have only street food and no main course is available felt like we wasted our money though the starters were good but main course should also be there street food should be the add on and not the only food two stars only for the ambience shubhamtraveltaleswordpresscom,2,"30 Reviews , 34 Followers",2019-03-03 21:12:00,2019,482,86,False,False,False,Collage - Hyatt Hyderabad Gachibowli,2,General,"['street', 'course', 'main']"
Eat India Company,Charan Thota,great place and wonderful service by dilip we ordered a fist starter and a biryani fish was very good loved the place will visit again for sure,5,"3 Reviews , 203 Followers",2018-08-22 14:31:00,2018,143,27,False,False,False,Eat India Company,5,Indian,"['wonderful', 'starter', 'sure']"
10 Downing Street,Mohit Anand,to spend a nice evening after office hours we visited this place and occupied a table in the open area of it the weather was nice and thus we had a good conversation and laughter enjoying it in drinks we had hot toddy brewed beer fruit punch pinnacolada and many other mocktails all of these were good but there was nothing special about them in food we had masala omelette loaded nachos cottage cheese fingers mushroom tikka fish and chicken wings loaded nachos was the best dish among the list and we had two of them overall the place is nice but the food and drinks were okayish in comparison to the other places in town,3,"330 Reviews , 1859 Followers",2019-03-02 13:10:00,2019,623,116,False,False,False,10 Downing Street,3,Seafood,"['nachos', 'nice', 'drinks']"
Asian Meal Box,Aditya Nanduri,ordered chilli baby corn fried rice and the food is delicious great food with multiple options i enjoyed the food quantity is decent,5,"1 Review , 1 Follower",2019-01-18 13:57:00,2019,132,23,False,False,False,Asian Meal Box,5,General,"['baby', 'multiple', 'food']"
Hyderabadi Daawat,Shreya Karmakar,viola have been looking for such a place for long very reasonable and humble staff gets you in the true feel of trying mouth watering hyderabadi cuisine murgh musullam is among the best,5,"2 Reviews , 20 Followers",2019-01-02 22:45:00,2019,185,33,False,False,False,Hyderabadi Daawat,5,General,"['humble', 'gets', 'watering']"
American Wild Wings,Srinivas Lanka,tried chicken wings tossed up with parmesan spicy garlic and pattaya thai sauces it was amazing and had great experience enjoying juicy wings if you want to taste chicken wings fried chicken burger and chicken wings biriyani its the best place to visit in gachibowli,5,"5 Reviews , 40 Followers",2019-05-06 12:38:00,2019,266,45,False,False,False,American Wild Wings,5,Thai,"['wings', 'chicken', 'sauces']"
The Tilt Bar Republic,Kiran Raj Biswal,nice place with good ambience and good staff tried 2 beer both were good mocktail and cocktail were good noodles and chicken hongkong was tasty the only flaw for which i give a 4 star is lack of indian main course dishes in the menu,4,"19 Reviews , 27 Followers",2019-04-09 23:37:00,2019,232,45,False,False,False,The Tilt Bar Republic,4,Chinese,"['good', 'cocktail', 'mocktail']"
The Indi Grill,Vikas Kalakonda,good ambienegood foodextra ordinary service by raza and shakeelwant pan icecream in icecream zoneincrease more biryani itemsaffordable pricing,5,"4 Reviews , 8 Followers",2019-05-07 14:35:00,2019,142,18,False,False,False,The Indi Grill,5,Indian,"['icecream', 'ordinary', 'pricing']"
Shah Ghouse Spl Shawarma,Kuldip Maurya,delivery guy delivered the food by speed of light super,5,1 Review,2018-09-06 21:07:00,2018,55,10,False,False,False,Shah Ghouse Spl Shawarma,5,General,"['light', 'guy', 'super']"
Dine O China,Mahee.rhce,we tried chicken hot n sour soup chilli garlic chickensingapore fish as starters and chicken fried rice with schezwan chickenfood was very delicious good ambience nice staff i highly recommend this restaurant,5,1 Review,2019-01-15 13:00:00,2019,208,32,False,False,False,Dine O China,5,Seafood,"['schezwan', 'sour', 'chicken']"
Gal Punjab Di,Shrestha Gupta,average place with average food and ambience they claim to be a punjabi restaurant but not really punjabi at core the food is just ok with okayish ambience,3,"4 Reviews , 22 Followers",2018-08-18 14:58:00,2018,155,28,False,False,False,Gal Punjab Di,3,General,"['punjabi', 'average', 'okayish']"
Shanghai Chef 2,Nandini Rathaur,the gravy were very dilute every time we order it is thick this time i ordered more quantity and received it thinner i actually paid more for less,1,"7 Reviews , 9 Followers",2018-07-12 21:17:00,2018,146,28,False,False,False,Shanghai Chef 2,1,General,"['time', 'paid', 'actually']"
KFC,Vineet Chanchal,local food is now tasting better than the branded ones,3,"10 Reviews , 24 Followers",2018-11-11 16:36:00,2018,54,10,False,False,False,KFC,3,General,"['local', 'tasting', 'ones']"
Hunger Maggi Point,Lalitha,a very bad experience ever the delivery guy kept me waiting for more than an hour and yet no response came from the guy or from the chat support dnt ever go for this if u r starving not even a 1 star actually,1,2 Reviews,2018-10-18 03:40:00,2018,208,44,False,False,False,Hunger Maggi Point,1,General,"['guy', 'chat', 'response']"
Momos Delight,Rakesh Rohan,taste was good but you provided only one mayo packet and 2 chilli sauce for 3 momo orders and the ones provided dripped onto the package because of loose package,3,0 Reviews,2018-07-27 20:59:00,2018,161,30,False,False,False,Momos Delight,3,General,"['package', 'provided', 'mayo']"
Triptify,Yudhik Agrawal,mexican corn parantha was rubbish,3,"1 Review , 6 Followers",2019-02-20 23:30:00,2019,33,5,False,False,False,Triptify,3,Mexican,"['mexican', 'corn', 'ginger']"
AB's - Absolute Barbecues,Harika Kanni,food was excellent servers were friendly and helping us all the time especially krishna was very friendly and took care of us very well i am planning to visit again soon and enjoy the food and hospitality,5,"1 Review , 3 Followers",2019-05-19 13:00:00,2019,204,37,False,False,False,AB's - Absolute Barbecues,5,Steakhouse,"['friendly', 'servers', 'soon']"
Arena Eleven,Ishupandey7,nice food good ambiance and cordial staff love to visit here nice music along with football matches that keep you engaged and lure to come again and again,5,"2 Reviews , 3 Followers",2019-05-18 20:23:00,2019,154,28,False,False,False,Arena Eleven,5,General,"['nice', 'come', 'music']"
Karachi Cafe,MONISH BHARGAV,si please place with simple food reminds of those good old days before technology took over best place to come over for a chai and a conversation fine biscuit irani chai and roohafza are my favourites here,4,"20 Reviews , 29 Followers",2018-09-16 00:08:00,2018,205,37,False,False,False,Karachi Cafe,4,Cafe,"['chai', 'irani', 'simple']"
The Old Madras Baking Company,Srinath.seshanarayanan,we had the pesto pasta paneer tikka pizza a mocha and took a loaf of bread home everything we had was quite good except the pizza which was lacking some flavor the bread is amongst the best we have had so far the ambiance was good even though it gets a bit busy outside we will busy again soon,4,"7 Reviews , 1 Follower",2018-12-19 20:12:00,2018,293,59,False,False,False,The Old Madras Baking Company,4,Italian,"['busy', 'bread', 'pizza']"
Driven Cafe,Shivi Saxena,i am not a big fan of sports bikes but i totally loved the place the interior and lightening is really soothing i preferred sitting on the first floor as it gave a better view of the place for food we ordered a chilli garlic toast chocolate donut with mocha frappe and vanilla frappe individual rating food 45 the donut was not upto the mark service 55 its self service but my order was ready in like 5 minutes pocket friendly 45 the portion size was really small for the money they were charging ambiance 45 i really wanted to give this place a 45 star but that cannot happen on zomato now,4,"168 Reviews , 427 Followers",2019-03-18 15:39:00,2019,590,113,False,False,False,Driven Cafe,4,Cafe,"['45', 'really', 'toast']"
Shah Ghouse Spl Shawarma,Ram Reddy,ordered special rumali chicken shawarma was delivered uncooked chicken with a soggy rumali roti not worth the name never ever gonna order,1,"2 Reviews , 48 Followers",2019-03-19 19:00:00,2019,137,22,False,False,False,Shah Ghouse Spl Shawarma,1,General,"['rumali', 'chicken', 'shawarma']"
Pista House,Aditya K.s.,raj was very polite and the service is good keep doing it keep it upall the best of luck to you continue the same stay motivated and continue the same,5,"2 Reviews , 1 Follower",2018-07-25 22:49:00,2018,150,30,False,False,False,Pista House,5,General,"['stay', 'polite', 'best']"
Frio Bistro,Kunal Haldankar,the ambience is excellent the food not so much we ordered a half n half pizza margarita bbq chicken the pizza was not up to the mark now for the second dish we had ordered was alfredo chicken pasta the pasta sauce was very liquidish chicken was undercooked i am have visited this restaurant before it was an awesome experience we used zomato good during this visit of ours not sure if this has anything to do with the food taste there were 2 pizza slices left the the restaurant said they will not pack the leftover food as they said it was orders rules from zomato they said they would rather throw the left over in the dustbin but not give it to the customer this is very strange rules zomato relook at your guidelines,2,"5 Reviews , 1 Follower",2018-10-27 14:39:00,2018,720,136,False,False,False,Frio Bistro,2,Italian,"['said', 'pizza', 'zomato']"
"3B's - Buddies, Bar & Barbecue",Ashwik Lingampally,superb food and service by govind all starters and maincource are really tasty and deserts are also very nice special pan icecream is very nice,5,"1 Review , 2 Followers",2019-05-18 16:40:00,2019,143,25,False,False,False,"3B's - Buddies, Bar & Barbecue",5,Steakhouse,"['nice', 'govind', 'icecream']"
The Tilt Bar Republic,Shreyoshi Mandal,landed in this small bar for new year lunch buffet they had limited items in their spread but each of them were super yummy nothing to complain about as this costed us merely 400bucks per head for drinks i would totally recommend project 51 cocktail a must try the only downside was service the waiters were friendly but extremely idle and we had a waiting period of atleast 10mins between the serves many of the items were only served after repeated calls,3,"155 Reviews , 1803 Followers",2019-01-04 23:21:00,2019,456,82,False,False,False,The Tilt Bar Republic,3,Bar,"['items', 'cocktail', 'year']"
Owm Nom Nom,Veronica,very bad got stale food in chicken biryani parcel there was no improvement or apologies from them when we shared the feedback to the team,1,"1 Review , 1 Follower",2018-09-15 01:18:00,2018,137,25,False,False,False,Owm Nom Nom,1,Indian,"['feedback', 'improvement', 'stale']"
Ulavacharu,Rahul Sai,food and ambiance are great here but cost of the food is high with respect to quantity service was too slow and cant able to manage things we ordered raju gari kodi pulao chicken majestic and ulvacharu kodi pulao names are self explanatory and village names which makes the taste buds high to taste overall review raju gari kodi pulao is spicy and must taste food if you like some liquidity in pulao,3,"26 Reviews , 22 Followers",2019-03-01 18:26:00,2019,399,73,False,False,False,Ulavacharu,3,General,"['pulao', 'kodi', 'high']"
Over The Moon Brew Company,Aditya Bajaj,great place and amazing ambience perfect location excellent service from sarvesharam good beers especially the in house brews and great food must visit place music is always good too,5,"2 Reviews , 60 Followers",2019-05-20 21:10:00,2019,182,29,False,False,False,Over The Moon Brew Company,5,General,"['beers', 'great', 'house']"
Royal Spicy Restaurant,Devendar Elamarti,since my childhood ive always been a fan of gongura with non veg and when i got to know that this place serves a good gongura biryani thought of having it and then comes a day when i finally ordered it and guess what as soon as you see it youll fall in love with the colour of biryani hopefully that is not an artificial colour but coming to taste its awesome just lyk god is omnipotent the flavour of gongura is omnipresent i mean in every rice grain you can sense it the chicken pieces too were very good they are soft too as one my friends who has a fence to her teeth could eat those easily tagged at a moderate price quantity is quite sufficient if youre a lover of gongura then this a must try note i dont have any idea about ambience my rating confined to gongura biryani alone as i havent had anything else from there ps i still have this doubt how the chef managed to get that color to the biryani,4,"10 Reviews , 8 Followers",2018-12-16 01:50:00,2018,906,179,False,False,False,Royal Spicy Restaurant,4,Indian,"['biryani', 'ps', 'youll']"
The Chocolate Room,PAVAN KUMAR,quantity was very lessquality wise its good taste is above avg,3,"1 Review , 1 Follower",2018-04-14 13:48:00,2018,62,11,False,False,False,The Chocolate Room,3,General,"['wise', 'quantity', 'taste']"
Jonathan's Kitchen - Holiday Inn Express & Suites,Ankish Agarwal,the place had too many mosquitos food was served cold and was below average service was not upto the mark ambience was good not worth it,2,"4 Reviews , 3 Followers",2019-03-15 21:19:00,2019,136,26,False,False,False,Jonathan's Kitchen - Holiday Inn Express & Suites,2,General,"['upto', 'mark', 'cold']"
NorFest - The Dhaba,Aditi Gupta,heavy punjabi food a perfect place to savor typical dhaba style punjabi dishes a popular outlet for home delivery however place has common food court space available for dinein as well food was served hot and tastes yumm chola masala paneer was dominating the quantity of chola,3,"58 Reviews , 150 Followers",2018-10-29 15:54:00,2018,277,47,False,False,False,NorFest - The Dhaba,3,General,"['punjabi', 'typical', 'dhaba']"
American Wild Wings,Pavan Kaligotla,american wild wings is a restaurant which serves us the better food with a good quality actually ii had ordered the wings they are awesome in taste but should be some what less juicy,5,1 Review,2019-03-22 12:54:00,2019,182,34,False,False,False,American Wild Wings,5,General,"['wings', 'american', 'serves']"
Shanghai Chef 2,Sai Charan,restaurant serves stored food today i visited to have fried ice cream but its not fresh they prepared the food long back and just kept it refrigerated its not fresh when i asked for any manager in the place there is no manager available worst experience ever i would not prefer it to anyone,1,"5 Reviews , 5 Followers",2019-01-11 20:38:00,2019,290,54,False,False,False,Shanghai Chef 2,1,Dessert,"['manager', 'fresh', 'kept']"
Komatose - Holiday Inn Express & Suites,Vasanthan Lr,the things which impressed me was the the cocktails based on seven sins the ambience is calm and soothing for people who dont like bustle in a bar its not a bar for partying its bar to chilling,4,"97 Reviews , 769 Followers",2018-12-11 14:36:00,2018,193,38,False,False,False,Komatose - Holiday Inn Express & Suites,4,Bar,"['bar', 'calm', 'soothing']"
Al Saba Restaurant,Hari Prasad Thangavelu,have been to this restaurant many times taste wise preferably better than all other restaurants next to shah ghouse i would say quantity wise one biriyani will be more than enough chicken biriyani with double masala would be a treat to taste buds go for it the chicken would be damn soft and good starters like pepper chicken chicken tikka tandoori all are good they need to work more on ambiance as the place is not clean moderate pricing and enough number of items to go with,3,"10 Reviews , 6 Followers",2018-06-15 22:35:00,2018,477,87,False,False,False,Al Saba Restaurant,3,Indian,"['wise', 'chicken', 'biriyani']"
Asian Meal Box,Siddharth Karidi,the food has 0 taste the rice is not cooked properly the panner is very hard and chewy what kind of food is this why do they have 35 rating for this kind of food i want u to take immediate action,1,"3 Reviews , 1 Follower",2018-10-06 20:08:00,2018,195,42,False,False,False,Asian Meal Box,1,General,"['kind', 'panner', 'properly']"
Eat India Company,Khushboo Gokulgandhi,we ordered veg thai coconut soup and corn squares which were a highly recommended item on the menu both the items turned out to be utterly disappointing the soup smelled fishy which was not expected in a vegetarian dish and the corn squares tasted were soggy and oily no crunch or crispiness nobody bothered to ask us about the food or why we had left the soup,1,1 Review,2018-10-14 20:34:00,2018,360,67,False,False,False,Eat India Company,1,Thai,"['soup', 'corn', 'coconut']"
Driven Cafe,Nishu,explored this place today and was surprisingly very good because it never occurred me to try out for this long has an american cafe ambiance and feel and is open until 1 am at least the cheese garlic bread veg puffs and latte coffee were pretty good its self service and the order came in pretty quick one and only suggestion is that maybe they can focus a little more on cleanliness overall a good place for a quick catch up with friends over a bite amit agrawal harsh jhunjhunwala poorvi agarwal,3,"120 Reviews , 1246 Followers",2018-06-09 02:27:00,2018,497,92,False,False,False,Driven Cafe,3,Cafe,"['quick', 'pretty', 'american']"
The Lal Street - Bar Exchange,Supriyarao50,i cant tell you how awesome the food has been i ordered chinese choupsey and hot asian noodles with a roasted veg shack damn i was shook at the quantity because it was a lot for 2 people absolutely loveddddddd how it tasted i cannot begin to explain the amazing taste of the sauted and partially barbecued flavor of the vegetables im a pure vegetarian and lal exchange is now my fav place to eat now,5,"4 Reviews , 5 Followers",2019-04-11 21:47:00,2019,399,76,False,False,False,The Lal Street - Bar Exchange,5,Chinese,"['roasted', 'damn', 'fav']"
Prism Club & Kitchen,Amit Chugh,amazing place awesome ambiencesaroj the guy who waited on us made is such a pleasurable experience highly recommended for a weekend,5,"1 Review , 92 Followers",2019-03-03 19:53:00,2019,131,21,False,False,False,Prism Club & Kitchen,5,General,"['waited', 'guy', 'weekend']"
Faasos,Saifuddin Adnan,first things first faasos have always been the first name that comes to mind when it comes to huge sized appetite fulfilling wraps i havent come across any other place which delivers these kind of huge juicy warps with this amount of filling tried their cheesy chicken jumbo wrap and chicken jumbo wrap and believe me youll be full to your throat with just one wrap besides the quantity they also maintain quality with the wraps being flavourful and cheesy overall if you are looking for no salad only chicken wraps which are my kind of things faasos wont disappoint you for sure,4,"294 Reviews , 1077 Followers",2018-07-14 20:20:00,2018,579,103,False,False,False,Faasos,4,General,"['wrap', 'cheesy', 'things']"
Karachi Bakery,Abhigna Palamoor,really good for pasteries i really loved them i can still enjoy the flavour the place was also comfortable when went with gangs for having a little time,5,"1 Review , 2 Followers",2019-03-26 18:22:00,2019,152,28,False,False,False,Karachi Bakery,5,Dessert,"['really', 'comfortable', 'flavour']"
Yum Yum Tree - The Arabian Food Court,Ashwin Ramesh,had gone out with friends for a midnight craving and had the mandi it was served on a huge plate and the seating was so perfect for us to help comfortably finish off the entire dish the rice was very flavorful and we were able to taste the ghee and cognitive milk in every bite a great place for a feast,4,"70 Reviews , 430 Followers",2019-01-19 20:38:00,2019,303,61,False,False,False,Yum Yum Tree - The Arabian Food Court,4,General,"['finish', 'gone', 'milk']"
Desi Bytes,SWAPNIL SINGH,ordered dal makhni with rice but dal makhni with roti,1,1 Review,2018-05-24 00:30:00,2018,53,10,False,False,False,Desi Bytes,1,General,"['makhni', 'dal', 'roti']"
Cafe Eclat,Pathakastha666,cafe eclat has lot of variety and their white sauce pasta is delicious but majority of the food lacks taste french fries lack seasoning and sandwiches are dry moreover i find the place way expensive for the experience offered i would recommend to go here for cold coffee or chocolate shake,3,"41 Reviews , 34 Followers",2018-09-25 00:18:00,2018,289,51,False,False,False,Cafe Eclat,3,Italian,"['offered', 'french', 'shake']"
Zega - Sheraton Hyderabad Hotel,T R L,ive been here multiple times with my friends specially late night week ends its a great place for a party detailed review coming up soon,4,"48 Reviews , 19 Followers",2018-09-29 22:50:00,2018,136,25,False,False,False,Zega - Sheraton Hyderabad Hotel,4,General,"['week', 'multiple', 'soon']"
Beyond Flavours,Kiron Kshetrapal,this is the place i really recommend this restaurant to the food lover specifically the continental food loverpasta and sizzlers are so yummy that i cant stop myself to choose only this restaurant rather than otherservice is the part were you really satisfied,5,1 Review,2019-05-09 11:18:00,2019,259,43,False,False,False,Beyond Flavours,5,Italian,"['restaurant', 'stop', 'continental']"
Club Rogue,Siddharth Bhayana,the dj that came on around 11 pm yesterday night some lady was a terrific disimprovement over the guy who was playing right before she killed the buzz for us entirely and for many others too visibly liked the ambience though would want to visit again iff the same dj never presents themselves again,1,5 Reviews,2019-02-23 14:38:00,2019,298,54,False,False,False,Club Rogue,1,General,"['dj', 'playing', 'pm']"
Diners Pavilion,Apaar Agrawal,worst service ever seen bug in food cold food not properly cooked naan no one to listen to your request no one even to serve plates just two waiters who are busy in themselves uncourteous staff manager paid no regards not even an apology for such a bad service,1,"4 Reviews , 16 Followers",2018-09-28 22:12:00,2018,260,49,False,False,False,Diners Pavilion,1,General,"['plates', 'request', 'seen']"
Beyond Flavours,Monika,had a good food and good time at this place ambience was really good and had a nice time thanks shubro for assistance and guidance for having food,4,"1 Review , 1 Follower",2019-05-15 14:18:00,2019,146,28,False,False,False,Beyond Flavours,4,General,"['time', 'good', 'having']"
Prism Club & Kitchen,Varun Sharma,the first thing that one would notice after entering prism is the areasize of the club i think its the biggest club in india at least for me based on my experience everything from the music to food service interiors area is great the attraction is the centre light that moves with the musicbeats very big dance floor and good djs ambience 5 food 45 for good snacks music 5 staff 5 hospitality 5 bonus ample parking space with valet service,5,"40 Reviews , 866 Followers",2019-02-13 22:36:00,2019,439,81,False,False,False,Prism Club & Kitchen,5,General,"['club', 'music', 'snacks']"
Zing's Northeast Kitchen,Shilpa Reddy,amazing amazing amazing the best place to have all kind of pork dishes they are just cooked to perfection honestly better than the 5 star restaurants in town amazing food for amazing prices super budget friendly so happie to have found this place for my pork fix added to weekly outing to my schedule,5,"66 Reviews , 237 Followers",2019-04-10 12:24:00,2019,300,54,False,False,False,Zing's Northeast Kitchen,5,General,"['amazing', 'pork', 'perfection']"
The Old Madras Baking Company,Kapilbhat,go for filter coffee and sandwich especially during monsoon prices are not too high and they also have variety of bakery items to choose from as well,4,"41 Reviews , 135 Followers",2018-07-08 16:42:00,2018,149,27,False,False,False,The Old Madras Baking Company,4,Cafe,"['bakery', 'sandwich', 'choose']"
KFC,Jay Ram,taste is not reached expectations as per kfc brand,2,"0 Reviews , 3 Followers",2018-07-28 01:12:00,2018,50,9,False,False,False,KFC,2,General,"['kfc', 'brand', 'reached']"
Hotel Zara Hi-Fi,Shubhabrata Ghosh,not tasty at all bad quality,1,"14 Reviews , 4 Followers",2018-11-03 01:32:00,2018,28,6,False,False,False,Hotel Zara Hi-Fi,1,General,"['bad', 'tasty', 'quality']"
Ulavacharu,Nir,this place gives a strong telugu vibe taste of the food is little spicey i ordered bengali kodi and bamboo chicken in starter it was good and in main course took ulavacharu special fried rice which is little spicey in dessert ordered kulfi which is very less amount as compared to price good thing about the resturant is it has a decent ambienceservice was generous,3,"13 Reviews , 2 Followers",2019-03-04 00:14:00,2019,365,65,False,False,False,Ulavacharu,3,Dessert,"['little', 'bamboo', 'kodi']"
"3B's - Buddies, Bar & Barbecue",Tarakitchand,recently visited this place in one word awesome thanks govind for taking special care and showing a real buddys place will visit again tarak,4,"1 Review , 6 Followers",2019-04-15 20:44:00,2019,140,24,False,False,False,"3B's - Buddies, Bar & Barbecue",4,Steakhouse,"['govind', 'recently', 'real']"
Cascade - Radisson Hyderabad Hitec City,Mallik Arjun,it was very good dining experience and food is excellent with a friendly servicekeep up the good work and idle for business lunch or for family get togethersmrnaresh service is excellent with a 5star rating,5,"1 Review , 1 Follower",2019-01-04 18:15:00,2019,206,35,False,False,False,Cascade - Radisson Hyderabad Hitec City,5,General,"['excellent', 'dining', 'work']"
Shanghai Chef 2,Lasya M,ordered salt and pepper prawns it was extrememly salty and we couldnt eat it,1,"3 Reviews , 104 Followers",2018-09-27 19:19:00,2018,76,14,False,False,False,Shanghai Chef 2,1,General,"['salty', 'salt', 'pepper']"
The Old Madras Baking Company,Mounika,i personally liked the bagel with cheese and capuccino there was some renovation work happening outdoors when we visited this place we were disturbed by the noise and hence couldnt stay longer good for groups,3,"25 Reviews , 12 Followers",2018-12-03 21:07:00,2018,208,35,False,False,False,The Old Madras Baking Company,3,General,"['stay', 'happening', 'personally']"
The Indi Grill,Saif,sahil mudassir shiva these guys are amazing served us the best way very well diciplines very helpful and coordinative staff amazing ambience here fabulous tasty food enjoyed the day the fantastic way,5,1 Review,2019-05-05 22:45:00,2019,199,32,False,False,False,The Indi Grill,5,Steakhouse,"['way', 'amazing', 'fantastic']"
Collage - Hyatt Hyderabad Gachibowli,Sadananda Acharya,ambience 35 overall okay not much extravaganza to attract customers not a wow factor starters 255 except two dishes others were not worth eating main course 25 total disaster desserts 25 not much variations with awful selection of items,2,"11 Reviews , 9 Followers",2018-09-27 11:24:00,2018,236,39,False,False,False,Collage - Hyatt Hyderabad Gachibowli,2,Dessert,"['25', 'selection', 'total']"
SKYHY,Mohit Munikuntla,coming to the tast it was above average cant say the best but tastes good enough but when it comes to serving the boys are very slow need to improve,4,"6 Reviews , 18 Followers",2018-12-22 20:38:00,2018,148,30,False,False,False,SKYHY,4,General,"['comes', 'improve', 'tastes']"
"3B's - Buddies, Bar & Barbecue",Aravind Botla,best buffet in price rangevery tasty food and govind is there to bring all starters and those are very tasty and main course also very good,5,"1 Review , 2 Followers",2019-05-10 15:43:00,2019,139,26,False,False,False,"3B's - Buddies, Bar & Barbecue",5,Steakhouse,"['tasty', 'bring', 'govind']"
SKYHY,Ishita Narain,firstly the pictures that they have put up makes this place looks brightly light but it is kind of dark and the ambiance is not exactly as portrayed not very crowded which makes it spacious enough food is okay but the service was pathetic when asked for spoons the waiter asked us to use the serving spoon instead there was a lot of delay in service and mismanagement,2,"96 Reviews , 353 Followers",2018-09-28 03:47:00,2018,367,68,False,False,False,SKYHY,2,General,"['makes', 'asked', 'pictures']"
Driven Cafe,Tarun Reddy,one of the second best places for me to have coffee in hyderabad after starbucks the ambience of the cafe is awesome with all the superbikes and super cars the service is decent and the its quite reasonable to spend on coffee and food the most interesting part is about the interiors of the cafe where it is all metallic and the paintings are awesome food45 ambience55 service 45 value for money45,4,"28 Reviews , 69 Followers",2018-07-18 10:41:00,2018,397,72,False,False,False,Driven Cafe,4,Cafe,"['cafe', 'coffee', 'awesome']"
Shanghai Chef 2,Princy Singh Rajput,one of my favourite chinese restaurant in hyderabad good and authenticate chinese restaurant the ambiance was decent nothing fancy just a sober place to enjoy food food 455 service 45 ambience 35,4,"66 Reviews , 131 Followers",2018-07-29 01:18:00,2018,195,32,False,False,False,Shanghai Chef 2,4,Chinese,"['chinese', 'restaurant', '455']"
Cafe Eclat,Anshitaa Srivastava,its a decent place to have breakfast but i would rather say vexpensive we ordered spanish omelette which was not value for money belgian waffles were amazing which made us happy but i would say an expensive place to hv breakfast,3,"18 Reviews , 23 Followers",2018-07-02 14:05:00,2018,228,41,False,False,False,Cafe Eclat,3,Cafe,"['breakfast', 'say', 'omelette']"
eat.fit,Sharad,great hygienic and health food good packing all the ingredients look and taste fresh more importantly you get what you see i hope they maintain the veg non veg segregation a little expensive,5,1 Review,2019-04-01 13:34:00,2019,190,33,False,False,False,eat.fit,5,General,"['veg', 'ingredients', 'hope']"
The Foodie Monster Kitchen,Anish Mahapatra || Thefoodpotato,i had ordered 2 varieties of shawarma the order reached on time the packaging was good and the shawarmas itself were hot creamy and delicious it was wrapped in foil paper and quantity was sufficient wrt price i used the 50off coupon from zomato i recommend this place if you found this review useful and think my opinion is justified please hit the button and maybe even give me a follow id really appreciate it may great food await you thefoodpotato find me on instagram facebook twitter anish mahapatra thefoodpotato,4,"99 Reviews , 957 Followers",2019-01-17 09:34:00,2019,518,90,False,False,False,The Foodie Monster Kitchen,4,General,"['instagram', 'follow', 'appreciate']"
Hotel Zara Hi-Fi,Bhupesh Kurrey,price is nice but quantity of curry not good very less quantity i got of paneer butter masala but the quantity of biryani is good the quality of complementary onion and lemon not satisfactory,3,1 Review,2019-03-16 20:25:00,2019,191,34,False,False,False,Hotel Zara Hi-Fi,3,Indian,"['quantity', 'onion', 'lemon']"
Owm Nom Nom,Priyanka Boppana,really really bad spring rolls smelled really weird like its rotten or pukeoil used or some sauces might have gone wrong extremely oilynever seen anything like that just wrapped it in tissues and yet over flowing oil squeezed into the sink honestly couldnt eat it obviously because of the smell and oil,1,"9 Reviews , 65 Followers",2018-11-22 16:00:00,2018,302,52,False,False,False,Owm Nom Nom,1,General,"['oil', 'really', 'rolls']"
Cafe Eclat,Jatin,i ordered the bbq chicken panini from another delivery service and they gave me a normal sandwich with soggy bread and stale chewy chicken cooked in bad oil if this is what they call a panini they should probably shut down and take elementary cooking classes,1,"54 Reviews , 490 Followers",2018-07-08 11:46:00,2018,258,46,False,False,False,Cafe Eclat,1,Cafe,"['bbq', 'normal', 'stale']"
Absolute Sizzlers,Anil Pullela,how do you expect me to be nice when the food i ordered when i am literally hungry came spoiled and the zomato support people are not of any help i need my money back,1,"1 Review , 11 Followers",2019-05-15 23:46:00,2019,166,35,False,False,False,Absolute Sizzlers,1,General,"['spoiled', 'help', 'hungry']"
B-Dubs,Subhasis Khatua,praveen has been very courteous with his service the food and ambience of this place is beyond appreciations i would love to visit this place again with my friends soon,5,"1 Review , 1 Follower",2019-04-26 21:07:00,2019,168,30,False,False,False,B-Dubs,5,General,"['soon', 'courteous', 'love']"
"3B's - Buddies, Bar & Barbecue",Veluru Shriya,this place has really good food and the service by govind was really great i suggest you visit this place the fish especially was really great,5,"2 Reviews , 7 Followers",2019-05-17 15:58:00,2019,142,26,False,False,False,"3B's - Buddies, Bar & Barbecue",5,Seafood,"['really', 'govind', 'great']"
KS Bakers,Krishna Siddhu,had a chicken burger here great taste and less price ambiance could have been better but over all good quick response and service will explore more later,5,"2 Reviews , 16 Followers",2017-12-25 12:58:00,2017,153,27,False,False,False,KS Bakers,5,General,"['response', 'later', 'burger']"
Absolute Sizzlers,Ratan Ray,its great palace to dine food was great service also good ambiance also cool we want visit again especially spice chicken sizzlers thanks team absolute sizzler keep up the good work,5,"1 Review , 2 Followers",2019-04-10 14:57:00,2019,181,31,False,False,False,Absolute Sizzlers,5,General,"['sizzler', 'sizzlers', 'absolute']"
Cafe Eclat,Ayush Khatri,i had a real craving for a chocolate and ordered death by chocolate cake and quadruple swiss chocolate cookie cookie was pretty awesome and would definitely recommend tryingthough its pretty small death by chocolate cake was not fresh and had that sugary texture to it it was really disappointing,2,"4 Reviews , 110 Followers",2019-03-24 23:53:00,2019,296,49,False,False,False,Cafe Eclat,2,Cafe,"['chocolate', 'cake', 'pretty']"
Cafe Eclat,Rishav Verma,a simple comfortable yet westernized setup which i highly recommend for morning brunch or evening snacking its a cool place to hangout with friends or partner it definately deserves 45 for the items they serve during these times of the day recommendation 1 sour dough bread if you are a real bread lover and other different variety of breads 2 eggsomlette meals pancakes are amazing if one is planning to go for breakfastbrunch 3 shakes coffee also gives a goodie goodie feeling 4 sandwichesboth vegnonveg be it all kinds comes under safe options and they result to a good takeaway 5 peruvian grilled chicken highly recommend quiche other small bites are also nice trials,5,"11 Reviews , 51 Followers",2018-07-14 14:19:00,2018,671,114,False,False,False,Cafe Eclat,5,Steakhouse,"['bread', 'highly', 'recommend']"
Flechazo,Tejasvi Sonkusare,i loved the food variety you will get a lot of variety in snacks here all are lip smacking i bet the best thing i liked this place is the people serving here youll get to experience that personal touch with every course of meal they take your feedback on how did you like the food any changes they can make to improve you can also come here to celebrate your special occasions they provide cake and also play music for you we had mr jayanta as our host he was super humble and served nicely a big yes for this place,5,1 Review,2019-05-04 22:27:00,2019,515,102,False,False,False,Flechazo,5,Dessert,"['variety', 'play', 'nicely']"
Ulavacharu,Fit Foodie,food 4 vfm 35 ambience 35 service 35 we ordered bamboo chicken and pachi mirchi kodi pulao both the dishes had fresh ingredients bamboo chicken has good flavors but was more than mildly spicy it is served directly from the bamboo box it is cooked in it also has dry gravy so its not entirely a good choice for starters will go well with any indian bread pachi mirchi kodi pulao was awesome the rice was flavorful chicken curry served over it was semi gravy and yummy as well the chicken was nicely complementing the rice service can be improved a bit will go again to this place to try other dishes,4,"77 Reviews , 323 Followers",2018-11-18 00:01:00,2018,598,112,False,False,False,Ulavacharu,4,Indian,"['bamboo', '35', 'kodi']"
Delhi-39,Pragya Gupta,food was very oily and not much tasty,3,"1 Review , 8 Followers",2018-06-09 18:01:00,2018,37,8,False,False,False,Delhi-39,3,General,"['oily', 'tasty', 'food']"
Urban Asia - Kitchen & Bar,Abhishek Bhattacharyya,a place to fall in love with the decor and ambience is the eye catcher variety of dishes with a good taste and price is worth to spend,5,"7 Reviews , 52 Followers",2018-08-22 01:11:00,2018,134,28,False,False,False,Urban Asia - Kitchen & Bar,5,Bar,"['decor', 'spend', 'variety']"
Momos Delight,Abhinay Ankala,its one of my favourite places to have momos im addicted to this place perfect steamed momos at affordable pricing they have the fried momos n kurkure momos which are a must try too happy dining yall,5,"25 Reviews , 140 Followers",2018-09-22 15:19:00,2018,199,37,False,False,False,Momos Delight,5,General,"['momos', 'steamed', 'affordable']"
B-Dubs,Vamsi Krishna Chinnu,the food was awesome especially chicken wings and we enjoyed a lot and thanks to all the staff especially prabhu and jenny for being very attentive and for ur best service thanku bdubs,5,"1 Review , 26 Followers",2019-05-08 22:54:00,2019,184,33,False,False,False,B-Dubs,5,General,"['especially', 'attentive', 'ur']"
Momos Delight,Kumar Gaurav,food was cold and seems like prepared few hours ago,2,"2 Reviews , 12 Followers",2018-07-21 00:21:00,2018,51,10,False,False,False,Momos Delight,2,General,"['prepared', 'hours', 'cold']"
Being Hungry,Lakshmi P,pocket friendly place which delivers food quick service ordered the biryani from this place loved it served with raita they have a variety of options to choose from,4,"77 Reviews , 306 Followers",2019-04-21 17:22:00,2019,164,28,False,False,False,Being Hungry,4,Indian,"['raita', 'choose', 'pocket']"
Absolute Sizzlers,Tahir Maqbool,this place is good for a casual lunch and dinner with friends or family this place offers a wide variety of sizzlers and other starters and main course as well during my last 2 visits ive tried a non veg platter 23 different types of nonveg sizzlers tikka pizza with addons like fries n all while the food they serve is good but they could do better with service service isnt up to the mark once your order is taken its lost somewhere until it really arrives at your table after 20 mins and once the food is at your table the waiter will never show up again to ask if you need anything else or hows the food well not just that ask for a chutney or mayonnaise or a water bottle you aint getting it until you call up to them couple of times,4,"1 Review , 3 Followers",2019-04-01 08:26:00,2019,738,146,False,False,False,Absolute Sizzlers,4,Italian,"['sizzlers', 'ask', 'table']"
Asian Meal Box,Abhinav Rastogi,ill keep it simple i ordered food it wasnt good i ordered veg fried rice and chilli chicken i got triple black pepper fried rice sprinkled with some vegetables and dried up chilli chicken imagine you come home from a long day order some food so that you can just eat and go to bed but then this happens ive had chinese food before i think i know what fried rice should taste like asian meal box im sorry but my experience was disappointing never ordering again and definitely not recommending to anyone,1,"36 Reviews , 172 Followers",2019-04-03 23:55:00,2019,502,93,False,False,False,Asian Meal Box,1,Chinese,"['fried', 'rice', 'chilli']"
The Tilt Bar Republic,Chamanthula,its another good spot which i frequent with friends great selection of craft beers love the taste the staff are always extremely friendly and give good suggestions often go here to wind down the day with a pitcher of beer,5,"3 Reviews , 1 Follower",2019-01-05 00:46:00,2019,221,40,False,False,False,The Tilt Bar Republic,5,Bar,"['spot', 'selection', 'beers']"
Club Rogue,Aby C Alexander,a great place to hang out with your friends one of the best pubs in the city its a little highly priced but overall the ambience music and food matches the bar great food and great music courteous staff and great service,5,"14 Reviews , 3 Followers",2019-02-07 13:28:00,2019,220,42,False,False,False,Club Rogue,5,Bar,"['great', 'music', 'priced']"
Squeeze @ The Lime,JITENDRA SARDIWAL,food was awesome packing was also too good,5,"1 Review , 1 Follower",2018-04-24 21:11:00,2018,42,8,False,False,False,Squeeze @ The Lime,5,General,"['packing', 'awesome', 'good']"
Feast - Sheraton Hyderabad Hotel,Tarun Anish,the starters desserts are too good pasta can be improved the service provided by viroopa was great great experience pesto naan is great combo we can try,5,"2 Reviews , 19 Followers",2018-12-17 22:42:00,2018,152,27,False,False,False,Feast - Sheraton Hyderabad Hotel,5,Italian,"['great', 'provided', 'improved']"
Ulavacharu,Megh Lakku,visited ulavacharu with my son who are both non veg lovers the food was good but the quantity was very less for the price that was paid we ordered raju gari kodi pulav which costed around 400 and the meat was very less in it,3,"1 Review , 6 Followers",2018-11-18 07:11:00,2018,224,45,False,False,False,Ulavacharu,3,General,"['pulav', 'kodi', 'paid']"
Zega - Sheraton Hyderabad Hotel,Naga Shankar,we come here at least twice a week the staff are super friendly thanks to sai sai your awesome man thanks for your superb service the ambience is really amazing mohit is amazing chef we are fan of english sorted vegetables dish nice place to relax,5,"1 Review , 18 Followers",2018-07-28 22:05:00,2018,247,46,False,False,False,Zega - Sheraton Hyderabad Hotel,5,General,"['thanks', 'amazing', 'man']"
Gal Punjab Di,Duggu,visited this place with couple of my friends today for lunch and their food is amazing everything we ordered today was yum the chicken was so soft and well marinated still drooling we ordered the chicken jwalamukhi as a starter and were damn happy about the dish in main course we had chicken palang tod which turnout to be another amazing dish there gulab jamuns are yum as well please do visit this place and taste their food worth the money,4,"55 Reviews , 1299 Followers",2018-10-12 20:53:00,2018,443,81,False,False,False,Gal Punjab Di,4,General,"['yum', 'today', 'dish']"
Pot Pourri,Mohan Kr,good portion sizes quite tasty food super quick service and got the right mix of cuisines in the menu everything just about right for your tum,5,"10 Reviews , 4 Followers",2019-02-08 01:30:00,2019,142,26,False,False,False,Pot Pourri,5,General,"['right', 'cuisines', 'mix']"
Frio Bistro,Rohit Rao,frio like unique name like unique place frio is one awesome place whats really nice is now a days you see these black interiors thats really catching the trend and not they have done it real good food is amazing they have baked pizzas thats really tasty and cool their cooler drinks are tasty snackers lip smacking we were 6 of us and this person there sachin was really nice and on spot served us right made sure our food experience was smooth kept asking us feedback of the food its a lovely place must go thankyou frio,5,"54 Reviews , 71 Followers",2019-05-17 11:36:00,2019,521,98,False,False,False,Frio Bistro,5,Italian,"['really', 'unique', 'thats']"
Aromas@11SIX,Rupam Saha,the ambience was good we 12 ppl went there for dinner some of us ordered biriyani some had kulcha nun with kadai murg for starters we all ordered chicken drumsticks starter was delicious but they didnt provide salad and sufficient chatney for biriyani they took much time and at the end when we tasted it we felt disappointed they told special chicken biriyani and mutton keema biriyani are their special dishes but the rice was sour with biriyani the gravy they provided didnt have any salt may b they tried to compensate one of my friends ordered jaljeera which was the most humorous and worthless thing they provided and it took 40 rs and about the service it was good till we pay the bill frankly speaking we found this restaurant from dine out app and we wanted to pay via that app but they showed some vague reasons and showed reluctance to accept atlast though they agreed overall we werent satisfied at all,2,"11 Reviews , 21 Followers",2018-09-30 16:52:00,2018,914,164,False,False,False,Aromas@11SIX,2,General,"['biriyani', 'app', 'pay']"
Arena Eleven,Srichandra Chilappagari,went here on a saturday night decent ambience and good music we had baby corn mushroom masala naan and egg hakka noodles food was not that great,3,"49 Reviews , 66 Followers",2019-03-04 22:36:00,2019,144,27,False,False,False,Arena Eleven,3,Chinese,"['baby', 'saturday', 'egg']"
Tiki Shack,Duggu,party great place to party and in indira nagar they have rooftop arrangements and good space to dance and enjoy very decent and classy crowd good place to chill at weekend,4,"55 Reviews , 1299 Followers",2019-05-18 18:45:00,2019,171,31,False,False,False,Tiki Shack,4,General,"['party', 'chill', 'rooftop']"
Mathura Vilas,Anuj Jain,pure vegetarian will like this placereally liked chilli vegetable sticks thali and roti basked optionstaff is very nice and courteous,5,"12 Reviews , 20 Followers",2019-02-02 11:22:00,2019,133,20,False,False,False,Mathura Vilas,5,General,"['vegetable', 'thali', 'roti']"
The Old Madras Baking Company,Bharath Maguluri,went there on saturday evening simple and busy place tried a cake with blueberry and cheese portion is huge tasted very good all of us liked it also had the grilled chicken sandwich with ginger pickle that ginger taste was good overall good place to have some cakes and snacks,4,"40 Reviews , 82 Followers",2019-03-31 10:03:00,2019,276,50,False,False,False,The Old Madras Baking Company,4,Steakhouse,"['ginger', 'snacks', 'portion']"
The Lal Street - Bar Exchange,Vineet R,this was our second stop in same complex on saturday 3003 evening only reason i am giving two stars instead of zero is the rescue of situation by gm of the joint given below so you guys decide the merits of place went for outdoor sitting at 730pm suddenly one server comes up start arguing we can not sit on table with 5 or 6 chairs as we are only two this is when all of 40 tables are empty and we are first to arrive for outdoor sitting he goes on to argue with us to such extent we started to walk out when at exit we met gm of place who asked why we are walking out given our reason he was quite apologitic forced to come back in owner of the place forgot his name who was listening to our conversation also came in to apologize anyways out of respect for two gentlemen we had one drink each with peanuts and left in 40min at 815 only 3 tables including our was occupied in outdoor hence the futility of all the hoopla,2,"98 Reviews , 407 Followers",2019-04-01 11:11:00,2019,922,185,False,False,False,The Lal Street - Bar Exchange,2,Bar,"['outdoor', 'reason', 'sitting']"
Hyderabadi Daawat,S G K,chicken dum biryani is so tasty zomato is providing the best offers for get the best food at best price the rice is so good and flavoured nice,4,"10 Reviews , 11 Followers",2019-04-19 21:16:00,2019,142,28,False,False,False,Hyderabadi Daawat,4,Indian,"['best', 'flavoured', 'dum']"
The Tilt Bar Republic,Saikrishna Pothuri,the ambience was good the service was way too slow and the staff was busy watching the cricket match on tv i guess the food was below average one of the server didnt inform what we have ordered for pepper chicken and later the person who took the order in the starting came and he was telling that we did not order after 15 minutes of telling the other server such a poor coordination and very slow service not at all worth the price,1,"90 Reviews , 148 Followers",2019-04-02 02:13:00,2019,433,84,False,False,False,The Tilt Bar Republic,1,Bar,"['server', 'slow', 'order']"
PourHouse7,Dinesh Jana,pour house 7 is an awesome rooftop bar im gachibowli we went on a friday for the ladies night and it was jam packed the dj was awesome and so was the crowd keep up the good work guys and for ladies they do ladies night every wednesday friday and sunday so thats a plus,5,"5 Reviews , 5083 Followers",2019-05-10 16:41:00,2019,268,55,False,False,False,PourHouse7,5,Bar,"['ladies', 'friday', 'night']"
La La Land - Bar & Kitchen,Princy Doshi,music is good dance floor is quiet big staffs are very friendly drinks are cheap and good do try veg manchurian as starters it was mind blowing,5,"2 Reviews , 3 Followers",2019-05-14 09:24:00,2019,143,27,False,False,False,La La Land - Bar & Kitchen,5,Bar,"['cheap', 'quiet', 'manchurian']"
KS Bakers,Aashish Devaki,like this place to hangout for hours first floor sitting place is best to have a talk and laughout with frnds i dont know how many hundreds of hours i spent over here,4,"67 Reviews , 225 Followers",2017-12-21 21:43:00,2017,166,33,False,False,False,KS Bakers,4,General,"['hours', 'spent', 'talk']"
Squeeze @ The Lime,Urvashi Choubey,awesome food awesome service awesome hotel everything is awesome ambience is beautifulstaffs service is awesomespecial to manager dineshthank you so so much,5,"1 Review , 2 Followers",2018-12-10 18:42:00,2018,156,22,False,False,False,Squeeze @ The Lime,5,General,"['awesome', 'hotel', 'manager']"
Arena Eleven,SRI RAM,good place to enjoy the food and the maintenance is soooooooo good food and licker service is awesome i like to vist the place again thank you,5,1 Review,2019-05-13 21:19:00,2019,142,27,False,False,False,Arena Eleven,5,General,"['thank', 'enjoy', 'place']"
Karachi Bakery,Kshitiz Sanghi,no wafers sent with the burger,1,"1 Review , 1 Follower",2018-07-20 14:38:00,2018,30,6,False,False,False,Karachi Bakery,1,Dessert,"['sent', 'burger', 'given']"
Komatose - Holiday Inn Express & Suites,Suyog.pathade2012,excellent place for hangouts with friends very nice ambient and the rocking live music awesome food and drinks also perfect for your date,5,"3 Reviews , 1 Follower",2018-07-17 20:32:00,2018,137,23,False,False,False,Komatose - Holiday Inn Express & Suites,5,General,"['date', 'live', 'perfect']"
Frio Bistro,Balasubramanyam Karamala,very awesome place for people who loves the continentals with european i totally very very impressive of frios team hospitality my favorite here is english chese balls and chese cake,5,1 Review,2018-09-09 18:45:00,2018,182,30,False,False,False,Frio Bistro,5,Dessert,"['impressive', 'favorite', 'totally']"
Owm Nom Nom,Bharath Bharath,ordered chicken fried piece biryani with an advice of my colleague after eating i am suggesting the same to my friends and colleagues to eat and order at own nom nom,4,4 Reviews,2018-12-30 22:04:00,2018,165,31,False,False,False,Owm Nom Nom,4,Indian,"['colleagues', 'piece', 'eating']"
Mazzo - Marriott Executive Apartments,Priyanka Patra,visited on christmas eve i must say overall ambience is good but buffet desert menu is limited and cost of the buffet must be updated on online zomato menuie online mentioned rate 999 taxes which is actually 1200 taxes,3,"1 Review , 1 Follower",2018-12-25 23:13:00,2018,218,39,False,False,False,Mazzo - Marriott Executive Apartments,3,General,"['online', 'buffet', 'desert']"
Yum Yum Tree - The Arabian Food Court,Ujjwal Multani,the place was really a new experience for me food was good enoughambience was good resembling the arabic theme staff was goodone can visit here to experience arabic style of foodrates are i think above average,4,"28 Reviews , 70 Followers",2019-02-27 15:40:00,2019,209,36,False,False,False,Yum Yum Tree - The Arabian Food Court,4,General,"['experience', 'theme', 'style']"
Tempteys,Sahithi Anchuri,we have ordered from this place and it has some amazing choices we could choose from it has an option of gelato and avalanche for the base and i have choosen gelato must try premium forest berry shake caramel brownie shake peri peri fries the shakes are super yummy and i had my best shakes here i will definitely try some more shakes,5,"18 Reviews , 18 Followers",2019-04-11 13:01:00,2019,334,63,False,False,False,Tempteys,5,General,"['shakes', 'peri', 'shake']"
AB's - Absolute Barbecues,Nidhin Jacob,best place to celebrate your special occasions with loves ones the staff is very courteous and will make you feel at home they make sure you taste all their delicacies and that you are fully satisfied thanks to mr bahadur and others for their excellent service as always will love to come back to this place every occasion we have thanks guys,5,"2 Reviews , 3 Followers",2019-05-14 14:54:00,2019,342,62,False,False,False,AB's - Absolute Barbecues,5,Steakhouse,"['thanks', 'make', 'fully']"
NorFest - The Dhaba,Madhuri Puramsetti,good food great service been coming here since years and the best thing is that its always been stable with the food quality service good place to hangout love it,5,"1 Review , 4 Followers",2018-09-09 17:34:00,2018,162,30,False,False,False,NorFest - The Dhaba,5,General,"['years', 'hangout', 'coming']"
13 Dhaba,VJvarun,taste quality quality value for money for these 4 benchmark its an good place whenever i visited this place never get disappoint must try dalmakhni panner kulcha chole bhature bikecar parking is there mostly time self service ambience so ok but food taste balance that,4,"9 Reviews , 8 Followers",2018-10-18 23:47:00,2018,268,45,False,False,False,13 Dhaba,4,General,"['quality', 'disappoint', 'panner']"
"3B's - Buddies, Bar & Barbecue",Mukund Gandlur,best restaurant experience ever awesome food best service possible staff suraj sivam and govind ensured best services desserts and starters are a must try i recommend this to everyone,5,"1 Review , 8 Followers",2019-04-16 20:44:00,2019,183,29,False,False,False,"3B's - Buddies, Bar & Barbecue",5,Steakhouse,"['best', 'govind', 'services']"
Cream Stone,Abhi,cream stone is already aware brand chain as we all know and their quality and making of icecream and shakes are super and every one should try once its costly but the quality also high,4,5 Reviews,2019-01-06 01:01:00,2019,184,35,False,False,False,Cream Stone,4,General,"['quality', 'stone', 'brand']"
Desi Bytes,Debangana Tarafdar,this open air restaurant situated right at the mouth of the whitefield turning has branded itself as a chinese and north indian restaurant but the chinese on offer was not good at all the soup we ordered had a weird taste and we did not dare to venture further into the chinese menu the restaurant had to offer the litti chokha on the other hand was pretty good and they even claim to serve the best litti chokha in town cant say whether its the best or not but they did get it right,3,"117 Reviews , 980 Followers",2018-05-02 16:55:00,2018,483,94,False,False,False,Desi Bytes,3,Chinese,"['litti', 'chinese', 'offer']"
SKYHY,Neha Singh,i prefer outdoor music is good perfect for out dine with friend and can enjoy live match if you like choose wisely from menu food drink is fine,4,"10 Reviews , 9 Followers",2019-03-10 18:01:00,2019,143,28,False,False,False,SKYHY,4,General,"['match', 'prefer', 'choose']"
Hyper Local,Satyendra Kuvelkar,had visited for lunch buffetto my surprise at 2 pm most of the dishes were hardly left and were not replenisedalso service is slow had to wait even to pay bill inspite of the fact that it was half occupiedhad much more expectations for that price rangedefinitly not value for money,2,"3 Reviews , 3 Followers",2019-05-18 07:07:00,2019,281,51,False,False,False,Hyper Local,2,General,"['fact', 'pm', 'hardly']"
Mathura Vilas,Sanket Ghate,combo veg thali worth to buy it excellent taste you can feel taste of each and every food item im that thali at end basmati rice has super aroma,5,"6 Reviews , 1 Follower",2018-12-16 19:33:00,2018,144,29,False,False,False,Mathura Vilas,5,General,"['thali', 'aroma', 'end']"
Club Rogue,Sudhakar,rocking club but where is my brodj asif iqbal we want asif we want asif we want asif we want asif we want asif what a music what a class man,3,"2 Reviews , 1 Follower",2019-02-15 15:57:00,2019,140,31,False,False,False,Club Rogue,3,General,"['want', 'man', 'club']"
Mazzo - Marriott Executive Apartments,Sai Kumar,this was my first visit to this place hospitality is something that needs to be practiced and valued and manager mani mastered it received a warm welcome from the staff wonderful experience with the service and hospitality and food was ofcourse damn yumm thanks a lot manager mani for making my birthday special and most memorable,5,"1 Review , 21 Followers",2019-03-05 00:06:00,2019,330,56,False,False,False,Mazzo - Marriott Executive Apartments,5,General,"['manager', 'hospitality', 'damn']"
13 Dhaba,Srishti Bhardwaj | Exploring Life Tastes,the quality of food is commendable the indian dishes will completely make you like this place however this is not a dining like restaurant it has a very small place it is an actual dhaba so definitely dont judge a book by its cover you get the best tastes in such places,4,"79 Reviews , 229 Followers",2018-10-17 12:47:00,2018,270,52,False,False,False,13 Dhaba,4,Indian,"['book', 'dhaba', 'like']"
The Indi Grill,Rakesh Reddy Tekulapally,it was good dine in place with good amount of spread great service byraza and subenbhu grill options are good for both veg and non veg lovers,5,2 Reviews,2019-05-08 14:44:00,2019,141,27,False,False,False,The Indi Grill,5,Steakhouse,"['veg', 'grill', 'dine']"
Tiki Shack,RINKU GOEL,very poor service i went in day time and took 40 min to serve nachos food taste very poor i could rate this place ve they have speciality to server hot beer there staff is not entertaining,1,"2 Reviews , 3 Followers",2019-04-28 16:44:00,2019,188,37,False,False,False,Tiki Shack,1,General,"['poor', '40', 'min']"
Owm Nom Nom,Narendra,food is not good its below average and too costly moreover their behavior is not polite restaurant is not hygiene as well the smell is bad when you are into food business have some respect for customers,1,"2 Reviews , 2 Followers",2019-04-11 19:17:00,2019,202,37,False,False,False,Owm Nom Nom,1,General,"['costly', 'hygiene', 'smell']"
Momos Delight,Nidhi Mehra,poor service bo chutneys added,1,"2 Reviews , 1 Follower",2018-07-12 19:47:00,2018,30,5,False,False,False,Momos Delight,1,General,"['added', 'poor', 'service']"
Collage - Hyatt Hyderabad Gachibowli,Khaleel Khurram,im a midnight owl and this place is just perfect for people like me good service but a lil slow ordered a woodfire pizza and it was just amazing ambience is just like any other star hotel not impressed but pretty decent,5,"10 Reviews , 12 Followers",2018-12-16 02:50:00,2018,219,42,False,False,False,Collage - Hyatt Hyderabad Gachibowli,5,Italian,"['just', 'impressed', 'like']"
Shah Ghouse Hotel & Restaurant,Prem Vijayan,was trying to go to ter charminar branch but due to small mistake in cab bookings ended up at tiz branch took ter ac hall in d 1st floor typical resto arrangement and ac was mild and filled with biryani aroma ordered chicken tikka 230 juicy well marinated and perfectly cooked chicken qty was huge served with mint chutney splmutton biryani 280 biryani had huge portion which can easily serve two good eaters biryani was served with a egg and about 1012 pics of tender mutton pcs biryani lived up to its legendary status vfm 55,4,"45 Reviews , 397 Followers",2019-04-08 04:52:00,2019,527,96,False,False,False,Shah Ghouse Hotel & Restaurant,4,Indian,"['biryani', 'ac', 'branch']"
"3B's - Buddies, Bar & Barbecue",Yalla Yaswanth Kumar,govind serve us very well he is very polite and well specker all food are very testy and dessert are also very nice we enjoyed a lot thanks 3bs to give us a very nice dining,5,"2 Reviews , 5 Followers",2019-05-23 20:50:00,2019,173,36,False,False,False,"3B's - Buddies, Bar & Barbecue",5,Steakhouse,"['nice', 'govind', 'dining']"
Pista House,Shivi Saxena,went to have dinner here on a tuesday the waiting line outside the restaurant did give a glimpse of the amazing food they serve since it was just the two of us we bypassed the line and got a seat right away we ordered some garlic naan and schezwan chicken the service was very quick and food was great,4,"168 Reviews , 427 Followers",2019-01-30 08:30:00,2019,301,59,False,False,False,Pista House,4,General,"['schezwan', 'waiting', 'away']"
Domino's Pizza,Malar Madhav Rao,it was cold an tasted bd what do you do for that,1,"6 Reviews , 4 Followers",2018-09-08 22:47:00,2018,48,12,False,False,False,Domino's Pizza,1,Italian,"['cold', 'tasted', 'given']"
Jonathan's Kitchen - Holiday Inn Express & Suites,Bhavani Sankar Raju Machiraju,ambience is good and food is not that great we visited the place at 1pm and food is cold and doesnt seem to be good compared to the cost you can prefer flechazo1983 dhabaabs,3,"16 Reviews , 11 Followers",2019-01-16 09:34:00,2019,173,34,False,False,False,Jonathan's Kitchen - Holiday Inn Express & Suites,3,General,"['prefer', 'cost', 'compared']"
Mustang Terrace Lounge,Chayan,this place has quite a ambience to visit for but thats all youll get at this place they have just two attendant in total to take your order and service time is very poor i almost forgot i ordered something the taste is not worth the wait and the dj makes it even more worse by his songs ambience food dj service,2,"6 Reviews , 53 Followers",2019-04-18 13:06:00,2019,311,62,False,False,False,Mustang Terrace Lounge,2,General,"['dj', 'worse', 'total']"
The Fisherman's Wharf,Sagarika Roy,the ambience is really good the food is good and especially the starters are delicious butter prawns were the best we were given a great service by mr naveen would definitely recommend this place,5,1 Review,2019-05-10 18:50:00,2019,195,34,False,False,False,The Fisherman's Wharf,5,Seafood,"['mr', 'prawns', 'given']"
Udipi's Upahar,Amol Lakhe,the coconut chutney here is great food is prepared with less oil do try cheese dosa and bisibelle bath also try ginger tea available at udipi tea stall tea is very good in flavour,4,"3 Reviews , 1 Follower",2018-08-19 09:53:00,2018,179,34,False,False,False,Udipi's Upahar,4,General,"['tea', 'ginger', 'coconut']"
Dunkin' Donuts,Foodie Cookie,this has been my favourite donut place here i tried almost all the flavours n varities they offer in donuts last week i tried their burgers both chicken n veg the veg burger was horribly bad the other one was okayish so i recommend this place only for donuts,3,"247 Reviews , 316 Followers",2017-08-12 10:46:00,2017,258,49,False,False,False,Dunkin' Donuts,3,General,"['donuts', 'tried', 'veg']"
13 Dhaba,Rishab Singh,just ordered gobhi kulcha and daal makhani kulcha full raw from both sides and no pickle and onions provided highly disappointed and will not prefer to order again as this is the 45th time this happened many times i have been to that place and politely gave my feedback but it seems customer satisfaction is not their priority,1,8 Reviews,2019-02-10 15:30:00,2019,326,58,False,False,False,13 Dhaba,1,General,"['kulcha', 'daal', 'raw']"
Tandoori Food Works,Prashant Dasvant,please see this bill i had orderd 2 nos of bundi raita and i get only 1 when i call zomatto then he say call restaurant this is u r responsiblity this is really unfair,1,"1 Review , 2 Followers",2019-02-10 00:48:00,2019,167,35,False,False,False,Tandoori Food Works,1,Indian,"['raita', 'say', 'restaurant']"
Shah Ghouse Spl Shawarma,Manohar Vihari,shawarma here is the best it tastes different from every other shawarma joint the way the chicken taste is just amazing dont know about biryani but if you are looking for an amazing shawarma experience you must try this,4,"6 Reviews , 2 Followers",2018-12-04 19:23:00,2018,219,39,False,False,False,Shah Ghouse Spl Shawarma,4,Indian,"['shawarma', 'amazing', 'joint']"
Prism Club & Kitchen,Rupen,had a great night at prism place was packed and was a lot of fun shout out to our waiter vijay who was really helpful and courteous will definitely go again,5,"2 Reviews , 3 Followers",2019-03-02 20:53:00,2019,156,31,False,False,False,Prism Club & Kitchen,5,General,"['packed', 'fun', 'waiter']"
Royal Spicy Restaurant,Surya,ordered chicken dum and received at fine time even though ordered at very late night tastes smooth and not at all spicy which is good for non spicy lovers and ofcourse chicken too cooked well can order when u feel for dum,4,"10 Reviews , 2 Followers",2019-02-20 06:38:00,2019,221,42,False,False,False,Royal Spicy Restaurant,4,General,"['dum', 'spicy', 'received']"
Labonel,Abhishek Mandal,absolutely delighted with our overall experience the shop had an excellent festive decoration ideally there would be very little to talk about the ambiance of a takeaway cake shop but this place is an exception the moment we entered the place along with its festive and classy decor and the maddening smell from the kitchen where cakes were being baked we were instantly transported to a different place they mostly have ready cakes cookies and cupcakes that can be bought at the counter and there is a good menu to order and take away later the price at the beginning might look a little but wait till you have tasted either the cookies or the cakes we were at loss of proper adjectives and were totally delighted the brownie was perfectly baked with taste of butter and the other ingredients adding to the flavor this was one of the best brownies i have had in a long time we also bought the cup cakes and they were yummilicious as well want to try everything in the menu in future keep up the great work will definitely recommend,5,"74 Reviews , 169 Followers",2017-01-13 19:03:00,2017,1032,187,False,False,False,Labonel,5,Dessert,"['cakes', 'cookies', 'baked']"
Mathura Vilas,Kamlesh Murudkar,disappointed with their so called special navaratri thali festival they did not have any other option of thali during this time and when asked about north indian or south indian thali they told that they have only special navaratri thali we decided to order two of them nothing special in this one by navaratri thali you would expect kadhi khichadi and some good options but this was actually a mix of north and south indian thali utappam sambar payasam kela sabji mixture from south and tandoor roti puri corn n peas sabji tikki from north and small mixed fruits salad green chutney sweet chutney plain curd they had just plain steam rice they missed serving us welcome drink of chaaslassi overall disappointed for the price paid and options received,3,"57 Reviews , 402 Followers",2018-10-18 22:46:00,2018,751,129,False,False,False,Mathura Vilas,3,Indian,"['thali', 'south', 'north']"
Hyper Local,Ashwani Kumar,amazing place and best to chill out with friendsspecially the outdoor ambience we simply loved it as well as the food was also nice and along with the service,5,"4 Reviews , 27 Followers",2019-04-23 13:46:00,2019,158,29,False,False,False,Hyper Local,5,General,"['chill', 'outdoor', 'simply']"
Shree Santosh Dhaba Family Restaurant,Murthy VVVSN Karaka,half boiled rice more masala than rice,2,"3 Reviews , 1 Follower",2018-07-09 14:26:00,2018,38,7,False,False,False,Shree Santosh Dhaba Family Restaurant,2,General,"['rice', 'half', 'masala']"
Mathura Vilas,Upendra Bandi,firstly the seating tables and chairs interiors all are awesome but the foooooood when compared with its pricing did not meet the minimum standards i could it is worst the butter naan is charged at a rs 60 huhh the worst naan i ever ate and service what a pity i should stand and call a person for service and totally this restaurant is worthless for the service and the pricing the pricing is very premium and the taste what a road side small dabas are very far better than this,1,"10 Reviews , 2 Followers",2019-02-10 10:46:00,2019,479,91,False,False,False,Mathura Vilas,1,General,"['pricing', 'naan', 'worst']"
The Tilt Bar Republic,W TF,only 3 stars for taste of food so visited here with colleagues for lunch have expected a good ambeince but too crowded and service was at its lowest might be only cause of friday but food was good and little conjested place,3,1 Review,2019-03-15 22:51:00,2019,223,42,False,False,False,The Tilt Bar Republic,3,Bar,"['colleagues', 'stars', 'friday']"
Cascade - Radisson Hyderabad Hitec City,Nillu,i have been this on last sunday i booked from dinout i was expecting a lot fr this place scene it is a five stars hotel but i didnt feel that much good quality of food is ok i can say as per my experience specially if you are a vegetarian then it not a good place for you,3,"17 Reviews , 9 Followers",2019-02-22 22:26:00,2019,271,59,False,False,False,Cascade - Radisson Hyderabad Hitec City,3,General,"['expecting', 'booked', 'stars']"
The Chocolate Room,Amritorupa Kanjilal,the traditional chicken sandwich was amazing but the earl grey tasted like salty water will be back to try the pastries environment was pleasant but could have been a bit cleaner,3,"3 Reviews , 1 Follower",2018-11-24 16:34:00,2018,178,31,False,False,False,The Chocolate Room,3,General,"['salty', 'environment', 'pastries']"
Eat India Company,Abhinav Baloni,the food is good the ambiance is good we were greeted by dilip das and he made it an amazing experience for us to dine in over here surely would like to come again,5,"3 Reviews , 27 Followers",2018-08-05 21:00:00,2018,163,34,False,False,False,Eat India Company,5,General,"['surely', 'dine', 'come']"
Mustang Terrace Lounge,Sushant Negi,such a nice place at gachibowli hang out with friends and as a couple also enjoyed the dance floor with good music food was okies type but has a lot of options ambience is also good,4,"11 Reviews , 34 Followers",2019-04-24 01:28:00,2019,181,36,False,False,False,Mustang Terrace Lounge,4,General,"['type', 'hang', 'couple']"
The Indi Grill,Sneha,sakeel thank you so much for your excellent service and respect crazy time with my team dinner went great food is a bit spicy for me but all my teammates love spice liked it very much,4,"16 Reviews , 130 Followers",2019-04-15 22:20:00,2019,183,36,False,False,False,The Indi Grill,4,Steakhouse,"['crazy', 'spice', 'thank']"
Shanghai Chef 2,Smita Singh,a small place with with dim lighting and gives the feel of romantic dinner table at first we thought its a good budget friendly restaurant for chinese food in gachibowli food tasted good and so was the presentation we were enjoying our food and suddenly we heard people arguing with waiter over something and to our horror when we find out they had found cockroach in their food our experience turned into nightmare they should maintance the hygiene of their kitchen,2,"20 Reviews , 82 Followers",2019-01-06 22:18:00,2019,466,81,False,False,False,Shanghai Chef 2,2,Chinese,"['food', 'lighting', 'turned']"
The Indi Grill,Harikrishna Prabhu,went here for a team outing the restaurant caters to masses from the corporate sector not great spread on the buffet the starters were either too spicy or undercooked the main course spread was below average the fresh jalebi was a good addition to the otherwise below average dessert spread,2,"1 Review , 1 Follower",2019-05-15 17:54:00,2019,290,50,False,False,False,The Indi Grill,2,Steakhouse,"['spread', 'average', 'corporate']"
Labonel,Varma,the best tasting and expensive baking place the brownies are top rated and even the chocolate cakes too but with a expensive tag if you like to order a chocolate cake classic chocolate cake is the best if you are not worried for the price tag this is a must try place,4,"96 Reviews , 144 Followers",2017-05-01 17:54:00,2017,267,52,False,False,False,Labonel,4,Dessert,"['chocolate', 'expensive', 'cake']"
Feast - Sheraton Hyderabad Hotel,Khaane_mey_kya_hey By Rony Samuel,been here for a corporate event and absolutely loved the hospitality and the ambience of the hotel the lavish buffet was on point with amazing spread love their live counters and kebabs the kheema uttapam was something unique to try they have an amazing team to fix your mocktails and cocktails the staff was friendly and paid attention to the guest till the end,4,"57 Reviews , 52 Followers",2019-03-05 16:26:00,2019,362,64,False,False,False,Feast - Sheraton Hyderabad Hotel,4,General,"['amazing', 'attention', 'corporate']"
The Foodie Monster Kitchen,NANI,we are ordered for waffle treat and the original chicken shawarma the food was awesome and we want to visit this restaurant with my friends i will suggest this place to every one for shawarmas,5,1 Review,2018-08-04 19:28:00,2018,192,35,False,False,False,The Foodie Monster Kitchen,5,General,"['waffle', 'treat', 'shawarma']"
Pot Pourri,Sandeep Kumar,non veg is worst ambience and service is also worst taste is bland you can easily avoid this restaurant they take so much time to serve food and even they are not polite,1,1 Review,2019-01-30 15:19:00,2019,169,33,False,False,False,Pot Pourri,1,General,"['worst', 'avoid', 'easily']"
Khaan Saab,Vinayak Au,been to this place had the worst experience found hair in food not once but thrice and got plastic particle in shorba weve complained the management im sure food here is cooked with least hygiene and neatness try avoiding this place,1,"1 Review , 48 Followers",2019-04-22 17:20:00,2019,232,41,False,False,False,Khaan Saab,1,General,"['plastic', 'hygiene', 'management']"
Cafe Eclat,Anoop Prakash,boy do i love their bakery products especially their fresh bread that whole wheat bread is to die for 170 bucks 3 times as expensive as one from old madras baking company but 3 times better in taste as well they have a nice quiet small seating area which serves fresh continental and desserts i loved the quattro fromaggi as it was made from fresh sourdough bread the only reason they lost a star is their high pricing on pastries 400 bucks for a cheesecake for example and average cafe latte but am a frequent customer here nonetheless some guilty pleasures of life,4,"112 Reviews , 450 Followers",2019-03-07 08:39:00,2019,566,103,False,False,False,Cafe Eclat,4,Cafe,"['bread', 'fresh', 'bucks']"
Labonel,Sambhangi Sandeep,we ordered a cake for my niece birthday loved the coco vanilla cake this place is so classy the guy on tills is very decent and friendly will surely come back,5,"234 Reviews , 688 Followers",2017-11-17 22:28:00,2017,158,31,False,False,False,Labonel,5,Dessert,"['cake', 'vanilla', 'surely']"
Mathura Vilas,Yashwanth Kanuru,south and north thalis are their go to options with good spread of varieties in them ambience is decent for dining with family only drawback is their slow service they typically take 2025 mins to get the thali you might not find it crowded but dont let that fool you it is a good place,4,5 Reviews,2019-02-23 14:27:00,2019,285,55,False,False,False,Mathura Vilas,4,General,"['south', 'thali', 'let']"
Being Hungry,Mhicaela Martin Galang,ordered food online and i clicked the part wherein it says for someone who is feeling unwell or something like that and it was delivered on time the food was great the delivery guy also was so polite,5,"13 Reviews , 7 Followers",2018-07-20 14:27:00,2018,199,38,False,False,False,Being Hungry,5,General,"['feeling', 'online', 'guy']"
Shanghai Chef 2,Shubhamjuneja41,food and service was good i ordered lemon coriander souphoney chilli potato and schezwan noodles soup was just okay honey chilli potato was tasty but could have been more crispy schezwan noodles were tasty overall good experience,4,"4 Reviews , 4 Followers",2018-07-03 22:29:00,2018,229,37,False,False,False,Shanghai Chef 2,4,Chinese,"['schezwan', 'potato', 'chilli']"
Beyond Flavours,Vibhor Joshi,i have been to beyond a few times and have tried out a lot of their dishes it never disappoints i would specially recommend their soups the healthy broth soup and the roasted chicken soup are amazing in addition the service is great and our server papiya was very courteous and prompt this place has become my go to place for a good dining experience,5,"2 Reviews , 31 Followers",2019-05-15 21:09:00,2019,350,65,False,False,False,Beyond Flavours,5,General,"['soup', 'roasted', 'soups']"
Over The Moon Brew Company,Phani Dileep,actually i struggled between 3 and 4 for this place where drinks are so good and buffet doesnt last to it but a totally classy atmosphere in buffet area and very good vibes in first floor and their brewery is one of the best a little costly caution if you are a stag majority of times they wont allow u on ground floor in evenings which is kind of sucks though finally value for money for a date or with a team else little expensive,4,"99 Reviews , 106 Followers",2019-04-30 00:49:00,2019,432,85,False,False,False,Over The Moon Brew Company,4,Bar,"['floor', 'little', 'buffet']"
Paradise,Karthik Puram,polite and friendly visited this place for the 3rd time and the food is decent enough good place to visit with the family for dinner and lunch,5,"2 Reviews , 1 Follower",2019-05-17 21:03:00,2019,142,27,False,False,False,Paradise,5,General,"['polite', 'family', 'dinner']"
Amul,Shreya Jindal,quantity was not same as always and there was no dry ice in packaging,2,"3 Reviews , 19 Followers",2018-07-26 23:37:00,2018,69,14,False,False,False,Amul,2,General,"['dry', 'packaging', 'ice']"
Yum Yum Tree - The Arabian Food Court,Harsh,mandi is good prices are affordable with generous serving we tried fish mandi and it was yummy only thing they need to fix is furniture as it looks worn out,4,"3 Reviews , 1 Follower",2019-03-22 21:49:00,2019,156,30,False,False,False,Yum Yum Tree - The Arabian Food Court,4,Seafood,"['mandi', 'affordable', 'looks']"
Chinese Pavilion,Krishna Peddinti,some restaurants have figured their identity this is one of them bamboo rice and honey glazed chicken all day ask for the blueberry cheesecake and indulge yourself,5,3 Reviews,2017-10-01 05:21:00,2017,163,27,False,False,False,Chinese Pavilion,5,Chinese,"['cheesecake', 'bamboo', 'honey']"
The Glass Onion,Rahul Reddy,the glass onion hope it belongs to global by what ive seen there this place is built located exactly beside a golf course the inside is just neat and calm the food served is as good as their service a calm alcoholic evening spent there is just astonishingly peaceful in the middle of the busy it hub,4,"3 Reviews , 110 Followers",2019-03-28 16:19:00,2019,299,57,False,False,False,The Glass Onion,4,General,"['calm', 'just', 'spent']"
Prism Club & Kitchen,Barlapudi Manoj,probably the best pub i had ever visited in the city very spacious and one doesnt feel suffocated in here unlike the other baloconyterraceturned pubs here in the city havent tried much of food but i liked all the chicken starters very much except for chicken 65 would definitely visit again,5,"161 Reviews , 417 Followers",2019-03-11 22:35:00,2019,290,51,False,False,False,Prism Club & Kitchen,5,Bar,"['city', 'havent', '65']"
The Glass Onion,Apantham,this is relatively new place glass onion has a good ambiance and surroundings tried pasta grilled chicken and couple of other starters service is very slow otherwise a good place and priced well,4,"27 Reviews , 14 Followers",2019-03-15 17:27:00,2019,194,33,False,False,False,The Glass Onion,4,Italian,"['glass', 'onion', 'priced']"
Sardarji's Chaats & More,Tahishi Gupta,ordered vada pav and pav bhaji they had a variety of chats both the dishes were too delicious a good snacks joint in hyderabad their dahi papri should top your list,5,"28 Reviews , 34 Followers",2019-05-03 13:51:00,2019,164,31,False,False,False,Sardarji's Chaats & More,5,General,"['pav', 'dahi', 'joint']"
Faasos,Letseathyderabad,firstly thanks to faasos for complimenting the food i ordered their packing were good and the quality of food was also great the amount of chicken filled in the that eas huge where i couldnot eat one whole wrap for more details and posts please visit letseathyderabad on instagram zomato,4,"109 Reviews , 1807 Followers",2018-07-06 12:58:00,2018,287,50,False,False,False,Faasos,4,General,"['instagram', 'wrap', 'filled']"
Flechazo,Pratyusha972,went with a group of 9 people for buffet the place had nice ambience and excellent food hamid and kushals service was impressive they even danced with us it was a really fun experience,5,"1 Review , 1 Follower",2019-04-29 22:33:00,2019,184,34,False,False,False,Flechazo,5,General,"['impressive', 'fun', 'group']"
Hitech Bawarchi Food Zone,Sai Sandeep,i ordered egg soft noodles from here they didnt even included spoon or spork for the item how i have to eat noodles and also full of oily,1,"1 Review , 1 Follower",2019-02-25 00:17:00,2019,137,28,False,False,False,Hitech Bawarchi Food Zone,1,Chinese,"['noodles', 'included', 'oily']"
La La Land - Bar & Kitchen,Tharun Tyson,very good place to visit and i can promise you wont find a better place with the combination of best price list with this ambience and the staff,5,"4 Reviews , 47 Followers",2018-11-26 18:45:00,2018,144,28,False,False,False,La La Land - Bar & Kitchen,5,Bar,"['combination', 'list', 'wont']"
T Grill,Ajay,great value for money spent natural ambience felt happy spending the time ambience 5 food 4 photographic location 4 loved it eat what you can,4,"84 Reviews , 131 Followers",2017-10-01 00:06:00,2017,141,25,False,False,False,T Grill,4,Steakhouse,"['spent', 'location', 'ambience']"
The Glass Onion,Shashidhar Reddy,ambience 55 one of the best in hyderabad being next to golf course food 35 can improve a lot on the taste ordered waffle fries beer fish strips double pepper lamb four square pizza except for lamb none tasted great service 55 timely courteous no complaints u can get nice pictures,4,"5 Reviews , 12 Followers",2019-04-02 19:26:00,2019,280,51,False,False,False,The Glass Onion,4,Italian,"['lamb', '55', 'waffle']"
Marsala Food Company,Aditya SAlunkhe,good food nice ambience service is okay not many varieties in veg curries but whatever they have is good in taste overall a nice restaurant to have dinner with your friends or family,4,"17 Reviews , 71 Followers",2019-05-08 20:24:00,2019,182,33,False,False,False,Marsala Food Company,4,General,"['nice', 'curries', 'varieties']"
Mohammedia Shawarma,Magendran Dhanasekar,i think they have kept the rotti in rain,2,"1 Review , 20 Followers",2018-07-15 22:06:00,2018,40,9,False,False,False,Mohammedia Shawarma,2,General,"['kept', 'think', 'given']"
Desi Bytes,Abhi Shek,cheating at midnightthis will not be tolerated in indiathis has violated my right to food the sample size was too smallseemed like more of chicken lollypop,1,4 Reviews,2018-07-13 01:26:00,2018,155,26,False,False,False,Desi Bytes,1,General,"['size', 'right', 'like']"
Khaan Saab,Furkhan Shareef,went out for casual family dinner tried the palak chat for starters it was yummm worth a try also tried mutton galawti kebab and a fish starter mutton kebabs were really good fish starter took lot of time to get served and still lacked the taste but disappointed with the fish starterordered peshawari chicken and few naans for the mains both the gravy and naans were up to the mark biryani was also decent its a place worth a try,4,"20 Reviews , 757 Followers",2018-11-18 10:26:00,2018,430,80,False,False,False,Khaan Saab,4,Indian,"['fish', 'starter', 'mutton']"
PourHouse7,Shomik Sen,average ambience average food and average experience not worth the 500 bucks they charged for entry as cover which was not even adjusted with the bill music was too loud making it difficult to sit through a number of items on the menu were unavailable though service was prompt had high hopes because of the zomato rating but was thoroughly disappointed should give it a miss if one is looking for a classier experience,2,"2 Reviews , 2 Followers",2019-03-24 12:18:00,2019,419,74,False,False,False,PourHouse7,2,General,"['average', 'entry', 'difficult']"
Khaan Saab,Kumar.abs,excellent food and food hospitality extended waiter tapan took special care would recommend place is good for a small gettogether for official purpose as well,5,"1 Review , 2 Followers",2019-04-04 14:47:00,2019,158,25,False,False,False,Khaan Saab,5,General,"['waiter', 'hospitality', 'care']"
13 Dhaba,Sarika,i didnt go and eat at the dhaba i had ordered from here the taste was amazing and te only issue was packaging of the order a must have is alu parantha and lassi,4,"34 Reviews , 12 Followers",2019-05-25 15:05:00,2019,160,34,False,False,False,13 Dhaba,4,General,"['dhaba', 'issue', 'lassi']"
Momos Delight,Ritwik Borgohain,i ordered the steamed chicken and fried chicken momos the momos are pretty terrible especially considering how much they are asking for it ive had cheaper and better momos from roadside vendorsthey also made my stomach upset which is a sure sign of them serving old and unhygienic food since even the roadside momos have never done this to me i would definitely steer clear of this place especially if you have ever had even half decent momos from anywhere else also this is the first time someone has given mayo with momos and i can confirm that the combination is as disgusting as it soundsif you have poor taste in food or have a stomach made of iron then sure go ahead and order from this farce of a momo joint otherwise learn from my mistake and let it be the only one to have occurred,1,"2 Reviews , 26 Followers",2019-05-10 23:12:00,2019,790,147,False,False,False,Momos Delight,1,General,"['momos', 'stomach', 'sure']"
Urban Asia - Kitchen & Bar,Shaan Wins Veigas,the lamb dish was good but the pork was undercooked better avoid pork here coz that could be dangerous the ambience is good the decor is warm with heritage wooden doors pillars n other elements from old rajasthan havelis,3,"11 Reviews , 4 Followers",2019-01-19 17:38:00,2019,220,39,False,False,False,Urban Asia - Kitchen & Bar,3,Bar,"['pork', 'coz', 'avoid']"
"3B's - Buddies, Bar & Barbecue",Tony,service was wonderful good choice for biddies govind is the wonderful guy around here we enjoyed a lot really very nice pla e for spend time,5,"8 Reviews , 25 Followers",2019-05-20 23:07:00,2019,140,26,False,False,False,"3B's - Buddies, Bar & Barbecue",5,Steakhouse,"['wonderful', 'govind', 'spend']"
The Indi Grill,Prathamesh. Palkar.,great food awesome ambience excellent service by raza and subhendu wide range of options in starters and desserts reasonable pricing must visit,5,1 Review,2019-04-29 22:36:00,2019,143,22,False,False,False,The Indi Grill,5,Steakhouse,"['pricing', 'range', 'wide']"
Beyond Flavours,Sugandha Saxena,my review of the place comes after multiple visits that have spanned over 4 months and now i can safely say that its one of the good places around theyre located near the biodiversity signal above fabindia theres ample parking for both two and four wheelers the ambience is a bit dim after dark and the seating is divided into various options including a pdr section the menu design is in the shape of a bottle and the array spans continental chinese and indian cuisines heres the list of things that i have tried across all my visits panko crumbed mozzarella sticks cheese sticks that are coated and fried pure cheese bliss veg lasagna this place has one of the good lasagne in the town crispy chilli corn kernels the usual favourite this one has a slightly different presentation here makhmali paneer tikka cottage cheese shashlik sizzler italian nachos nachos topped with red sauce and cheese and baked in the dish cheese and cheese pizza soft base pizza loaded with cheese and a few pieces of green olives i cannot stress enough on how i have loved all that i tried here i have also tried out their lunch buffet the variety may not be as elaborate as other places but with the food quality and the discount that they offer for bulk bookings it is at least a onetime try but what i really adore here is their mocktails beyond delight is an absolute delight also a fan of the guava and chilli and apple and kiwi night drinks the staff is ever so courteous a special mention to papiya and shuvro who were our attendants on the latest visit the place has zomato gold 11 which further brings down their reasonable rates a meal for two would roughly be around 700 that fills not only your tummy but also you heart,4,"150 Reviews , 2135 Followers",2019-05-18 14:53:00,2019,1711,313,False,False,False,Beyond Flavours,4,Italian,"['cheese', 'visits', 'delight']"
Dunkin' Donuts,Piyush Kumar,ambience 45 very good place to sit and enjoy with friends food 45 really mouth watering donuts other food and baverages like burgers coffee are good to have other than donuts service 45 really quick service dont make you wait alot,4,"99 Reviews , 414 Followers",2018-06-09 01:03:00,2018,230,41,False,False,False,Dunkin' Donuts,4,Cafe,"['45', 'donuts', 'watering']"
The Glass Onion,Nikhil Sirivolu,what a beautiful place to go for dinner with family or friends headed to this place either friends for dinner and also for a special occasion there is both indoor and outdoor seating at this place we chose to sit outside as it got a beautiful view and it was just amazing with the view and the weather there is quite a large selection of food from italian continental to indian we ordered for some starters from which we really like bakchoy fry and also malai broccoli chilli potato and red chilli chicken were really nice and if you like to have some soup i would definitely suggest hi for broccoli soup for the main course we ordered some white sauce pasta grilled chicken with lemon butter garlic sauce vegetarian fried rice and my favorite pork spare ribs which was just scrumptious and beautifully cooked pork we also ordered a cheese platter with wine and i would suggest this for the people who love to enjoy and cheese and wine we had less food and lot of alcohol but people who are going only to eat some food its really not that expensive and its totally worth it for the view and for the food a very serene beautiful and peaceful place to enjoy a beautiful evening,5,"59 Reviews , 271 Followers",2019-04-19 15:22:00,2019,1175,217,False,False,False,The Glass Onion,5,Italian,"['beautiful', 'view', 'broccoli']"
Biryanis And More,Rajeev Jakkani R,been here twice we have ordered biryanis there were different varieties of biryanis served here however the taste was quite average since the name of the restaurant itself contains biryani that too in city of hyderabad the expectations were high being a lover of biryani and comparing with other local biryani restaurants it missed that magic the portion of food served was also less,3,"5 Reviews , 18 Followers",2019-04-21 16:55:00,2019,383,64,False,False,False,Biryanis And More,3,Indian,"['biryanis', 'biryani', 'served']"
The Glass Onion,Srikanth Nagumalli,had good food good place to hang out with friends service was good fabulous view of boulder hills golf club calm place within the most busiest hyderabads financial district,4,"1 Review , 5 Followers",2019-03-30 16:00:00,2019,172,29,False,False,False,The Glass Onion,4,General,"['calm', 'hills', 'club']"
Eat India Company,RAJ,the receptionist was very impolite she started shouting at us when we asked her to call her manager the most amazing part was when we were told that manager was very busy and cannot come to us i am not sure what was more important for the manager than customers the restaurant was definitely not on fire and funny business model of not catering to a group of 8 when they had 5 tables for four free,1,1 Review,2018-11-01 14:03:00,2018,397,77,False,False,False,Eat India Company,1,General,"['manager', 'free', 'busy']"
Shah Ghouse Hotel & Restaurant,S G K,the taste of biryani is so good rate is pocket friendly i recommend shah ghouse for good biryanigood food good taste like shah ghouse biryani,5,"10 Reviews , 11 Followers",2019-04-19 20:30:00,2019,141,25,False,False,False,Shah Ghouse Hotel & Restaurant,5,Indian,"['ghouse', 'shah', 'biryani']"
Faasos,Yogita Sharma,i ordered from faasos last night but i didnt receive my orderwhen i tried to connect with the restaurant they didnt respondi tried to connecting with them many times but no one responds and after 2 hrs it shows that order is deliveredeven on next day when zomato tried to call them they didnt respondits a wosrt service i have ever get,1,"1 Review , 3 Followers",2019-04-18 13:45:00,2019,335,62,False,False,False,Faasos,1,General,"['didnt', 'tried', 'day']"
The Old Madras Baking Company,Vasanthi Raj,filter coffee croissant cravings get satiated here it hums with a beat synced with mine tasting one at a time to control calories they have got a wide array of goodies custard bun banana cake danish etc etc variety of cheese preserves pickles if they can get their over the door air blowers to keep the flies away i would have given 5,4,"12 Reviews , 4 Followers",2018-07-15 12:50:00,2018,334,63,False,False,False,The Old Madras Baking Company,4,Cafe,"['cravings', 'air', 'banana']"
PourHouse7,Shaik Ilyas,spacious roof top n very friendly staff nice offers for cooperate pplbest place to njy d eveningfood was very yummyi love the environment ty guysfor lovely evening,5,"1 Review , 4 Followers",2019-04-05 22:17:00,2019,163,27,False,False,False,PourHouse7,5,General,"['environment', 'spacious', 'roof']"
Being Hungry,Foodbug,i was in hyderabad for around 3 years during that time i have visited this restaurant more than 50 times most of the time have ordered biryani and egg chilly dum biryani has been always my favorite here never disappointed,5,"36 Reviews , 1224 Followers",2018-10-31 23:12:00,2018,221,40,False,False,False,Being Hungry,5,Indian,"['biryani', 'years', 'time']"
Hunger Maggi Point,Parimal Khatri,ordered home delivery as i wanted to sit relax and enjoy this maggi they serve a lot of variety of maggis i like the fried maggi ordered fried chicken maggi as expected it was really good and tasty filled with crunchy chicken pieces and a lot of veggies and i suggest you all if you order for home delivery please eat while its still hot it tastes really good after all its maggi,4,"80 Reviews , 158 Followers",2018-11-06 21:07:00,2018,379,73,False,False,False,Hunger Maggi Point,4,General,"['maggi', 'home', 'delivery']"
Beyond Flavours,Singh.ibm,had lunch today at beyond flavors the food was very good and delicious and awesome service was provided by soumen das shuvro would highly recommend the restaurant,5,"2 Reviews , 2 Followers",2019-05-18 14:48:00,2019,162,27,False,False,False,Beyond Flavours,5,General,"['flavors', 'provided', 'today']"
The Foodie Monster Kitchen,Vineet Srivastava,in love with their pancakes i have tried classic pancake and chocolate chips pancakes both were done well and recommended will definitely try other items from the menu,5,"120 Reviews , 220 Followers",2019-03-19 18:09:00,2019,167,28,False,False,False,The Foodie Monster Kitchen,5,Dessert,"['pancakes', 'chips', 'classic']"
Pista House,Samar Sardar,had a nice evening there yesterday food was decent biryani was good but little dry need to improve little more ambience was good staffs are friendly,4,"8 Reviews , 11329 Followers",2018-10-12 20:21:00,2018,148,26,False,False,False,Pista House,4,Indian,"['little', 'yesterday', 'staffs']"
Green Bawarchi Restaurant,Ilyas Shaikh,i ordered mutton biryani online but was very dissappointed with the qualtiy of the biryani mutton was full of bones and undigestable also it was very spicy and really wasnt good for a sunday dinner will never order again from there,2,"1 Review , 1 Follower",2018-09-03 00:00:00,2018,231,41,False,False,False,Green Bawarchi Restaurant,2,Indian,"['mutton', 'biryani', 'online']"
Al Saba Restaurant,Jamall Mohammed,awesome quality chicken has been cocked well i wish you to continue in the same way,5,"1 Review , 3 Followers",2018-04-29 21:11:00,2018,83,16,False,False,False,Al Saba Restaurant,5,General,"['wish', 'way', 'awesome']"
Komatose - Holiday Inn Express & Suites,Sagar Sandesh,good place to spend time with friends and colleagues dj is great and loved the bar structureservice was quick and staff were quite interactive would like to appreciate anmol the bar staff,4,"11 Reviews , 3 Followers",2018-04-24 10:49:00,2018,187,32,False,False,False,Komatose - Holiday Inn Express & Suites,4,Bar,"['bar', 'appreciate', 'staff']"
Hunger Maggi Point,Sameera,maggie is cold by the time it reached me,2,"3 Reviews , 2 Followers",2018-09-06 17:53:00,2018,40,9,False,False,False,Hunger Maggi Point,2,General,"['maggie', 'reached', 'cold']"
Hyderabadi Daawat,Srilekha Jindam,daawat khaas murgh musallam sinkanderi raans sabz kebab platter these items are the best we ate here with my collegues everyone has to try these,5,"3 Reviews , 10 Followers",2019-04-24 15:38:00,2019,144,25,False,False,False,Hyderabadi Daawat,5,General,"['ate', 'murgh', 'platter']"
Mazzo - Marriott Executive Apartments,Sambhangi Sandeep,we loved the ambience to the fullest been here for my wifes birthday dinner pool side lovely ambience buffet dinner what else you want the buffet is simple and nice nothing so great about the variety but what ever they have they are done well amit and pratik helped us and made us feel home thanks guys appreciate apoorva ganapathi,5,"234 Reviews , 688 Followers",2019-01-12 14:41:00,2019,331,60,False,False,False,Mazzo - Marriott Executive Apartments,5,General,"['dinner', 'buffet', 'pool']"
Khaan Saab,Venu Gopal,this place will make you to feel like a royal guest ambiance gives us the small sample of royalness of our earlier indian kings great foodgood servicelittle over priced service55 food455 ambiance55,4,"18 Reviews , 67 Followers",2019-02-07 16:45:00,2019,197,32,False,False,False,Khaan Saab,4,Indian,"['royal', 'earlier', 'gives']"
Mohammedia Shawarma,Chanakya M,there was a lil too much oil,4,"5 Reviews , 1 Follower",2018-08-03 01:40:00,2018,28,7,False,False,False,Mohammedia Shawarma,4,General,"['oil', 'given', 'ginger']"
Mazzo - Marriott Executive Apartments,Dhruv Chhabra,amazing place to be when you need a cool and chilled out place dine near the pool area for a soothing experience one of the best ambience of a pool side drink with calm environment and amazing wether view,5,"5 Reviews , 6 Followers",2019-02-17 17:51:00,2019,204,39,False,False,False,Mazzo - Marriott Executive Apartments,5,General,"['pool', 'amazing', 'calm']"
The Foodie Monster Kitchen,Vinay,located in such a place where numerous food courts are available their menu is a real eye catcher pocket friendly with decent quality quantity talking about the taste we ordered chicken shawarma combo and rice bowl combo the taste of shawarma didnt reach our expectations but the rice bowl combo was really good need to work on the shawarma cuz the taste levels of shawarma is pretty high regarding the service the waiters were good humble the service was good but faced an issue with the payment their swiping machine wasnt working so i had to go for an atm which irritated me management has to look after these issues their ambience is good and clean spent some quality time food35 service 30 revisit wanna try their whole menu,3,"111 Reviews , 450 Followers",2018-08-10 07:55:00,2018,729,129,False,False,False,The Foodie Monster Kitchen,3,General,"['shawarma', 'combo', 'bowl']"
The Foodie Monster Kitchen,Hannahdbb,the best place to chill with some crazy posters i always feel colourful and happy when i hav food there and yes the restaurant guys are so humble and frndly too food is love,5,"3 Reviews , 1 Follower",2018-07-13 14:06:00,2018,173,34,False,False,False,The Foodie Monster Kitchen,5,General,"['crazy', 'humble', 'yes']"
Desi Bytes,Shikha91singh91,love litti chokha littis were well stuffed aloo baigan and tomato chokha was awesome they are serving 3 chutneys too along with that if you are a litti chokha lover and living in hyderabad visit them you will definitely love the food,5,"1 Review , 1 Follower",2018-11-04 12:15:00,2018,233,42,False,False,False,Desi Bytes,5,General,"['litti', 'love', 'stuffed']"
Tiki Shack,Deepak Arora,the ambiance was very nice it was my first time at this restaurant and it was a good experience overall we ordered chilly chicken and veg manchurian and both were upto the expectations for the taste,4,"24 Reviews , 8 Followers",2019-02-22 20:42:00,2019,198,36,False,False,False,Tiki Shack,4,General,"['manchurian', 'chilly', 'upto']"
Deli 9 Bistro,Payal Khullar,this place never disappoints me never totally love the nachos chaat in the starters prepared warm crispy with right dose of sour and sweet flavours paav bhaji is also very good in main course their paneer bhurji combo is my all time favourite also must try is lasagna at this place byw i love how they give you good quantity of food as well the staff is super courteous,5,"13 Reviews , 13 Followers",2018-11-18 01:02:00,2018,369,69,False,False,False,Deli 9 Bistro,5,General,"['love', 'chaat', 'nachos']"
Owm Nom Nom,Sushma Thodety,ordered chicken lollipop as a starterbut received them as burntsalty and wet instead of dry snack egg fried rice was ok chicken kadai curry was not tasty at all chicken seems to be old stock veg rolls looked like dosa roll instead rolls should be crispy with stuff not coming out didnt like the food at all im not gonna order it from here again price also on the higher side but food is not worth the price,1,"2 Reviews , 1 Follower",2019-02-16 10:10:00,2019,406,78,False,False,False,Owm Nom Nom,1,Indian,"['rolls', 'instead', 'chicken']"
Over The Moon Brew Company,Pratik Das,one of the best places to chill and drink in hyderabad the japanese fried chicken the kung pao chicken and the beautiful ice cold brewed beer we loved the weizen bock beer are the best ask for kamal who is simply the sweetest and the best server at the place he recommended the best dishes and the best beer make sure to ask for kamal when visiting otm cheers,5,"2 Reviews , 83 Followers",2019-05-18 17:38:00,2019,359,69,False,False,False,Over The Moon Brew Company,5,Japanese,"['beer', 'best', 'ask']"
Hitech Bawarchi Food Zone,Samar Sardar,went there for team lunch last week from the outside it looks good but inside hygiene is not maintain we ordered for chicken biryani chicken 65 it took sometimes to come on table but food was very very very spicy i was not able to eat but my hydfriends are enjoyed it,3,"8 Reviews , 11329 Followers",2018-08-29 01:01:00,2018,267,52,False,False,False,Hitech Bawarchi Food Zone,3,Indian,"['week', 'hygiene', '65']"
Olive Garden,Ram Gopal,last time you given big box pepper chicken with cost 200 now you have given small one cost of 240 this the way you treat the customers,1,"8 Reviews , 2 Followers",2018-07-20 19:41:00,2018,134,27,False,False,False,Olive Garden,1,General,"['cost', 'given', 'pepper']"
Mustang Terrace Lounge,Bharathi,the people here are not at all polite i will never be here again i dont suggest this place at all had a worst experience today waste of time,1,6 Reviews,2019-05-04 22:57:00,2019,140,29,False,False,False,Mustang Terrace Lounge,1,General,"['waste', 'suggest', 'today']"
Feast - Sheraton Hyderabad Hotel,Durga Prasad Pradhan,food was really good pasta and the deserts were really good would like to see more variations in the menu few more live counters could incresae the variation,5,"3 Reviews , 36 Followers",2019-01-16 22:23:00,2019,157,28,False,False,False,Feast - Sheraton Hyderabad Hotel,5,Italian,"['really', 'deserts', 'live']"
Flechazo,Sathish Krishnan,food has always been good in flechazo good varieties of starters with unlimited serves smoking cold ice cream is a must have experience what makes flechazo is their friendliness and service celebrated my sons and wifes birthdays here was so much fun with friends special thanks to their team jayanta hasibul and many for making this such a pleasant experience love coming to this place again and again and again,5,2 Reviews,2019-04-25 22:01:00,2019,411,70,False,False,False,Flechazo,5,Dessert,"['experience', 'pleasant', 'fun']"
Tempteys,Junaid Ahmed,caramel brownie was the best i could grab here and i strongly recommend the same when it comes to snacks they have potato wedges and french fries with multiple flavors a decent outlet that can accommodate around 12 visitors pretty clean and pleasant ambiance the service could ha e been a little better i always look out for friendlg staffs,3,"179 Reviews , 1205 Followers",2018-10-08 19:33:00,2018,340,60,False,False,False,Tempteys,3,General,"['caramel', 'wedges', 'snacks']"
Desi Bytes,Debashree,so less quantity at so high rate,2,"2 Reviews , 1 Follower",2018-07-16 22:23:00,2018,32,7,False,False,False,Desi Bytes,2,General,"['rate', 'high', 'quantity']"
Mazzo - Marriott Executive Apartments,Robin Mukesh,awesome experience from the beginning amit and the manager was too customer centric they had a private party ongoing and they still took care of us very well my kid was feeling cold so they bought a shovel that was too kind zomato gold was accepted without any issues ordered long island ice tea which was perfectly mixed and margarita was awesome they served the buffet on the table while we were having our drinks they checked with us every 20 minutes to make sure we had a good time and tasty food lastly they bought a cake for my wife to celebrate her birthday definitely going to recommend this place for perfect and tasty food thank you amit and the manager on duty,5,"19 Reviews , 7 Followers",2019-01-13 01:56:00,2019,671,124,False,False,False,Mazzo - Marriott Executive Apartments,5,Dessert,"['manager', 'tasty', 'awesome']"
Asian Meal Box,Smart Sriram,i like the food here especially the combos like ghobi manchurian and fried ricei always prefer this combothanks for serving the good food,5,3 Reviews,2019-02-15 15:27:00,2019,137,23,False,False,False,Asian Meal Box,5,General,"['combos', 'like', 'manchurian']"
AB's - Absolute Barbecues,Sindhu Dimple,we had mrbahadur serving us he was very courteous service was top class it was my bday very impromptu they brought in the cake made my day even better taste was asusual excellent,5,"2 Reviews , 11 Followers",2019-05-22 13:55:00,2019,178,33,False,False,False,AB's - Absolute Barbecues,5,Steakhouse,"['brought', 'cake', 'courteous']"
Domino's Pizza,Ankur Sharma,pathetic service food arrived in 2 hours cold and no apology from the restaurant very bad customer care service from zomato and dominoes,1,"1 Review , 1 Follower",2019-05-15 22:41:00,2019,136,23,False,False,False,Domino's Pizza,1,Italian,"['arrived', 'hours', 'care']"
Hotel Zara Hi-Fi,Gagan Sethi,i ordered 1 plate noodles 1 plate manchurian from which noodles taste was very bad so i recommend that not order noodles from this restaurant,2,1 Review,2019-05-02 16:21:00,2019,141,25,False,False,False,Hotel Zara Hi-Fi,2,Chinese,"['noodles', 'plate', 'manchurian']"
GD's,Saheb Mondal,it was typical gds hot dog fresh chicken and perfect blend of all sauces and seasonings goes very well with a frisat night party you will surely love it,4,"15 Reviews , 2 Followers",2018-10-06 23:45:00,2018,152,29,False,False,False,GD's,4,General,"['typical', 'goes', 'sauces']"
Club Rogue,Ishita Narain,good crowd and ambiance pre booking of table is highly recommended if you dont have plans of just drinking and dancing the floor is big enough though the crowd outnumbers the capacity of it great place for a crazy weekend party,4,"96 Reviews , 353 Followers",2019-03-10 21:36:00,2019,227,41,False,False,False,Club Rogue,4,General,"['crowd', 'booking', 'crazy']"
Mazzo - Marriott Executive Apartments,Abhishek And Moumita Ghosh,too goodfood taste is really awesometaste was really awesomeamitone of the cooks was really nicereally enjoyedwent to celebrate 11 years of togethernessthanks marriottwill come again,5,"76 Reviews , 1411 Followers",2019-03-09 21:38:00,2019,182,25,False,False,False,Mazzo - Marriott Executive Apartments,5,General,"['really', 'years', 'come']"
Kritunga Restaurant,Manisha Challagonda,i have ordered khema biryani and chicken roast both of them were not good khema biryani was too bad i have visited kondapur branch many times and i liked the food but this time i had a very bad experience,2,3 Reviews,2018-09-28 21:07:00,2018,204,40,False,False,False,Kritunga Restaurant,2,Indian,"['bad', 'biryani', 'branch']"
B-Dubs,Vara Prasad,really awesome service by ranjit and santhosh ther make our visit so amazing we are welcomed by beautiful host anita and jenny food and drinks are so tasty specially wings with spicy garlic amazingwe enjoyed lot with gamings like tekken7 and need for speed and special thanks to captain mandeep who help us with vr gamingfinally thanks to bdubs team keep rocking,5,1 Review,2019-04-12 12:24:00,2019,362,62,False,False,False,B-Dubs,5,General,"['thanks', 'help', 'beautiful']"
Amul,Saketh Ram,the staff was very ill mannered and have no respect towards customers 6 of us went there to dine in and ordered plenty one of our friends brought butter milk from the next store and sat along with us he could have told politely that outside food was not allowed but he asked him to get out in a mannerless way we cancelled the order and walked away management has to take this seriously and take action over such behaviour or train their staff properly profits should be inversely proportional to manners and hospitality not the other way around i wouldnt suggest a visit to this place if you are not ok with this kind of treatment,1,"4 Reviews , 1 Follower",2018-08-07 01:53:00,2018,631,117,False,False,False,Amul,1,General,"['way', 'store', 'ill']"
Frio Bistro,Gokul,i absolutely love their thin crust pizzas and would definitely go there again and again the desserts were just good enough and it made the experience complete service can do with a minor improvement,5,"9 Reviews , 8 Followers",2019-04-20 20:51:00,2019,198,34,False,False,False,Frio Bistro,5,Italian,"['crust', 'pizzas', 'complete']"
Frio Bistro,Kalyan Ch,this place was on my list for a long time decided to check it out and was badly disappointed the mild mushroom soup was too bland and they dont serve a 12 of the soup you will have to order 2 soups instead the red rooster pizza just didnt have any taste to it gachibowli fried chicken was a disaster stuffed grilled chicken breast was the only face saver at this place the regular water they served had dust floating on it had to get bottled water would never go to this place again wont recommend to anyone either the prices are on the higher side and they are just not worth it,1,"9 Reviews , 2 Followers",2018-12-30 20:19:00,2018,579,113,False,False,False,Frio Bistro,1,Italian,"['water', 'soup', 'soups']"
The Indi Grill,Prakriti Priya,i would definitely recommend people to come here and have food 5 rating i would prefer good service and amazing food good work and one last thing last moments reservation they take it and that was the best thing keep up the good taste and ambience all the best,5,"18 Reviews , 15 Followers",2019-05-11 23:18:00,2019,260,49,False,False,False,The Indi Grill,5,Steakhouse,"['thing', 'best', 'prefer']"
Beyond Flavours,Mahesh Tambe,starters are very good and service is also good ahmed is very polite and helped us selecting menul which tuned out be great would like to come back again,5,1 Review,2019-05-08 21:58:00,2019,153,29,False,False,False,Beyond Flavours,5,General,"['helped', 'come', 'polite']"
NorFest - The Dhaba,Suchata Biswas,food is the usp all i tasted there was great but my favourite is the punjabi butter chicken with bone such aroma n taste m salivating while writing even the only thing is i feel its a little burn in the pocket,4,"59 Reviews , 226 Followers",2018-09-26 22:26:00,2018,209,42,False,False,False,NorFest - The Dhaba,4,General,"['aroma', 'punjabi', 'favourite']"
Dine O China,Varun Budde,amazing food quality and taste were both top notch staff were friendly seating was very comfortable ambience was good all in all i had an excellent outing,5,"7 Reviews , 2 Followers",2019-01-24 16:29:00,2019,154,27,False,False,False,Dine O China,5,General,"['comfortable', 'seating', 'excellent']"
Domino's Pizza,Syed Aaquib,the delivery was faster than expected i couldnt believe i got a call just 5 minutes after i placed the order and the guy was at the doorstep,5,2 Reviews,2018-10-11 14:26:00,2018,140,28,False,False,False,Domino's Pizza,5,Italian,"['believe', 'placed', 'minutes']"
Mustang Terrace Lounge,Pratipurna Panda,boy oh boy the prepossessing set up of rooftop the ambience the beautiful music the feeling yes the feeling we got in this place so we just planned out of the blue to go to a place mustang was on the way and we stopped there since it was a weekday we got the top most seating yeah they have 3 levels of seating and even the music was not too loud addition to this coincidentally it was an almost full moon everything was set for yeh raatein yeh mausam no nadi ka keenara but there was chanchal hawa too dramatic i know anyway so we had the topmost seating and had this amazing unobstructed view of the clean dark sky with an almost full moon could see the road stretched alongside with redlamps of cars dont exactly remember the name of the cocktail but i think it was wallbanger and it will get you to bang the wall didnt have food so cant comment but from other tables it was smelling delicious a bit heavy on the pockets but for the view it provides worth it so if its all so good y one star less here goes the answer all was well until we were about to head out and i decided to go to the little girls room and guess what i got locked from outside though after i knocked on the door 34 times they did open it but how much ever i spent on the cocktails was drained out with my conscious mind shaking me up with the realization that i was locked message for the management please have at least one staff in the restrooms till you shut down to avoid these kind of issues plzzzz,4,"47 Reviews , 145 Followers",2019-02-13 00:45:00,2019,1478,292,False,False,False,Mustang Terrace Lounge,4,General,"['seating', 'boy', 'feeling']"
The Fisherman's Wharf,Anjali Lal,the best place in hyderabad ambience is par class food is nice and service is always nice i love the live music too i love love love it crowd is managed well,5,"4 Reviews , 1 Follower",2019-05-05 13:19:00,2019,157,32,False,False,False,The Fisherman's Wharf,5,Seafood,"['love', 'nice', 'crowd']"
Pista House,Amit Dang,absolutely overhyped place substandard biryani and kababs totally dry and tasteless no dress code for waiters hardly any waiters anyway pathetic service i guess each and every place in hyderabad which is being talked about be it pista house or paradise are totally over hyped,2,"14 Reviews , 219 Followers",2019-03-08 14:59:00,2019,275,45,False,False,False,Pista House,2,Indian,"['waiters', 'totally', 'pista']"
Shah Ghouse Hotel & Restaurant,Anu Radha Boddapu,shah ghouse is a best place for hyderabad biryani their quality and quantity are really satisfied they have all the branches with same taste,5,"2 Reviews , 1 Follower",2019-05-10 08:31:00,2019,140,24,False,False,False,Shah Ghouse Hotel & Restaurant,5,Indian,"['ghouse', 'shah', 'satisfied']"
Prism Club & Kitchen,Mili Kalita,a huge placejust loved the ambiencethe livelihoodthe decora great place to enjoyonly disappointment was the music food was awesome service was tremendous and the server deepak was really helpful and active loved it double thumbs up thank you,5,"1 Review , 37 Followers",2019-03-04 23:28:00,2019,241,38,False,False,False,Prism Club & Kitchen,5,General,"['loved', 'double', 'server']"
The Tilt Bar Republic,Sarika,we went during lunch time its a good place drinks are nice they have offers for lunch too the seating is nice booking a table is better when going for lunch because its crowded usually,4,"34 Reviews , 12 Followers",2019-04-15 12:21:00,2019,184,35,False,False,False,The Tilt Bar Republic,4,Bar,"['lunch', 'booking', 'nice']"
Pot Pourri,Saketh Goundagouni,i was there with my friends yesterday for dinner we were served by papu he did great service we ordered all south indian dishes each of them were tasty,4,"4 Reviews , 2 Followers",2019-01-11 10:37:00,2019,151,29,False,False,False,Pot Pourri,4,Indian,"['yesterday', 'south', 'did']"
Beyond Flavours,Tony,we had our farewell feast here recently enjoyed very well very good management so does the boys who gave complimentary food and made us more happy food was perfect desserts starters was wonderful,5,"8 Reviews , 25 Followers",2019-05-21 05:43:00,2019,195,33,False,False,False,Beyond Flavours,5,Dessert,"['complimentary', 'recently', 'does']"
Mazzo - Marriott Executive Apartments,Satabdi Mohanty,we had dinner here on new years evethe servers here are just wonderful we sat on the pool front patio and enjoyed the view with our delicious wine and dinner must try,5,"1 Review , 14 Followers",2019-02-17 18:43:00,2019,166,32,False,False,False,Mazzo - Marriott Executive Apartments,5,General,"['dinner', 'servers', 'pool']"
Dunkin' Donuts,Adheeth Hundi,have been there couple of times 1 great ambience and a nice place to hangout with friends spacious and well arranged 2 staff are well managed and kind 3 i had caramel and chocolate donuts veg burger taste was awesome overall a nice place to spend time with friends over a coffee and a donut,4,"7 Reviews , 12 Followers",2018-09-17 12:16:00,2018,290,55,False,False,False,Dunkin' Donuts,4,Cafe,"['friends', 'caramel', 'nice']"
Cream Stone,Ritika Arora,had the best of icreams at creamstone we went there around 2 in the morning they have different flavours to pic from we had alfanso fruit exotica and ferrero rocher exquisite desserts with unique taste i loved the alphanso they chopped these mangos over the yummy icecream highly recommended,4,"33 Reviews , 24 Followers",2019-04-21 13:09:00,2019,291,49,False,False,False,Cream Stone,4,Dessert,"['icecream', 'unique', 'fruit']"
Biryanis And More,Praveen Kumar,good place to dine with family and friends they have great chefs food was very tasty and service was also good especially all chicken items are good,5,"3 Reviews , 8 Followers",2018-12-27 15:19:00,2018,148,27,False,False,False,Biryanis And More,5,Indian,"['dine', 'good', 'especially']"
Karachi Cafe,Aman Agarwal,nice place to go for a casual snacks and smoothies rate is slightly higher but the food quality is okay dinning space is very good one can seat outside watch the road and enjoy the food as well,3,"35 Reviews , 27 Followers",2018-10-11 18:25:00,2018,193,38,False,False,False,Karachi Cafe,3,Cafe,"['casual', 'slightly', 'snacks']"
Biryanis And More,Sandeep Sandy,the taste was not yet goodits was too oil in biryani and while we are asking to the manager he said that it was gheeno proper response from them,1,"3 Reviews , 1 Follower",2019-03-09 20:40:00,2019,144,29,False,False,False,Biryanis And More,1,Indian,"['response', 'asking', 'proper']"
Jonathan's Kitchen - Holiday Inn Express & Suites,Dilesh Bibhar,attractive restaurant gd service staff and delicious food and drinkthe restaurants was very bg even on wednesday evng and are getting always gd signits really impressivethere was two boysnamely surendra and rupesh was too gd i feel for this industrygod bless them for there bright life regard dileswar,5,1 Review,2019-03-20 07:01:00,2019,301,48,False,False,False,Jonathan's Kitchen - Holiday Inn Express & Suites,5,General,"['life', 'getting', 'restaurants']"
Hotel Zara Hi-Fi,Kolluri Rajendra Prasad,quality is decreasing exponentially i request you to please dont order food here why because my health got damaged very badly after eating food here,1,1 Review,2019-02-16 19:03:00,2019,148,25,False,False,False,Hotel Zara Hi-Fi,1,General,"['request', 'eating', 'got']"
Squeeze @ The Lime,Shankar Anappindi,this place is for those who love the aromas of lemon grassyou get to taste the shoots of it in their dishes too i visited this place for about 6 times with family friends colleagues reunions every time i happened to have a variety to tasteespecially the soup and the platter is colourfulthe starters in fact to be preciselike the death by chocolate in icecreams their specialty is death by startersthey are just enough for your craving muscles blends of buds the hospitality is a near very good and courtesy is the topping on the ice my 3 cheers and 5 thumbs for this place dr shankar anappindi 9849669966,5,1 Review,2018-10-05 17:17:00,2018,605,109,False,False,False,Squeeze @ The Lime,5,General,"['fact', 'happened', 'craving']"
Biryanis And More,Venkat Reddy S,not good they are using to much oil in biryani it was very good three months back now biryani is too bad and starts and tandur is good test,1,"1 Review , 17 Followers",2018-07-18 23:17:00,2018,139,29,False,False,False,Biryanis And More,1,Indian,"['biryani', 'oil', 'good']"
The Old Madras Baking Company,Sakshi Garg,this place is located opposite to deloitte towers with the limited seating you will find it mostly over crowded the ambiance has a vintage feel as soon as you enter i ordered paneer chilli pizza peach iced teachilly cheese tpast and pink sauce pastaall of them were okayish pizza was perfect indian pizza tasted like panner chilly gravy on pizza base and pasta also had a very desi taste to it they put carrots in pasta which didnt go well at alli only like the chilly cheese toast which were toasted to perfection price35 food35 service35 ambiance35,3,"93 Reviews , 156 Followers",2019-03-27 14:51:00,2019,550,97,False,False,False,The Old Madras Baking Company,3,Italian,"['pizza', 'chilly', 'pasta']"
Deli 9 Bistro,Kanak Mishra,despite having a prior booking they made us sit in the last where the ac wasnt sufficient the management was too ignorant said the same thing multiple times all to deaf ears theres nothing that was too good about it the food was below average and too pricy for the portion and taste they serve wont recommend,1,"1 Review , 4 Followers",2019-04-27 16:18:00,2019,308,57,False,False,False,Deli 9 Bistro,1,General,"['booking', 'despite', 'theres']"
Green Bawarchi Restaurant,Aman Ansari,thanks to the people from completing the order i was so hungry the person who brought the item was very kind and the delivery was quick is well,5,"1 Review , 1 Follower",2018-10-27 16:36:00,2018,143,28,False,False,False,Green Bawarchi Restaurant,5,General,"['brought', 'hungry', 'item']"
Cream Stone,Atul Kumar Sinha,though busy but an awesome place to hang out grab some delicious combinations of chocolate nutty icecreams shakes waffles and you could probably have the best icecreams to satisfy your cravings,4,"3 Reviews , 6 Followers",2019-02-10 08:47:00,2019,193,31,False,False,False,Cream Stone,4,General,"['waffles', 'cravings', 'shakes']"
Zing's Northeast Kitchen,Tanmayee G,terrible food deeply dissatisfied ramen is just fancy looking maggiliterally which is totally off no sticky rice or special authentic sauces very sad to see such low standards of food nowhere near authentic pan asian food,1,"4 Reviews , 2 Followers",2019-03-13 23:06:00,2019,221,36,False,False,False,Zing's Northeast Kitchen,1,Japanese,"['authentic', 'terrible', 'standards']"
Diners Pavilion,Suraj Soni,this was a visit to this place after a long time againthey literally surprised us this time a lot of improvement in the service due to change in staff and management food quality was also quite improved ambience is as earlier a good one must visit again for sure soon,5,"11 Reviews , 3 Followers",2019-03-09 22:26:00,2019,267,50,False,False,False,Diners Pavilion,5,General,"['surprised', 'earlier', 'visit']"
Pakwaan Grand,Venkat Reddy,in name of offer on uber eats this restaurant is cheating with customers using third class quality rice for biryani and no meat at all in mutton biryani not even single piece atleast rice should be good that also full masala and full oily will complain to food inspection officials of ghmc customers will get diseases by eating such kind of full masala biryani and low quality rice,1,1 Review,2018-10-05 16:55:00,2018,381,68,False,False,False,Pakwaan Grand,1,Indian,"['rice', 'biryani', 'customers']"
Zega - Sheraton Hyderabad Hotel,Floyd De Mello,a very modern restaurant with excellent ambience service food and music they take hospitality to the next level by treating every customer like a king no restaurant even comes close to this nothing to complaint really so 5 stars to them,5,"16 Reviews , 120 Followers",2018-04-22 18:22:00,2018,236,41,False,False,False,Zega - Sheraton Hyderabad Hotel,5,General,"['restaurant', 'level', 'close']"
Over The Moon Brew Company,Devina Mohan,ambience of the place is amazing with good music they have three types of seating arrangements inside lobby and open space all options are good book the place in advance to avoid any hassle as the place remains crowded specially during weekends hospitality of the place is also very good they serve the food nicely and even though the place was over crowded they made sure to ask about the experience of the customers apple cidar is one of the best brewed beer i have ever tasted the alcohol content is appropriate and not at all bitter must to try at this place froscher is another good brewed beer veg dimsums had great taste with stuffing of spinach corn and cheese it was served with three different kinds of dips one of the dip was spicy one had a taste of honey and last one was green chilli dipped in white vinegar chur chur with paneer bhurji with onion rings and palad is the perfect combination for all north indian food lovers though the naan wasnt chur chur it was plain naan paneer bhurji was cooked well that brings out the taste of north india the best starter was burmese parcel with sweet chilli sauce it was extremely good in taste if you are in hyderabad i will highly recommend to visit this place,4,"151 Reviews , 418 Followers",2019-04-28 10:43:00,2019,1217,224,False,False,False,Over The Moon Brew Company,4,Indian,"['place', 'taste', 'naan']"
Aromas@11SIX,Revanth Kasinavesi,this place started as a great place initially but in recent times the quality and quantity have been reduced one of their best dishes sarson ka phool is the best example of this category you need to go back to your basics else you will loose the customers slowly,3,"3 Reviews , 18 Followers",2019-01-20 21:16:00,2019,262,49,False,False,False,Aromas@11SIX,3,General,"['best', 'ka', 'started']"
Domino's Pizza,HARSHA G,the order delivered was not so satisfying because the pizza was not enough hot to catch up the taste of it hope i get it right next time when i order,3,1 Review,2019-04-21 08:37:00,2019,149,31,False,False,False,Domino's Pizza,3,Italian,"['order', 'hope', 'delivered']"
Club Rogue,Dinesh Naidu,overcrowded is the first thing that comes to my mind they have a really big place but i guess not well managed its like open for all people smoking everywhere dj was below average and the sound systems can improve overall 35 ambience 25 food 45,3,"20 Reviews , 10 Followers",2019-05-03 09:04:00,2019,244,46,False,False,False,Club Rogue,3,General,"['guess', '25', 'mind']"
American Wild Wings,Salwa Rahman,american wild wings is a very affordable place which serves quality wings located in gachibowli main road just beside creamstone it is a place to relish chicken wings i tried out their chicken nuggets chicken salad chicken fried burger and various chicken wings the sauce i loved the most was bbq chicken wings chicken nuggets were amazing as well we tried their lemonade and mango mojito they were okay but can be improved the service by mr srinivas is quick and he is very understanding ambience needs a bit of touch up here and there especially at the entrance this place is a must try for their wings and nuggets,5,"3 Reviews , 1 Follower",2019-05-14 20:48:00,2019,616,110,False,False,False,American Wild Wings,5,General,"['wings', 'chicken', 'tried']"
KFC,Sweety Roy,i frequently order frm kfc and every time i come up with happinessi just love the chicken wings of kfcfood quality is so goodfresh rice bowlz spcly love the cookies biscuiti never got delayed my order the delivery boys are trainedthank you so much for providing us such a good food,5,"2 Reviews , 1 Follower",2019-03-16 15:20:00,2019,281,51,False,False,False,KFC,5,General,"['love', 'cookies', 'kfc']"
Shah Ghouse Hotel & Restaurant,Sanjay,this is bloody disgusting i had to wait for more than 120 mins for my order and after that got a call for cancellation of the order if you cant sever the order let the customer know about it dont made him wait for a long time 120 mins of sunday is precious for me to hell with your service,1,1 Review,2019-04-07 15:14:00,2019,289,60,False,False,False,Shah Ghouse Hotel & Restaurant,1,General,"['mins', 'wait', 'order']"
Urban Asia - Kitchen & Bar,Nag Vamc,this is one of the favourite food spots in jubilee hills but this outlet they have started in gachibowli too been here with cousinchecked out menu for having different thing and ordered starter corn and cheese crudettes in smoked butter garlicit was really yummy and the best starters i had in recent times and had aamirs and gautams anda bandi fried the name itself was catchytaste was also perfectwas spicy and yummy,4,"62 Reviews , 116 Followers",2019-04-11 02:32:00,2019,418,72,False,False,False,Urban Asia - Kitchen & Bar,4,Bar,"['yummy', 'hills', 'outlet']"
The Lal Street - Bar Exchange,Devin,apparently thats their garnish oh yeah the orange peel on the plate was my drink the dustbin lol oh wait i guess maybe i never had a cocktail thats what the waiter said horrible service the guy wasnt ready to even call the manager,1,"1 Review , 1 Follower",2019-05-12 15:33:00,2019,230,44,False,False,False,The Lal Street - Bar Exchange,1,Bar,"['oh', 'thats', 'orange']"
Cascade - Radisson Hyderabad Hitec City,Aravind.kottapalli,very tasty food we had so far staff caring is good hospitality is very good me salim and naresh taken good care through out our dinner time,5,"1 Review , 1 Follower",2019-03-01 22:40:00,2019,139,27,False,False,False,Cascade - Radisson Hyderabad Hitec City,5,General,"['taken', 'far', 'good']"
KFC,Prasanthi,food taste was very differentdidnt feel that i was eating kfc chicken,1,"2 Reviews , 1 Follower",2018-08-10 17:17:00,2018,69,12,False,False,False,KFC,1,General,"['kfc', 'eating', 'feel']"
Mazzo - Marriott Executive Apartments,Surya.nandu.SN,a perfect date place to go open top pool view cool breeze and delicious food with your loved ones is a perfect combination prawns fry is at its best service is great and kind and special mention to arun who served us with patience,5,"42 Reviews , 11 Followers",2018-12-31 17:06:00,2018,230,44,False,False,False,Mazzo - Marriott Executive Apartments,5,General,"['perfect', 'pool', 'combination']"
Flechazo,Purnachandra Rao,very good taste and lot of items excellent service jayanta hasubul kusul gggggggghhhhhhhhhgggggggggggggggggggggggggggggggggggggggggggggggggg,5,"2 Reviews , 1 Follower",2019-05-04 14:54:00,2019,140,13,False,False,False,Flechazo,5,General,"['excellent', 'lot', 'items']"
Behrouz Biryani,Sainath Konapure,i dont like this biryani worst biryani not having taste its doesnt mean that biryani taste is good if they are adding almonds in biryani it should in good taste from inside on top of this biryani price is too much,1,"4 Reviews , 19 Followers",2018-11-22 11:27:00,2018,213,41,False,False,False,Behrouz Biryani,1,Indian,"['biryani', 'taste', 'doesnt']"
The Fisherman's Wharf,Diandeh Nath,great food and superb ambiencei must say i never tested so fresh prawns even in goatom yum soup is a must try in soupsthen you have a fish to choose from which will be roasted freshly for youit tinkled all our test budsa must visit place for all food lovers not only limited to sea foodi am for sure visiting again,5,"16 Reviews , 40 Followers",2019-05-02 21:30:00,2019,314,61,False,False,False,The Fisherman's Wharf,5,Seafood,"['roasted', 'sea', 'yum']"
Gal Punjab Di,Samta Phulli,everything is punjabi about this place be it food music or ambience the food would satisfy a palate craving the taste of the dhabas of punjab makki ki roti te sarson ka saag and daal makhani are a must try,4,"2 Reviews , 9 Followers",2019-01-13 17:52:00,2019,205,40,False,False,False,Gal Punjab Di,4,General,"['daal', 'ki', 'craving']"
Hyper Local,Kumarsunil Kasta,the place is within the sln mall in gachiwaliwe took the inside seatingthe ambience is petty collwe had couple of beer long island ice tea with chi 65 which is yami,5,"5 Reviews , 79 Followers",2019-04-11 16:31:00,2019,164,31,False,False,False,Hyper Local,5,General,"['sln', '65', 'tea']"
Biryanis And More,Nikith.gaddam,very less quantitynot value for the price,1,2 Reviews,2018-07-08 21:03:00,2018,41,7,False,False,False,Biryanis And More,1,Indian,"['value', 'price', 'ginger']"
Gal Punjab Di,Gayatri Tandon,if youre looking out for the perfect punjabi north indian food hit this place right now they have really amazing chicken lollipops and dahi kababs ive ordered quite a number of times from this place however not visited the restaurant yet also try out on their kadhai chicken which was superb highly recommended if youre missing the punjabi tadka here in hyderabad you may follow me simbassister on instagram,5,"66 Reviews , 84 Followers",2018-09-09 13:40:00,2018,407,69,False,False,False,Gal Punjab Di,5,Indian,"['youre', 'punjabi', 'dahi']"
Hitech Bawarchi Food Zone,Krishanu Ganguli,awful in short had gone to this place once for lunch had a terrible spicy tasteless biryanithe salan was just jal jira pudina water i guess they forgot we were having biryani and not pani puri explains the lack of customers,1,"224 Reviews , 1239 Followers",2018-07-27 11:45:00,2018,223,41,False,False,False,Hitech Bawarchi Food Zone,1,Indian,"['terrible', 'short', 'gone']"
Asian Meal Box,Sachinsablok1984,disappointed crispy baby corn is completely soggy it was also tasteless first experience is horrible along with very poor portion size it cant even be enough for 1 person,1,1 Review,2019-03-19 18:14:00,2019,170,29,False,False,False,Asian Meal Box,1,General,"['baby', 'tasteless', 'size']"
Banana Leaf Multicuisine Restaurant,Srinivas Rao,only one word to describe simply not upto the mark they will say 3 non veg starters but they will provide only 2 food and customer service could be better,2,"7 Reviews , 3 Followers",2019-01-26 16:46:00,2019,154,30,False,False,False,Banana Leaf Multicuisine Restaurant,2,General,"['provide', 'upto', 'simply']"
Driven Cafe,Abhishek Kumar Singh,this is a good place to have some quick food etc and you can find all varieties and prices are also not much overall its a good place ambience could be better but given the nature of business it looks good,4,"15 Reviews , 55 Followers",2018-08-02 20:16:00,2018,205,41,False,False,False,Driven Cafe,4,Cafe,"['looks', 'good', 'varieties']"
Royal Spicy Restaurant,Dr.Abhay Mitkare,i have ordered from here one veg biryani and one dum chicken biryani for two people both was too good we were not able to finish that much quantity value for money it is taste 55,5,"4 Reviews , 54 Followers",2018-09-08 17:28:00,2018,178,36,False,False,False,Royal Spicy Restaurant,5,Indian,"['biryani', 'finish', 'able']"
eat.fit,Sukesh,we have multiple options to have food but thinking about healthier options there are very few i would like to appreciate all your effort to provide us an option to choose heathy and hygienic food great place to order healthy and tasty food,4,"8 Reviews , 8 Followers",2019-05-05 13:45:00,2019,239,43,False,False,False,eat.fit,4,General,"['options', 'appreciate', 'healthy']"
Hyderabadi Daawat,S Muneer Hussain,excellenttaste and consistent taste this is my second time and love to go for ambience and taste especially chilo kabab and biryani also good,5,"2 Reviews , 5 Followers",2018-11-12 22:06:00,2018,141,24,False,False,False,Hyderabadi Daawat,5,Indian,"['kabab', 'second', 'taste']"
SKYHY,Rajat Soreng,whoever is a stag remember that you wont be allowed in 5th floor even though you have booked through zomatoand they recommend you to 4th floor masti sports barbad experiencei wont recommend this place to anyonestay away,1,"1 Review , 1 Follower",2018-12-01 22:02:00,2018,219,37,False,False,False,SKYHY,1,Bar,"['wont', 'floor', 'recommend']"
SKYHY,Hemachand Yadav Gogula,this place is awesome to hangout with friends i liked the dance floor and the way they serve the food and been polite with customer but food was average need to improve in that a little,3,"7 Reviews , 5 Followers",2019-05-05 17:53:00,2019,185,36,False,False,False,SKYHY,3,General,"['improve', 'dance', 'customer']"
Beyond Flavours,Mehak Malhotra,had dinner with my friends menu is perfect something for everyone service was awesome and papia was very accommodating good ambience with amazing live music will be back definitely,5,"6 Reviews , 10 Followers",2019-05-19 22:29:00,2019,180,29,False,False,False,Beyond Flavours,5,General,"['live', 'perfect', 'dinner']"
Deli 9 Bistro,Mrinali Shobhit,deli 9 bistro is one of the good find in this area for us we have been looking for a place like this near our office from quite a long and usually had to compromise with some ok places for lunch but if you are also working around this place then deli 9 bistro is a place which will serve you variety of food options with satisfied palate the ambiance of this place is pretty nice a place to have a conversation with your meal the staff is polite and friendly and very professional their menu has food almost everything mood of yours the portion size is decent and taste is also pretty good kashmiri kebab platter and thai curry rice is good to have looking forward to try more dishes and update the review,4,"100 Reviews , 277 Followers",2018-10-27 02:03:00,2018,705,135,False,False,False,Deli 9 Bistro,4,Indian,"['looking', 'place', 'pretty']"
Hunger Maggi Point,Gauri Srivastava,really bad food filled with chilli i you hate someone give it to them they will surely suffer the next day they fucked up maggie i dont know what kind of cook they have unprofessional really bad,1,"2 Reviews , 1 Follower",2019-02-17 23:05:00,2019,194,37,False,False,False,Hunger Maggi Point,1,General,"['bad', 'maggie', 'really']"
Ulavacharu,Epicure,the taste n quality of the food is awesome but its pricy ambience is ok and crowdedservice was good you would definitely not regret for the price you paid,5,"61 Reviews , 26 Followers",2019-01-13 11:33:00,2019,154,29,False,False,False,Ulavacharu,5,General,"['paid', 'ok', 'definitely']"
10 Downing Street,Sushil Kumar Gupta,really good place in gachibowli ambience is average but good place with good vibes and crowd they have their own brewed beer with taster pack available open area is good to enjoy a nice breeze and good view of the area they have a dance floor there are karaoke nights as well on weekends there might be cover charges and would suggest going in couples to avoid stag fees entry is from side in the building sln terminus lunch menus are bad food is just average here most of the gravies taste same and brown in color overall worth a visit good place to enjoy music and have fun,4,"2 Reviews , 2 Followers",2018-10-29 19:29:00,2018,575,109,False,False,False,10 Downing Street,4,General,"['good', 'area', 'enjoy']"
Pista House,Ayeshaa Syed,pista house needs no introduction their haleem has always been the talk of the town i was here for dinner with friends during ramadan to try their haleem and gorge on some mughlai delicacies they offer when i entered the place it was packed with people in queue waiting to be seated coming to the food i totally loved their malai chicken and pathar ka gosht juicy and tender their haleem was yummy too i ended up trying their bakery section and wasnt disappointed either the desserts like dry fruit kheer and mulberry cream bowl was amazing and we had party in our mouths however theres definitely room for improvement in the hospitality front and this will a big hit with families good food quantity along with great prices is a steal deal combination and would definitely be here soon,4,"106 Reviews , 690 Followers",2018-06-19 22:54:00,2018,786,140,False,False,False,Pista House,4,Dessert,"['haleem', 'definitely', 'pista']"
Mathura Vilas,Jaya Gubrele,had a great time in mathura vilas ambience is okayish staff was friendly but server presented all the starters and main course at one go which was little weird and by that time food was cold,4,"10 Reviews , 50 Followers",2018-12-30 00:57:00,2018,190,36,False,False,False,Mathura Vilas,4,General,"['okayish', 'server', 'time']"
Arena Eleven,Arpa Ghosh,i visited this place with my wife on 16 march2019 its located in sln terminus we were looking for a place to dine after our movie at platinum and we decided to give this place a try was it worth it lets find out ambiance we entered this place around 10 pm on a saturday night and this place was literally bustling with crowd they have several television screens set up at various nook and corners of the lounge and all of them played sports channel ranging from cricket to premier league football we were promptly seated at the verandah the view from there is quite something we got seated in a semi lit corner the place has a cozy feeling and good vibes liked it ratings 45 service pathetic needs a lot of improvement they took some time to produce the menu and then the waiter just didnt show up for the order for next 15 minutes atleast we ordered food and drinks the food was delayed and drinks just didt come we had to repeatedly ask the waiter to serve the drinks atleast so that we can end our boredom luckily the food came soon after the drinks were served when asked for the bill they showed a mobile shot of the bill amount taken by the cashier saying printer was faulty phew ratings 15 food did food proved to be the savior for the night read on we ordered a cranberry breezer virgin mojito and couple of pinacoladasyes we took advantage of gold membership the virgin mojito was pathetic period the pinacoladas were really good we ordered for sizzling veg tikka platter which was strictly okay well the service and food really disappointed ratings 35 value for money we shelled out 1200 bucks for food and drinks that too have taken the gold membership advantage high pricing along with lousy service and strictly average food never go hand in hand so no way its vfm ratings 155 lets calculate rating ambiance service food vfm4 2375 final thoughts this place has all the potential to be nice a sports bar and i feel that their service and food really needs improvement,2,"32 Reviews , 70 Followers",2019-03-23 18:07:00,2019,1979,363,False,False,False,Arena Eleven,2,Bar,"['ratings', 'drinks', 'food']"
Komatose - Holiday Inn Express & Suites,Shobhit Sinha,this place is love its your everyday bar this place not just welcomes regular customers but make the leave a mark literally youll find name plates of its regular customers all over the bar and their bartenders absolutely know how to keep the customers happy this is one place where you will find more people sitting at the bar rather than the regular seating arrangement it has sonu being their star bartender youll find almost everyone calling him out for their drinks and he absolutely takes care of all his regulars with a smile we usually order a whiskey sour and sangria being our absolute favorite accompanied by crispy corn and their signature pizza which is baked fresh out of their jonathans kitchen if youre a party animal youll find this place a hit on thursdays where they take their ladies night very seriously all drinks on the house id absolutely recommend this place if youre looking for your next regular bar as the saying goes you should always be a regular for more than one bar and this should absolutely be on your list,5,"20 Reviews , 16 Followers",2018-09-21 23:09:00,2018,1040,185,False,False,False,Komatose - Holiday Inn Express & Suites,5,Italian,"['regular', 'bar', 'absolutely']"
Cafe Eclat,Sharon,i love their bakes cakes cupcakes croissants gelato and everything their cheesecake is heavenly especially with the in housemade tart strawberry sauce on top special kudos to the lemon cupcakes ive never ordered anything savoury from them because of poor impulse control,5,"20 Reviews , 81 Followers",2018-11-20 21:36:00,2018,270,42,False,False,False,Cafe Eclat,5,Cafe,"['cupcakes', 'cheesecake', 'kudos']"
Eat India Company,Varun MotawalA,pathetic a group of 20 people from work visited this place we didnt have great expectations at the same time we didnt foresee a terrible experience that it eventually would turn out to be half of us were seated close to the glass facing the gachibowli road thanks to their incredible maintenance the ac was so poor we were all sweating profusely we werent served starters for atleast 40 minutes the choice of plates and their maintenance is extremely poor to say the least the food starters main course desserts tasted so bad that most of us were content just eating curd and ice cream we will never be going back to this place,1,"25 Reviews , 7 Followers",2018-09-13 01:16:00,2018,627,114,False,False,False,Eat India Company,1,Dessert,"['poor', 'didnt', 'starters']"
The Old Madras Baking Company,Deepti Sirdesai,i really like this place it has an old world charm the bakery products are up to the mark and i would recommend their victorian cream cake with raspberries i love tea cakes and throughly enjoyed it it also has really nice cold coffee and soup,4,"1 Review , 149 Followers",2019-04-14 18:36:00,2019,242,46,False,False,False,The Old Madras Baking Company,4,Cafe,"['world', 'really', 'tea']"
T Grill,Gopinath Mamidi,good out door sitting restaurant to spend some pleasent evening time visited this place which to close to outer ring road and nankaramguda it offices its a quite and less crowded to have andhra style spicy food we ordered babycorn manchuria chicken lollipop and chicken biryani food was bit spicy but manageable and good chicken was well cooked and tasty quantity was bit less when compared to its price range and its compititers but still it can be miantained well quality 45 quantity35 price range 355 5 means its costly service35 taste45 ambiance45 for outdoor sitting,4,"93 Reviews , 198 Followers",2019-04-25 16:52:00,2019,571,96,False,False,False,T Grill,4,Indian,"['range', 'sitting', 'spicy']"
Frio Bistro,Geeta37,455 just wow ambience is pretty cool loved the food we ordered frio signature chicken wings and bruschetta for starters pork ribs and pan seared fish for main course and of course tiramisu for dessert havent expected to have an yummy delicious tiramisu your palate thanks you for having such a delicious food definitely would recommend however i felt bruschetta taste was overpowered by olives which are not supposed to be in,4,"12 Reviews , 2 Followers",2019-02-06 23:44:00,2019,425,72,False,False,False,Frio Bistro,4,Seafood,"['course', 'delicious', 'ribs']"
Shree Santosh Dhaba Family Restaurant,Abhilash,i have to wait for so much time,2,"2 Reviews , 1 Follower",2018-07-15 15:52:00,2018,31,8,False,False,False,Shree Santosh Dhaba Family Restaurant,2,General,"['wait', 'time', 'given']"
13 Dhaba,Kota Srinidhireddy,one of the best dhabas located in the centre of the citymust try for all the punjabi food lovers the taste of parathas mouth watering and they have the best lassi best one service is also quick to the amount of crowd they handleswaadist bojan kao paett ka pooja karo,4,"57 Reviews , 314 Followers",2018-12-07 00:21:00,2018,266,50,False,False,False,13 Dhaba,4,General,"['best', 'watering', 'parathas']"
Labonel,Shilpa Prusty,i ordered a pack of combo cupcakes of vanilla chocolate and red velvetnone were upto the marki was attracted towards it good reviews and wanted to give it a shot but none of the cupcakes were soft the icing on top tasted only sugar and the cream was stalethe cake was not spongy at alli really dont understand how it has such high rating heretotal waste of moneymy first and last visit today,1,"70 Reviews , 169 Followers",2018-11-17 21:00:00,2018,391,73,False,False,False,Labonel,1,Dessert,"['cupcakes', 'sugar', 'pack']"
Hyderabadi Daawat,Siva Kanagaraj,ordered chicken biriyani after 230 pm this was on time arrival by zomato piping hot with blend of masala and rice raitha is not watery like others it was good and will try again,5,"19 Reviews , 6 Followers",2018-12-30 15:57:00,2018,177,34,False,False,False,Hyderabadi Daawat,5,General,"['pm', 'biriyani', 'masala']"
Marsala Food Company,Tania Sahu(Mrsfoodieglobetrotter),went there for dinner tried chicken mandi and double ka meetha quantity of mandi was good for two double ka meetha was average ambience and service was ok but could have given 4 stars if the ac could have been a little high and service a little fast i also feel they should also take care of the taste of dishes as there are so many good competitors around atoneplaceonlinecom,3,"85 Reviews , 191 Followers",2019-03-17 23:37:00,2019,376,70,False,False,False,Marsala Food Company,3,General,"['double', 'ka', 'mandi']"
Dunkin' Donuts,Gopalakrishnan Krishnanand,had naughty lucy veg burger meal alive by chocolate lychee litchi donuts and filter coffee dunkin style the burger was cheesy and tasted good the donuts were excellent especially the center lychee filling in the lychee litchi donut the coffee had a hint of caramel and is worth a try in all would have rated it at 35 as ac was not functional but will go with 4 for donuts,4,"40 Reviews , 78 Followers",2018-08-04 18:40:00,2018,371,70,False,False,False,Dunkin' Donuts,4,Cafe,"['donuts', 'coffee', 'burger']"
Amul,Varun Verma,delivered only 4 ice cream,1,"3 Reviews , 8 Followers",2018-07-27 01:53:00,2018,26,5,False,False,False,Amul,1,Dessert,"['delivered', 'ice', 'cream']"
Yum Yum Tree - The Arabian Food Court,Amit Jagdale,not worth the hype created the service is not worth the cost many dishes from the menu was not available saying were not serving indian food when ordered cold drink they gave 500ml bottle and paper cup for a restaurant of this level you expect proper glasses for drinks the taste was okay but the rice quality was not what i get in paradise or other biryani place my first mandi experience in hyderabad was not good,2,"1 Review , 10 Followers",2018-09-21 19:47:00,2018,415,77,False,False,False,Yum Yum Tree - The Arabian Food Court,2,Indian,"['worth', 'cup', 'paradise']"
Marsala Food Company,Vishnu S,on weekend we were in search of restaurant to have hyderabadi dum biryani as we entered out of office we found number of restaurantsall were busy we found this restaurant in the third floor and thought of visiting this place becoz it is third floor and will not be much crowded but surprisingly people where waiting for seats we ordered for chicken kebabs for starter which was perfectly cooked with awesome taste and after that we ordered chicken biryani which was came up with nice quality and superb taste with good enough quantity by the seeing the price of biryani we got shocked and after looking at the biryani quantity surprised serious it was good quantity for the price after a gap of two weeks we again visited the place have al mandi and we order for grilled chicken mandi which of average taste,4,"69 Reviews , 178 Followers",2019-03-12 19:34:00,2019,807,144,False,False,False,Marsala Food Company,4,Indian,"['biryani', 'quantity', 'mandi']"
La La Land - Bar & Kitchen,Yash Barmecha,it is a good place to go the ambience can be better the food is above average and the service is fast it can be better by improving the ambience,4,"91 Reviews , 126 Followers",2019-01-03 21:46:00,2019,144,30,False,False,False,La La Land - Bar & Kitchen,4,Bar,"['better', 'fast', 'ambience']"
AB's - Absolute Barbecues,Ranjith Kumar Akinapelli,excellent service by shantanu situ excellent food its a great experience all together thank you abs looking forward to see visit again,5,"2 Reviews , 36 Followers",2019-05-12 21:23:00,2019,134,22,False,False,False,AB's - Absolute Barbecues,5,Steakhouse,"['excellent', 'forward', 'thank']"
Tiki Shack,Aditya SAlunkhe,overrated i dont know why stag entry is not allowed there no crowd okay okay ambience service is slow and if you are using zomato gold they will say that they dont have kingfisher premium kingfisher ultra and draught beer,3,"17 Reviews , 71 Followers",2019-05-08 20:21:00,2019,221,40,False,False,False,Tiki Shack,3,Seafood,"['okay', 'dont', 'entry']"
Royal Spicy Restaurant,Shikha Khandelwal,the food was far more spicy than what was mentioned in the instructions for the restaurant it was ordered for a person having mouth ulcers and he is on his way to hospital due to restaurant negligence worst service by the restaurant,1,"2 Reviews , 1 Follower",2019-04-21 02:34:00,2019,232,42,False,False,False,Royal Spicy Restaurant,1,General,"['restaurant', 'mentioned', 'far']"
Urban Asia - Kitchen & Bar,Ankit Jain,a must visit place for their exquisite asian cuisine not just for the dishes they offer but also for the authentic taste of those dishes the ambience is so appropriate to aggrevate your hunger and salivate your mouth one does start feeling the aura of fine dine for which the crockery and cutlery is the first noticable example we ordered vegetable chilli sticks salt and pepper chicken as starters vegetable chilli sticks 1st pic is a must for all vegetarians here if felt really satiating having tasted one of the best chinese dish i ever ordered 55 salt and pepper chicken was good as told by my accompanying friend i found the texture good he rates it 45 for main course we ordered chilli garlic soft noodles and button mushroom and diced babycorn in oyster sauce gravy dish chilly garlic noodles were cooked with finesse with perfect combination of spices and flavour of veggies very balanced a must to mention is the quantity served it can be shared by 3 people 455 button mushroom diced babycorn in oysters sause this dish is basically fried mushroom and babycorns tossed in oyster sauce that is medium spicy it blended so perfectly with the spicy noodles 45 i also ordered virgin mojito which comprised of ice and only ice and they charged 160 bucks for that 25 final verdict authentic asian food with great ambeicne with zomato gold it makes it really worth giving it not just one try but visit here frequently,4,"138 Reviews , 821 Followers",2018-08-13 01:47:00,2018,1419,250,False,False,False,Urban Asia - Kitchen & Bar,4,Chinese,"['mushroom', 'chilli', 'noodles']"
Cream Stone,Infitree Tech,one of my favourite cream stone loved the taste with brownie chocovala i was completely satisfied with the chocovala i will suggest this to my friends they can also enjoy this same feeling,5,4 Reviews,2019-02-09 21:27:00,2019,188,33,False,False,False,Cream Stone,5,General,"['stone', 'feeling', 'completely']"
B-Dubs,Ganeshporika59,came to bdubs for the ipl final and we really felt like we were in a stadium and the commetry was well played by playing songs in the breaks and the service was really awesome by prabhu and praveenthnku guys,5,1 Review,2019-05-12 22:53:00,2019,207,40,False,False,False,B-Dubs,5,General,"['playing', 'ipl', 'songs']"
Dine O China,Ch Srinivas Rao,american choupsey gravy was a bit sweet then it has to be,3,"4 Reviews , 1 Follower",2018-06-23 16:24:00,2018,57,12,False,False,False,Dine O China,3,General,"['american', 'gravy', 'sweet']"
Tiki Shack,Sai Venkatesh,nice place good ambience crows is ok heard jubliee hills branch is better than this but a nice place to go and hangout surely recommended,4,"4 Reviews , 2 Followers",2019-04-29 16:44:00,2019,137,25,False,False,False,Tiki Shack,4,General,"['hills', 'nice', 'branch']"
eat.fit,Priyank Sharma,order no 1127326452 ordered rajma rice and what i received cold and badly smelly rotten food completely disappointed and zomato is not even helpful to resolve it,4,"4 Reviews , 52 Followers",2019-05-19 22:37:00,2019,161,27,False,False,False,eat.fit,4,General,"['completely', 'received', 'helpful']"
Cafe Eclat,Mula Renuka,this is one of my regular hangout place its a small and cosy place the ambience is decent and it has a see through kitchen the food served here is very hygienic you get to choose from a variety of options the vegetarian options are limited though i have tried their pasta pizza hummus coffee hot chocolate cup cakes gelatos and soup the taste of every item is good the food looks very appetizing and tastes delicious if you are searching for some cafe in gachibowli then do visit this place,4,"6 Reviews , 6 Followers",2019-04-20 20:56:00,2019,490,91,False,False,False,Cafe Eclat,4,Italian,"['options', 'cup', 'place']"
Frio Bistro,Arindam,somedays its decent but somedays its so not good yesterday we ordered fish paella and the rice was tasteless just dipped in chilli water i love spicy food but not like this we also ordered lamb bolognese and for both dishes it looks like they recycled the same generic masala mixture it was so pungent,2,"9 Reviews , 2 Followers",2018-12-07 14:24:00,2018,301,55,False,False,False,Frio Bistro,2,Seafood,"['like', 'lamb', 'yesterday']"
eat.fit,Mona,have ordered from here multiple times but today the food wasnt up to standards ordered chefs special combo for 2 the salad and raita smelled bad werent fresh had to throw them away you folks have made a name stick to its standards,2,"3 Reviews , 4 Followers",2019-03-28 14:12:00,2019,230,43,False,False,False,eat.fit,2,General,"['standards', 'werent', 'raita']"
